fen,result
"r2qkb1r/1bppppp1/1pn2n2/p6p/7P/BPN2NP1/P1PPPP2/R2QKB1R w KQkq - 1 7",1.0
"r2qkb1r/1b1pppp1/1p3n2/p1p3Np/1n5P/BPN3P1/P1PPPP2/R2QKBR1 w Qkq - 0 9",1.0
"r2qkb1r/3pppp1/1pn2n2/p1p3Np/7P/BPN3P1/P1PPPPR1/R2QK3 w Qkq - 1 11",1.0
"r2qkb1r/3p1p2/1pn2np1/pNp1p1Np/7P/1P4P1/PBPPPPR1/R2QK3 w Qkq - 0 13",1.0
"r2qk2r/3pbp2/1pn3p1/p1p1p1Np/P5nP/1PN3P1/1BPPPPR1/R2QK3 w Qkq - 3 15",1.0
"r2q1rk1/4bp2/1pn3p1/p1ppp1Np/P5nP/1PN3P1/1BPPPPR1/R2QK3 w Q - 2 17",1.0
"r2q1rk1/5p2/1pn3p1/p1p1p1Pp/P2p2n1/1PN2PP1/1BPPP1R1/R2QK3 w Q - 0 19",1.0
"r4rk1/5p2/1pn3p1/pNp1p2p/P2p2q1/1P4P1/1BPPP1R1/R2QK3 w Q - 0 21",1.0
"3r1rk1/5p2/1pn3p1/p1p1p3/P1Np2qp/1P4P1/1BPPP1R1/R2QK3 w Q - 0 23",1.0
"3r1rk1/5p2/1pn3p1/p1p1p3/P1Npq3/1P2P1Pp/1BPP4/R2QK1R1 w Q - 0 25",1.0
"3r1rk1/5p2/1pn3p1/p1p1p3/P1Np4/1P1PP1P1/1BP3qp/R2QKR2 w Q - 2 27",1.0
"3r1rk1/5p2/1p4p1/p1p1Nq2/P7/1P1PQ3/2PK4/R7 w - - 1 35",1.0
"3r1r2/4Npk1/1p3qp1/p1p5/P7/1P1PQ3/2PK4/R7 w - - 5 37",1.0
"3r1r2/4Np2/1p3q1k/p1p3p1/P7/1P1PQ3/2PK4/6R1 w - - 2 39",1.0
"3r1r2/4Npk1/1p3q2/p1p4R/P5p1/1P1PQ3/2PK4/8 w - - 0 41",1.0
"3r1r2/5pk1/1p3q1N/p1p4R/P5p1/1P1PQ3/2PK4/8 w - - 4 43",1.0
"4r3/5p1Q/1p3k2/p1p4R/P4q2/1P2N3/2PK4/8 w - - 5 49",1.0
"4r3/5pk1/1p6/p1p2Q2/P7/1P2N3/2PK4/8 w - - 1 51",1.0
"r1bqkb1r/2pppppp/np3n2/p2P4/3Q4/P1N2N2/1PP1PPPP/R1B1KB1R w KQkq - 0 7",0.5
"r1b2bkr/3pp1pp/1Bp5/1p6/4n3/P4N2/1PP1PPPP/R3KB1R w KQ - 3 15",0.5
"r1b3kr/6pp/1B1pp3/1pp5/1b2n2P/P2N4/1PP1PPP1/R2K1B1R w - - 0 19",0.5
"2b3kr/6pp/3pp3/rp6/2p4P/P2N1Pn1/1PP1P1P1/R1K2BR1 w - - 0 23",0.5
"2b3kr/6pp/3p4/rp2pn1P/1Np5/P4P2/1PP1P1P1/R1K2BR1 w - - 0 25",0.5
"6kr/r5pp/3pb3/1p1Npn1P/2p1P3/P4P2/1PP3P1/R1K2BR1 w - - 1 27",0.5
"6kr/5rpp/3pb3/1p1Np2P/2pnP1P1/P4PR1/1PP5/R1K2B2 w - - 3 29",0.5
"6kr/r5pp/2npb3/1p2p2P/2p1P1P1/P4PR1/1PP1N3/R1K2B2 w - - 7 31",0.5
"6kr/5rpp/2npb3/1p5P/2p1PNP1/P5R1/1PP5/R1K2B2 w - - 1 33",0.5
"6kr/5rpp/2np4/1p5b/2p1PN2/P7/1PP2R2/R1K2B2 w - - 0 35",0.5
"7r/7p/2Ppk3/8/4Pp2/8/1PP5/R1K5 w - - 1 41",0.5
"8/2r4p/3pk3/8/1P2Pp2/8/2P5/R1K5 w - - 0 43",0.5
"8/2r4p/1P1pk3/8/4P3/8/2P2p2/R1K5 w - - 0 45",0.5
"8/7p/1r1pk3/8/4P3/4K3/2P2p2/R7 w - - 0 47",0.5
"8/8/3pk3/r6p/2P1P3/3K4/5R2/8 w - - 1 51",0.5
"8/8/3pk3/r6p/2PKP3/8/6R1/8 w - - 9 55",0.5
"8/6R1/2kp4/r6p/2PKP3/8/8/8 w - - 13 57",0.5
"8/7R/2kp4/7p/2PKP3/8/7r/8 w - - 17 59",0.5
"8/2k5/R2p4/8/2PKP2p/8/7r/8 w - - 2 61",0.5
"8/2k5/R7/4P3/3K4/8/2r4p/8 w - - 0 65",0.5
"8/4r3/8/1k6/5K2/8/2R5/8 w - - 2 73",0.5
"8/4r3/8/1k6/5K2/8/2R5/8 w - - 6 75",0.5
"8/4r3/8/1k6/5K2/8/2R5/8 w - - 10 77",0.5
"8/4r3/8/1k6/5K2/2R5/8/8 w - - 14 79",0.5
"8/8/4r3/2k5/5K2/8/R7/8 w - - 18 81",0.5
"8/4r3/8/8/1k3K2/8/R7/8 w - - 22 83",0.5
"8/4r3/8/k7/8/5K2/2R5/8 w - - 26 85",0.5
"8/4r3/8/k7/5K2/8/1R6/8 w - - 30 87",0.5
"8/4r3/8/k7/5K2/8/1R6/8 w - - 34 89",0.5
"8/4r3/8/k7/5K2/8/1R6/8 w - - 38 91",0.5
"8/4r3/8/k7/5K2/8/1R6/8 w - - 42 93",0.5
"8/4r3/8/k7/5K2/8/1R6/8 w - - 46 95",0.5
"8/8/5K2/8/k7/8/1R6/4r3 w - - 50 97",0.5
"8/4r3/8/8/k4K2/8/1R6/8 w - - 54 99",0.5
"8/8/5K2/k7/8/4r3/1R6/8 w - - 58 101",0.5
"8/1R6/k7/5K2/8/8/4r3/8 w - - 62 103",0.5
"8/3R4/2k5/5K2/8/8/4r3/8 w - - 66 105",0.5
"8/3R4/2k5/5K2/8/8/4r3/8 w - - 70 107",0.5
"8/3R4/2k5/5K2/8/8/4r3/8 w - - 74 109",0.5
"8/3R4/2k5/5K2/8/8/4r3/8 w - - 78 111",0.5
"8/3R4/2k5/5K2/8/8/4r3/8 w - - 82 113",0.5
"8/3R4/2k5/5K2/8/8/4r3/8 w - - 86 115",0.5
"8/3R4/2k5/5K2/8/8/4r3/8 w - - 90 117",0.5
"8/3R4/2k5/5K2/8/8/4r3/8 w - - 94 119",0.5
"r1bqk2r/pppp1pp1/4pn2/1Nb4p/1nP5/3Q1N2/PP1PPPPP/R1B1KB1R w KQkq - 4 7",1.0
"r1bq1rk1/pppp1pp1/1b2pn2/1N5p/1nPP4/5N2/PP2PPPP/RQB1KB1R w KQ - 1 9",1.0
"r1bq1rk1/pp1p1pp1/1bn1pn2/1Np4p/2PP4/P4N2/1P1BPPPP/RQ2KB1R w KQ - 1 11",1.0
"r1bq1rk1/pp3pp1/2n1pn2/b1pp3p/2PP4/P1N1BN2/1P2PPPP/RQ2KB1R w KQ - 0 13",1.0
"r4rk1/pp3pp1/4b3/3np2p/8/PNP5/4PPPP/R3KB1R w KQ - 0 21",1.0
"r4rk1/pp4p1/3np3/4p2p/P7/8/4PPPP/2R1KB1R w K - 1 25",1.0
"5rk1/pp4p1/3np3/P3p2p/5r1P/8/4PPP1/2R1KB1R w K - 1 27",1.0
"6k1/pp4p1/4p3/P6p/1r3P1P/6P1/r3P1B1/4K2R w - - 1 35",1.0
"6k1/pp4p1/4p3/5r1p/1r3P1P/6P1/4PKB1/3R4 w - - 2 37",1.0
"3R4/pp4pk/4pr2/7p/1r3P1P/6PB/4PK2/8 w - - 6 39",1.0
"4R3/1p4pk/1r2pr2/p6p/5P1P/4P1PB/5K2/8 w - - 0 41",1.0
"4R3/6pk/4B1r1/pp4Pp/1r3P1P/4PK2/8/8 w - - 0 49",1.0
"6k1/6p1/4R1B1/1p4Pp/p4P1P/4P3/5K2/8 w - - 1 53",1.0
"r1bq1rk1/pppp1p1p/3bp3/4n2R/2P3n1/2N2N2/PP1PPPP1/R1BQKB2 w Q - 3 9",0.0
"r1bq1rk1/pppp3p/3bp3/4np1R/2P5/2N5/PPQPPPP1/R1B1KB2 w Q - 0 11",0.0
"r1bq1rk1/pp1p3p/2pbp3/5p1R/2PP2n1/1PN5/P1Q1PPP1/R1B1KB2 w Q - 1 13",0.0
"r1b1qrk1/ppbp3p/2p1p3/2P2pBR/3P2n1/1PN5/P1Q1PPP1/R3KB2 w Q - 3 15",0.0
"r1b1qrk1/1pb4p/2p1p3/p1Pp1pB1/P2P2n1/1PN4R/2Q1PPP1/R3KB2 w Q - 0 17",0.0
"r3qrk1/1pb4p/2p1b3/p1PpppB1/P2P2n1/1PN3PR/3QPP2/R3KB2 w Q - 2 19",0.0
"r4rk1/1pb2q1p/2p1b3/p1Pp1pB1/P2Pp1n1/1PN3PR/3QPPB1/R4K2 w - - 2 21",0.0
"r4rk1/1p5p/2p1bq2/p1Pp1p2/P2PpQn1/1PN3PR/4PPB1/R4K2 w - - 1 23",0.0
"r5k1/1p2qr1p/2p1b3/p1Pp1p2/P2PpQn1/1PN1P1PR/5PB1/R5K1 w - - 3 25",0.0
"r5k1/1p2qr1p/2p1b3/p1Pp1p2/P2P1Q2/1Pn1PBPR/8/R5K1 w - - 0 29",0.0
"r5k1/1p4rp/2p5/p1Pb1p2/P2Pp3/1P2P1P1/5R2/1R4K1 w - - 2 35",0.0
"3r2k1/1p4rp/2p1b3/p1P2p2/P2Pp3/1P2P1P1/1R4R1/6K1 w - - 6 37",0.0
"3r2k1/1p4rp/2p1b3/p1P2p2/P2Pp3/1P2P1P1/5KR1/1R6 w - - 10 39",0.0
"3r2k1/1p4rp/2p4R/2Pb1p2/PR1Pp3/4P1P1/5K2/8 w - - 3 43",0.0
"6k1/1p1r2rp/2p1b3/P1P2p1R/1R1Pp3/4P1P1/5K2/8 w - - 3 45",0.0
"2r3k1/6rp/R1p4R/2Pb1p2/3Pp3/4P1P1/5K2/8 w - - 3 49",0.0
"r5k1/6rp/1Rp2R2/2Pb1p2/3Pp3/4P1P1/5K2/8 w - - 7 51",0.0
"r7/6kp/2p2R2/2Pb1pr1/3Pp3/4P1P1/1R4K1/8 w - - 11 53",0.0
"6k1/7p/2p2R2/2Pb1pr1/3Pp3/r3P1P1/1R4K1/8 w - - 15 55",0.0
"5k2/8/2R5/2PP4/4p2p/4r3/7r/5K2 w - - 0 69",0.0
"2R5/6k1/3P4/2P5/4p2p/4r3/3r4/5K2 w - - 1 71",0.0
"8/7R/3P1k2/2P5/4p2p/2r5/3r4/5K2 w - - 5 73",0.0
"8/7R/3P1k2/2r5/4p2p/8/r7/3K4 w - - 0 75",0.0
"8/3P3R/5k2/3r4/7p/4p3/r7/2K5 w - - 0 77",0.0
"8/3P2k1/4R3/3r4/7p/8/r3p3/2K5 w - - 0 79",0.0
"8/3r4/7k/1r6/7p/8/6R1/2K5 w - - 2 83",0.0
"8/8/4K2k/6r1/1r6/7p/3R4/8 w - - 6 91",0.0
"4r3/1K6/6rk/8/8/7p/3R4/8 w - - 14 95",0.0
"3r4/1K6/7k/8/8/6rp/7R/8 w - - 18 97",0.0
"8/8/2K4k/7r/8/6rp/7R/8 w - - 22 99",0.0
"8/8/3K3k/7r/8/8/6rp/7R w - - 0 101",0.0
"2K5/8/6rk/8/8/8/3r4/8 w - - 2 105",0.0
"r1bqkb1r/pp1ppp2/2n2p2/7p/3Q1B2/5N2/PPP1PPPP/R3KB1R w KQkq - 0 9",0.0
"r1b1kb1r/pp1ppp2/5p2/q6p/1n2QB2/5N2/PPP1PPPP/R3KB1R w KQkq - 4 11",0.0
"r1b1kb1r/pp1p1p2/5p2/2q1p2p/1nP1Q3/5N2/PP1BPPPP/R3KB1R w KQkq - 1 13",0.0
"r1b1kb1r/pp1p1p2/2nq1p2/4p2p/1PP1Q3/P4N2/3BPPPP/R3KB1R w KQkq - 1 15",0.0
"r1b1kb1r/pp1pnp2/4qp2/1PP1p2p/4Q3/P4N2/3BPPPP/R3KB1R w KQkq - 1 17",0.0
"r1b1k3/pp1p1p2/4qp1r/1PP1p2p/2Q2n1P/P4N2/4PPP1/3RKB1R w Kq - 2 21",0.0
"r1b1k3/pp1p1p2/4qpr1/1PPnp2p/7P/P1Q2NP1/4PP2/3RKB1R w Kq - 1 23",0.0
"r1b1k3/1p1pnp2/4qpr1/pPP1p2p/7P/P1Q2NP1/4PP2/3RKB1R w Kq a6 0 25",0.0
"r4k2/3Bnp2/b1P2pr1/4p2p/p6P/P3QNP1/2q1PP2/3RK2R w K - 3 31",0.0
"r4k2/3Bnp2/b4pr1/4p2p/p1q4P/P3QNP1/4PP2/3R1RK1 w - - 2 33",0.0
"r4k2/3B1p2/b4pr1/4p2p/p1q2n1P/P2R1NP1/3QPP2/5RK1 w - - 6 35",0.0
"r4k2/8/b4pp1/7p/p4p1P/P2P1NP1/5P2/5RK1 w - - 0 39",0.0
"3r4/5k2/b4pp1/7p/p2N1P1P/P2P4/5P2/5RK1 w - - 1 41",0.0
"8/5k2/3r1pp1/1b5p/pN3P1P/P2P4/5P2/5RK1 w - - 5 43",0.0
"8/3r1k2/5p2/1b3p1p/pN5P/P2P4/5P2/2R3K1 w - - 0 45",0.0
"6k1/R7/5p2/5p1p/1N2b2r/P3K3/5P2/8 w - - 2 53",0.0
"6k1/R7/5p2/5p1p/PN1Kb3/5r2/5P2/8 w - - 3 55",0.0
"6k1/R7/P4p2/5p2/1N1Kb2p/8/5r2/8 w - - 0 57",0.0
"6k1/2R5/P4p2/5p2/3Kb3/3N3p/3r4/8 w - - 2 59",0.0
"8/2R5/P4pk1/5p2/3Kb3/3N3p/3r4/8 w - - 6 61",0.0
"8/P1R5/5pk1/5p2/2K1b3/7p/3r4/8 w - - 2 63",0.0
"8/P7/5pk1/5p2/2K1R3/8/3r4/7q w - - 0 65",0.0
"8/8/5pk1/8/2K1p3/8/3r4/8 w - - 0 67",0.0
"8/8/6k1/5p2/8/2K1p3/3r4/8 w - - 0 69",0.0
"8/8/6k1/5p2/1K6/8/3r4/4q3 w - - 0 71",0.0
"8/8/6k1/8/1K6/5p2/3r4/4q3 w - - 0 73",0.0
"r2qkb1r/p1ppppp1/bpn5/7p/3P2n1/2N2NPB/PPP1PP1P/R1BQ1RK1 w kq - 1 7",1.0
"r2qk3/p1pppp2/b1n3pr/1p1N3p/2PP2n1/1P3NPB/P3PP1P/R2Q1RK1 w q - 0 11",1.0
"r2qk2r/p1p1pp2/b1np2p1/1p1N3p/2PP1Qn1/1P3NPB/P3PP1P/R4RK1 w q - 0 13",1.0
"r2qk2r/p1p1pp2/2np2pn/1b1N2Np/3P1Q2/1P4PB/P3PP1P/R4RK1 w q - 0 15",1.0
"rq2k2r/p1p1pp2/2np2p1/1b1N1nNp/3P1Q2/1P4PB/P3PP1P/2R1R1K1 w q - 4 17",1.0
"rq1k3r/p1p1pQ2/2np2p1/1b1N2Np/3nP3/1P4PB/P4P1P/2R1R1K1 w - - 1 19",1.0
"rq5Q/p1pk4/2npp1p1/1b1N2Np/3nP3/1P4PB/P4P1P/2R1R1K1 w - - 1 21",1.0
"rq1k4/p1p3Q1/2nppNp1/1b4Np/3nP3/1P4PB/P4P1P/2R1R1K1 w - - 5 23",1.0
"r1b1kb1r/pp1ppppp/2n2n2/q1p5/2P1N3/PP3N2/3PPPPP/R1BQKB1R w KQkq - 1 7",1.0
"r1b1kb1r/pp1p1p1p/5p2/q3p3/2Pp4/PP6/1BQPPPPP/R3KB1R w KQkq - 0 11",1.0
"r1b1k2r/pp1p1p1p/1q1b1p2/4p3/2Pp4/PP5Q/1B1PPPPP/R3KB1R w KQkq - 4 13",1.0
"r1b1k2r/1p1p1p1p/3b1p2/pPq1p3/2Pp4/P6Q/1B1PPPPP/R3KB1R w KQkq - 1 15",1.0
"r1b1k2r/1p1p1p1p/3b1p2/pP2q3/2Ppp2Q/P7/1B1PPPPP/2R1KB1R w Kkq - 2 17",1.0
"r1b1k2r/1p1p1p1p/8/pPb1qp2/P1Ppp1Q1/8/1B1PPPPP/2R1KB1R w Kkq - 0 19",1.0
"r1b1k2r/1p1p1p1p/8/pP6/PbPPp1p1/8/1B1P1PPP/2R1KB1R w Kkq - 1 23",1.0
"r1b2rk1/1p1p1p2/8/pP1P4/PbP1p2p/7P/1B1PBP2/2R1K2R w K - 0 27",1.0
"r1b2r2/1p1p4/6k1/pPPP4/Pb2pp1R/7P/1B1PBP2/2R1K3 w - - 0 31",1.0
"r4r2/1p6/3p2k1/pPbPBb2/P3R3/5p1P/3P1P2/2R1KB2 w - - 2 35",1.0
"2B5/8/1p6/pP1P4/Pb1pk3/7P/5P2/3K4 w - - 0 45",1.0
"8/1B6/1p1b4/pP1P4/P2p3P/5k2/5P2/3K4 w - - 1 47",1.0
"8/1B6/1p1b3P/pP1P4/P2p4/4k3/8/3K4 w - - 1 49",1.0
"8/1B5P/1p1P1b2/pP6/P2p4/4k3/8/3K4 w - - 1 51",1.0
"7b/1B1P4/1p6/pP6/P7/3pk3/8/3K4 w - - 0 53",1.0
"8/1B6/1Q6/pP6/P4k2/2bp4/8/3K4 w - - 1 55",1.0
"2B5/8/8/pP4k1/P7/2bp4/5Q2/3K4 w - - 5 57",1.0
"2B5/6Q1/8/pP1k4/P7/3K4/8/8 w - - 3 63",1.0
"r1bqkb1r/p3pppp/2pp1n2/4N3/1n6/2N5/PPP1PPPP/R1BQKB1R w KQkq - 0 7",1.0
"r3kb1r/p3pppp/2pp1n2/q4b2/1n1N4/2N5/PPP1PPPP/R1BQKB1R w KQkq - 4 9",1.0
"r3kb1r/p3pppp/2pp4/P4N2/4n3/P7/2P1PPPP/R1BnKB1R w KQkq - 1 13",1.0
"r3kb1r/p3pp1p/2pp2p1/P4N2/8/P4P2/2P1PnPP/R1BnKBR1 w Qkq - 0 15",1.0
"r3k2r/p3pp1p/2pp2p1/P7/3b4/P3NP2/2P1PnPP/1RBnKBR1 w kq - 4 17",1.0
"r4rk1/p3pp1p/2pp2p1/P7/2n5/PRP2P2/4PKPP/5BR1 w - - 17 29",1.0
"rr4k1/pR3p1p/P1pp2p1/4p3/2n5/P1P2P2/4PKPP/5BR1 w - - 0 31",1.0
"rr4k1/pR3p1p/P1p3p1/3pp3/8/n1PBPP2/5KPP/6R1 w - - 0 33",1.0
"rr4k1/pR3p1p/P5p1/3pp3/2p4P/n1PBPPP1/5K2/6R1 w - - 0 35",1.0
"rr4k1/pR3p1p/P5p1/8/2p1p2P/n1P1P1P1/4BK2/6R1 w - - 0 37",1.0
"r1r3k1/pR5p/P5p1/5p2/2pRp2P/n1P1P1P1/4BK2/8 w - - 0 39",1.0
"r4k2/p5RR/P1r3p1/5p2/2p1p2P/n1P1P1P1/4BK2/8 w - - 3 43",1.0
"r4k2/p5RR/P1r3p1/5p2/2p1p2P/n1P1P1P1/4BK2/8 w - - 7 45",1.0
"r4k2/p5RR/P1r3p1/5p2/2p1p2P/n1P1P1P1/4BK2/8 w - - 11 47",1.0
"r4k2/p5RR/P1r3p1/5p2/2p1p2P/n1P1P1P1/4BK2/8 w - - 15 49",1.0
"r4k2/p5RR/P1r3p1/5p2/2p1p2P/n1P1P1P1/4BK2/8 w - - 19 51",1.0
"r4k2/p5RR/P1r3p1/5p2/2p1p2P/n1P1P1P1/4BK2/8 w - - 23 53",1.0
"r4k2/p5RR/P1r3p1/5p2/2p1p2P/n1P1P1P1/4BK2/8 w - - 27 55",1.0
"r4k2/p5RR/P1r3p1/5p2/2p1p2P/n1P1P1P1/4BK2/8 w - - 31 57",1.0
"r4k2/p5RR/P1r3p1/5p2/2p1p2P/n1P1P1P1/4BK2/8 w - - 35 59",1.0
"r4k2/p5RR/P1r3p1/5p2/2p1p2P/n1P1P1P1/4BK2/8 w - - 39 61",1.0
"3r1k2/p1R5/P7/5pRB/2p1p3/n1P1P1P1/5K2/8 w - - 1 65",1.0
"r1b1kb1r/p2ppp1p/n1p2p2/q7/8/P1N2N2/1PP1PPPP/R2QKB1R w KQkq - 1 9",1.0
"r1b1kb1r/p2ppp2/n1p2p2/5q1p/1P6/P1N2N2/2PQPPPP/R3KB1R w KQkq - 0 11",1.0
"r1b1k2r/p2ppp2/n1p2pqb/7p/1P2P2P/P1N2N2/2PQ1PP1/R3KB1R w KQkq - 1 13",1.0
"r1b1k2r/p2ppp2/n1pb1pq1/7p/1P1QP2P/P1N2NP1/2P2P2/R3KB1R w KQkq - 1 15",1.0
"r1b1k1r1/p1nppp2/2pb1pq1/7p/1PBQP2P/P1N2NP1/2P2P2/2KR3R w q - 5 17",1.0
"r1b1k3/p1nppp2/2p4q/4Q2p/1PB2P1P/P1N3r1/2P5/2KR3R w q - 0 21",1.0
"r1b1k3/2Qppp2/2p4q/p6p/1PB2P1P/r7/2P1N3/2KR3R w q - 0 23",1.0
"r1b1k3/2Q1pp2/7q/pp1p3p/5P1P/rB6/2P1N3/2KR3R w q - 0 25",1.0
"2b4Q/2q1kp2/4p3/1p6/p4P1P/1r6/2P1N3/2KR3R w - - 2 31",1.0
"2b4Q/2q1kp2/4p2P/1p6/5P2/1r6/p1P1N3/2KR3R w - - 0 33",1.0
"8/1b2kp1P/3qp3/1p6/3Q1P2/8/2PKN3/qr1R2R1 w - - 0 37",1.0
"8/5p2/3kp3/1p6/4bP2/8/2PKN3/3R4 w - - 0 41",1.0
"8/5p2/4k3/3p4/1p1K1P2/8/2P5/3R4 w - - 2 45",1.0
"8/5p2/8/3K4/1p3k2/8/2P5/1R6 w - - 0 47",1.0
"8/5R2/8/3K4/1p6/8/2Pk4/8 w - - 1 49",1.0
"8/8/8/3K4/3R4/1k6/8/8 w - - 2 53",1.0
"8/8/8/8/2R1K3/1k6/8/8 w - - 6 55",1.0
"8/8/8/8/3K4/2R5/k7/8 w - - 10 57",1.0
"8/8/8/8/2K5/2R5/k7/8 w - - 14 59",1.0
"8/1R6/8/8/2K5/8/k7/8 w - - 18 61",1.0
"8/1R6/8/8/8/8/k1K5/8 w - - 22 63",1.0
"r1bq1rk1/1pppppbp/2n2np1/p7/P1P1N3/5N2/1PQPPPPP/R1B1KB1R w KQ - 1 7",0.5
"r1bq1rk1/2p1ppbp/1pn2np1/p1Np4/P1P4P/5N2/1PQPPPP1/R1B1KB1R w KQ - 0 9",0.5
"r4rk1/2p1ppbp/1pn3p1/p2n1b2/P6P/3N1N2/1P1PPPP1/R1B1KB1R w KQ - 0 13",0.5
"r4rk1/2p1pp1p/1p4p1/p2n1b1P/P2b4/3N4/1P1PPPP1/R1B1KB1R w KQ - 0 15",0.5
"r4rk1/2p1p2p/1p3bp1/p2n1b2/P7/3NP3/1P1P1PP1/R1B1KB1R w KQ - 0 17",0.5
"r4rk1/3bp2p/1p3bp1/p1pn4/P5P1/3NP3/1P1PBP2/R1B1K2R w KQ - 1 19",0.5
"r4rk1/4p2p/1p2b1p1/p2n4/P1B2PP1/4P3/1B1P4/R3K2R w KQ - 1 23",0.5
"2r2rk1/4p2p/1p2b1p1/p2n2P1/P1B2P2/4P3/1B1P4/2R1K2R w K - 1 25",0.5
"5rk1/4p2p/1p4p1/p5P1/P4P2/1b2P3/1B6/2R3K1 w - - 2 29",0.5
"1r4k1/4p2p/1p4p1/p5P1/P2B1P2/4P3/2b5/R5K1 w - - 6 31",0.5
"6k1/4p2p/1pr3p1/p5P1/P2B1P2/4P3/2b5/R5K1 w - - 10 33",0.5
"6k1/7p/1p2p1p1/p5P1/P4P2/2BbP3/5K2/8 w - - 0 37",0.5
"6k1/7p/1B2p1p1/6P1/p3KP2/4P3/8/3b4 w - - 0 41",0.5
"8/6kp/4p1p1/2B3P1/p2K1P2/4P3/4b3/8 w - - 4 43",0.5
"8/6kp/4p1p1/2B3P1/p2K1P2/4P3/4b3/8 w - - 8 45",0.5
"8/6kp/4p1p1/1bB3P1/p2K1P2/4P3/8/8 w - - 12 47",0.5
"8/6kp/4p1p1/2B3P1/p2K1P2/4P3/4b3/8 w - - 16 49",0.5
"8/6kp/4p1p1/2B3P1/p2K1P2/4P3/4b3/8 w - - 20 51",0.5
"8/6k1/4p1p1/2B1K1Pp/p3PPb1/8/8/8 w - h6 0 53",0.5
"5B2/8/4p1p1/4K2k/p3PPb1/8/8/8 w - - 2 55",0.5
"8/4B3/4p1p1/8/p2KPPk1/5b2/8/8 w - - 6 57",0.5
"8/4B3/4p1p1/8/p3PPk1/1b6/3K4/8 w - - 10 59",0.5
"8/8/4pBp1/8/p1b1PPk1/4K3/8/8 w - - 14 61",0.5
"8/4B3/4p1p1/8/p3PPk1/3b4/5K2/8 w - - 18 63",0.5
"8/4B3/4p1p1/8/p3PPk1/3b4/5K2/8 w - - 22 65",0.5
"8/4B3/4p1p1/1b6/p3PPk1/8/5K2/8 w - - 26 67",0.5
"8/4B3/2b1p1k1/8/p3P3/4K3/8/8 w - - 2 71",0.5
"8/4B3/4p1k1/4P3/p1b2K2/8/8/8 w - - 1 73",0.5
"8/5k2/3Bp3/3bP3/p4K2/8/8/8 w - - 5 75",0.5
"8/8/4p3/3bP2k/p4K2/B7/8/8 w - - 9 77",0.5
"8/8/4p2k/3bP3/p4K2/B7/8/8 w - - 13 79",0.5
"8/5k2/4p3/3bP3/p4K2/B7/8/8 w - - 17 81",0.5
"8/5k2/4p3/2BbP3/p4K2/8/8/8 w - - 21 83",0.5
"8/5k2/4p3/2BbP3/p4K2/8/8/8 w - - 25 85",0.5
"8/5k2/4p3/2BbP3/p4K2/8/8/8 w - - 29 87",0.5
"8/3k4/4p3/2BbP3/p4K2/8/8/8 w - - 33 89",0.5
"8/8/4p3/1kBbP3/p2K4/8/8/8 w - - 37 91",0.5
"8/8/4p3/1kBbP3/p2K4/8/8/8 w - - 41 93",0.5
"8/8/4p3/1kBbP3/p2K4/8/8/8 w - - 45 95",0.5
"8/8/4p3/1kBbP3/p2K4/8/8/8 w - - 49 97",0.5
"8/8/4p3/1kBbP3/p2K4/8/8/8 w - - 53 99",0.5
"8/8/4p3/1kBbP3/p2K4/8/8/8 w - - 57 101",0.5
"8/8/4p3/1kBbP3/p2K4/8/8/8 w - - 61 103",0.5
"8/8/4p3/1kBbP3/p2K4/8/8/8 w - - 65 105",0.5
"8/8/4p3/1kBbP3/p2K4/8/8/8 w - - 69 107",0.5
"8/8/4p3/1kBbP3/p2K4/8/8/8 w - - 73 109",0.5
"8/8/4p3/1kBbP3/p2K4/8/8/8 w - - 77 111",0.5
"8/8/4p3/1kBbP3/p2K4/8/8/8 w - - 81 113",0.5
"8/8/4p3/1kBbP3/p2K4/8/8/8 w - - 85 115",0.5
"8/8/4p3/1kBbP3/p2K4/8/8/8 w - - 89 117",0.5
"8/8/4p3/1kBbP3/p2K4/8/8/8 w - - 93 119",0.5
"r1bqkb1r/1p1ppppp/2n2n2/p1p5/Q1P4P/2N2N2/PP1PPPP1/R1B1KB1R w KQkq - 1 7",0.0
"r2qkb1r/3ppppp/bpn2n2/p1p4P/Q1P5/2N2NP1/PP1PPP2/R1B1KB1R w KQkq - 1 9",0.0
"r2qkb1r/1b1ppppp/1p3n2/p1p4P/QnP5/1PN2NP1/P2PPP2/R1BK1B1R w kq - 3 11",0.0
"rq2kb1r/3ppppp/1pb2n2/p1p4P/1nP5/QPN2NP1/P2PPPB1/R1BK3R w kq - 7 13",0.0
"r3kb1r/3pppp1/1p1q3p/pPp4P/1n2n3/QP3NP1/PB1PPPB1/R2K1R2 w kq - 2 17",0.0
"r3kb1r/3pppp1/1p5p/pPp4P/1n1Nq3/QP4P1/PB1PPP2/R2K1R2 w kq - 0 19",0.0
"r3kb1r/4ppp1/1p5p/pPpp3q/Q7/1P3PP1/PBKPP3/R4R2 w kq - 0 23",0.0
"r3kb1r/4ppp1/1p5p/1Ppp4/p5P1/1P4P1/PBKPP3/R4R2 w kq - 0 25",0.0
"4kb1r/4ppp1/1p5p/rPppB3/6P1/pP4P1/P2PP3/R1K2R2 w k - 2 27",0.0
"4kb1r/4p1p1/1p3p1p/1rpp4/6P1/pPB1P1P1/P2P4/R1K2R2 w k - 0 29",0.0
"4kb1r/6p1/1p3p1p/1rp1p3/3pP1P1/pPBP2P1/P7/R1K2R2 w k - 0 31",0.0
"5rk1/6p1/1p1b1p1p/1rp1p3/3pP1P1/pP1P2P1/P7/R1K1B2R w - - 4 33",0.0
"6k1/r5p1/1p1b1p1p/1rp1p3/3pP1P1/pP1P2P1/P1KB4/R6R w - - 8 35",0.0
"6k1/r5p1/1p1b1p1p/1rp1p3/3pP1P1/pP1P2P1/P1KB1R2/7R w - - 12 37",0.0
"6k1/r5p1/1p1b1p1p/1rp1p3/3pP1P1/pP1P2P1/P1KB1R2/7R w - - 16 39",0.0
"6k1/r5p1/1p1b1p1p/1rp1p3/3pP1P1/pP1P2P1/P2B1R2/K6R w - - 20 41",0.0
"6k1/r5p1/1p1b1p1p/1rp1p3/3pP1P1/pP1P2P1/P2B1R2/K6R w - - 24 43",0.0
"6k1/r5p1/1p1b1p1p/1rp1p3/3pP1P1/pP1P2P1/P2B1R2/K6R w - - 28 45",0.0
"6k1/r5p1/1p1b1p1p/1rp1p3/3pP1P1/pP1P2P1/P2B1R2/K6R w - - 32 47",0.0
"6k1/r5p1/1p1b1p1p/1rp1p3/3pP1P1/pP1P2P1/P2B1R2/K6R w - - 36 49",0.0
"6k1/r5p1/1p1b1p1p/1rp1p3/3pP1P1/pP1P2P1/P2B1R2/K6R w - - 40 51",0.0
"6k1/r5p1/1p1b1p1p/1rp1p3/3pP1P1/pP1P2P1/P2B1R2/K6R w - - 44 53",0.0
"6k1/r5p1/1p1b1p1p/1rp1p3/3pP1P1/pP1P2P1/P2B1R2/K6R w - - 48 55",0.0
"6k1/r5p1/1p1b1p1p/1rp1p3/3pP1P1/pP1P2P1/P2B1R2/K6R w - - 52 57",0.0
"6k1/r5p1/1p1b1p1p/1rp1p3/3pP1P1/pP1P2P1/P2B1R2/K6R w - - 56 59",0.0
"8/r1b3k1/1p5R/2p1p2R/1r1pP1P1/pP1P2P1/P7/K7 w - - 1 63",0.0
"8/r1b3k1/2R3P1/4p2R/1r1pP3/p2p2P1/P7/K7 w - - 0 67",0.0
"2R5/6k1/6P1/4p3/1r1pP3/p5P1/P2p4/K7 w - - 2 71",0.0
"8/8/2R5/4p1k1/1r1pP3/p5P1/P2p4/K7 w - - 2 73",0.0
"r1bqk2r/pp1pbppp/4pn2/2p5/1nP2Q2/2N2N2/PP1PPPPP/R1B1KB1R w KQkq - 4 7",0.0
"r1b2rk1/pp2bppp/4pn2/2pq4/5Q2/1P3N2/P2PPPPP/1RB1KB1R w - - 0 13",0.0
"r1b2rk1/pp1n1ppp/3bp3/2pqN3/5Q2/1P6/PB1PPPPP/1R2KB1R w - - 4 15",0.0
"r1b2rk1/pp3ppp/4p1n1/2p5/4PP2/1P6/P2P2PP/1R2KB1R w - - 1 19",0.0
"r1br2k1/p4ppp/1p2p1n1/2p5/4PP2/1P4P1/P2P3P/2R1KB1R w - - 1 21",0.0
"r2r2k1/pb4pp/1p2p1n1/2p2p2/4PP2/1P2R1P1/P2P3P/4KB1R w - - 0 23",0.0
"r5k1/pb4pp/1p4n1/2p2p2/3r1P2/1P1BR1P1/P2P3P/4K2R w - - 0 25",0.0
"3r2k1/pb4pp/1p4n1/2p2B2/5P2/1P2R1P1/P2r3P/4KR2 w - - 0 27",0.0
"3r4/pb3kpp/1p4n1/2p2B2/5P2/1P4P1/P6P/4KR2 w - - 0 29",0.0
"8/p4kpp/1p6/2p1nP2/7P/1P1r2P1/P4R2/4K3 w - - 1 33",0.0
"8/p5pp/1p3k2/2p1nP2/3r2PP/1P6/P5R1/4K3 w - - 1 35",0.0
"8/p5pp/1p6/2p2k1P/P2r2n1/1P6/6R1/4K3 w - - 0 37",0.0
"8/p5pp/1p3n2/2p4P/P3k3/1P6/3K4/8 w - - 2 41",0.0
"8/p6p/1p6/2p3pn/P1K1k3/1P6/8/8 w - - 0 43",0.0
"8/7p/1p6/1K1n4/4k3/6p1/8/8 w - - 0 49",0.0
"8/7p/1p6/3n4/4k3/1K6/8/6q1 w - - 0 51",0.0
"8/8/1p6/3n4/4k2p/8/1K6/6q1 w - - 0 53",0.0
"8/8/1p6/3n4/4k3/8/K6p/6q1 w - - 0 55",0.0
"8/8/1p6/3n4/4k3/6q1/K7/7q w - - 0 57",0.0
"r1bq1rk1/1ppp1ppp/2n1pn2/p7/PbP4P/2N2N2/1PQPPPP1/R1B1KB1R w KQ - 1 7",0.0
"r1bq1rk1/1ppp2pp/2n1p3/p4p1P/PbP1Q1n1/2N2N2/1P1PPPP1/R1B1KB1R w KQ - 0 9",0.0
"r1bq1rk1/1ppp2pp/2nbp3/p4p1P/P1PP1Qn1/2N2N2/1P2PPP1/R1B1KB1R w KQ - 1 11",0.0
"r1bq1rk1/1pppb1pp/2n1p3/p1P4P/P2P1pn1/2N2N2/1P1QPPP1/R1B1KB1R w KQ - 1 13",0.0
"r1bq2k1/1pp1b1pp/2n1p3/p1Pp1r1P/P2P1pn1/2NQ1N2/1P1BPPP1/R3KB1R w KQ d6 0 15",0.0
"r1bq2k1/1p2b1pp/3pp3/p2P1r1P/Pn3pn1/2NQ1N2/1P1BPPP1/R3KB1R w KQ - 1 17",0.0
"r1b3k1/1p2b1pp/1q1pp3/p2n1r1P/P3Npn1/5N2/1P1BPPP1/RQ2KB1R w KQ - 0 19",0.0
"r5k1/1p1b2pp/3ppb2/p4r1P/Pq3pn1/1P1Q1N2/3NPPP1/R3KB1R w KQ - 2 23",0.0
"r5k1/1pqb2pp/4pr2/p2p3P/P2Q1p2/1P3K2/3NP1P1/5B1R w - - 1 29",0.0
"2r3k1/2qb2pp/4pr2/pp1p3P/P2Q1p2/1P6/3NP1P1/5BKR w - - 0 31",0.0
"6k1/6qp/4b3/p3pr1P/P4p2/1Pp2Q2/4P1P1/5B1K w - - 0 39",0.0
"2q3k1/7p/4b3/Q3pr1P/P4p2/1Pp5/4P1P1/5B1K w - - 1 41",0.0
"2q3k1/7p/4b3/Q3p2r/P7/1Pp3p1/4P3/5BK1 w - - 0 43",0.0
"2q3k1/7p/4b3/4r3/P7/1P2P1K1/8/5q2 w - - 0 47",0.0
"2q3k1/7p/4b3/8/PP6/4r3/6K1/4q3 w - - 0 49",0.0
"r1bqk2r/1pppbppp/4pn2/p6P/1nP5/2N2N2/PPQPPPP1/R1B1KB1R w KQkq - 1 7",0.0
"r1bq1rk1/1ppp1p1p/3bp2R/p7/1nP3n1/1QN2NP1/PP1PPP2/R1B1KB2 w Q - 1 11",0.0
"r1bq1rk1/1pppbp1p/2n1p3/p6R/2P3n1/PQN2NP1/1P1PPP2/R1B1KB2 w Q - 1 13",0.0
"r1b1qrk1/1pppb2p/2n1p3/p4p1R/2P3n1/PPN2NP1/2QPPP2/R1B1KB2 w Q - 1 15",0.0
"r1b1qrk1/1pp4p/2npp3/p1b2p2/2P3n1/PPN1PNP1/2QP1P2/R1B1KB1R w Q - 0 17",0.0
"r1bq1rk1/1pp4p/3pp3/pNb1npN1/2P3n1/PP2P1P1/2QP1P2/R1B1KB1R w Q - 4 19",0.0
"r1br3k/1pp5/4p3/p4pP1/2P3n1/PP2P1q1/2Q1K3/R1B2B2 w - - 0 27",0.0
"r1bq1rk1/1pp2ppp/2p1pb2/p7/2P5/8/PPQPPPPP/R1B1KB1R w KQ - 0 9",1.0
"r1b2rk1/1pp2ppp/2p1pb2/p1q5/P1P5/3Q4/1P1PPPPP/R1B1KB1R w KQ - 3 11",1.0
"r1b3k1/1pp2ppp/2p1pb2/p1q5/P1Pr2P1/8/1PQPPP1P/R1B1KB1R w KQ - 3 13",1.0
"r5k1/1pp2ppp/2p1bb2/p1q1p3/P1PrP1P1/8/1PQPBP1P/R1B1K2R w KQ - 2 15",1.0
"r2r2k1/2p2ppp/4b3/ppq1p1b1/2P1P1P1/1P6/1BQPBP1P/R4RK1 w - - 2 19",1.0
"r2r2k1/2p1qppp/8/p3p1P1/1pP1P3/1P1P3b/4BP1P/R1Q2RK1 w - - 1 23",1.0
"3r2k1/4qppp/r7/p1p1p1P1/1pP1P3/1P1P3b/3QBP1P/R3R1K1 w - - 2 25",1.0
"r5k1/4qppp/r7/2p1p1PB/bpP1P3/3PQ3/5P1P/RR4K1 w - - 2 29",1.0
"r5k1/4qppp/r7/2p1p1P1/bpP1P1BP/3PQ3/5P2/RR4K1 w - - 1 31",1.0
"r5k1/3q1ppp/r7/2p1p1PB/bpP1P2P/3P1Q2/5P2/RR4K1 w - - 5 33",1.0
"6k1/3b1p1p/6p1/2p1p1P1/1pP1P2P/3P4/r4P2/1R1B2K1 w - - 2 37",1.0
"6k1/5p1p/6p1/2p1p1P1/2P1P2P/3P4/rp3P2/1R4K1 w - - 0 41",1.0
"8/5pk1/6pp/2p1p1P1/2P1P2P/3P2K1/rp3P2/1R6 w - - 0 43",1.0
"8/4kp2/6p1/2p1K1P1/2P1P3/3P4/rp6/1R6 w - - 3 47",1.0
"8/5p2/4k1p1/2K3P1/2P1P3/3P4/rp6/1R6 w - - 1 49",1.0
"2k5/5p2/6p1/6P1/1KPPP3/8/rp6/1R6 w - - 1 51",1.0
"3k4/8/5Pp1/2P5/1K1PP3/8/rp6/1R6 w - - 1 53",1.0
"3k4/8/5P2/2P1P1p1/1K1P4/8/1R6/r7 w - - 2 57",1.0
"8/2k5/4PP2/2P3p1/3P4/8/1K4R1/3r4 w - - 7 61",1.0
"8/2k1Pr2/8/2P3p1/3P4/8/1K4R1/8 w - - 0 63",1.0
"8/3k3r/8/2P1Q3/3P2R1/2K5/8/8 w - - 3 67",1.0
"8/5k1r/2Q5/2P5/3P2R1/2K5/8/8 w - - 7 69",1.0
"8/7Q/4k3/2P5/3P2R1/2K5/8/8 w - - 1 71",1.0
"r1bqk2r/1pppbppp/4pn2/pNP5/1n6/5N2/PPQPPPPP/R1B1KB1R w KQkq - 1 7",0.5
"r1bq1rk1/1pppbppp/2n1pn2/pNP5/2Q5/P4N2/1P1PPPPP/R1B1KB1R w KQ - 1 9",0.5
"r1b2rk1/2p1bppp/2pq1n2/p3p3/2Q4P/P4N2/1P1PPPP1/R1B1KB1R w KQ - 0 13",0.5
"r4rk1/2p2ppp/2p5/4pPbP/p4n2/P2B4/1P1P1PP1/R1B1K2R w KQ - 2 19",0.5
"1r4k1/2p2ppp/2B5/4pPbP/p2r2P1/P2n4/1P1P1P2/R1B2K1R w - - 3 23",0.5
"6k1/2p2ppp/2B5/4pPbP/p2r2P1/P6R/1r1P1P2/2R2K2 w - - 0 25",0.5
"6k1/5ppp/8/4pPbP/p5P1/Pr3B1R/3r4/2R3K1 w - - 4 29",0.5
"2Rb2k1/5ppp/8/5P1P/p3p1P1/P6R/6K1/1r1r1B2 w - - 0 33",0.5
"R2b1k2/5ppp/8/5P1P/2R3P1/P7/8/3rrBK1 w - - 3 39",0.5
"r4k2/5ppp/1b6/5P1P/5RP1/P2B4/6K1/8 w - - 0 43",0.5
"5k2/5ppp/8/5PPP/P1B2b2/7K/3r4/8 w - - 0 47",0.5
"5k2/2b3p1/4B1P1/8/P2r4/7K/8/8 w - - 3 51",0.5
"5k2/2b3p1/r3B1P1/8/8/8/5K2/8 w - - 2 53",0.5
"5k2/5Bp1/r5P1/4b3/8/5K2/8/8 w - - 6 55",0.5
"5k2/5Bp1/r5P1/4b3/8/5K2/8/8 w - - 10 57",0.5
"5k2/5Bp1/r5P1/4b3/8/3K4/8/8 w - - 14 59",0.5
"5k2/5Bp1/r5P1/4b3/8/3K4/8/8 w - - 18 61",0.5
"5k2/5Bp1/r5P1/4b3/8/3K4/8/8 w - - 22 63",0.5
"5k2/5Bp1/r5P1/4b3/8/3K4/8/8 w - - 26 65",0.5
"5k2/5Bp1/r5P1/4b3/8/3K4/8/8 w - - 30 67",0.5
"8/4kBp1/r5P1/5K2/8/2b5/8/8 w - - 34 69",0.5
"8/5Bp1/5kP1/r7/5K2/2b5/8/8 w - - 38 71",0.5
"r1b1kb1r/pp1ppppp/3q3n/2pN4/2Pn4/3Q4/PP1PPPPP/R1B1KBNR w KQkq - 10 7",0.5
"r1b1kb1r/pp1pppp1/3q4/2pN3p/2PnQ1P1/8/PP1PPP1P/R1B1KB1R w KQkq - 0 11",0.5
"r1b1kb1r/1p1pppp1/3q4/p1pN2P1/P1PnQ2p/8/1P1PPP1P/R1B1KB1R w KQkq - 0 13",0.5
"r1b1kb1r/1p1pppp1/3q4/p1pN2P1/P1PnQP1p/7B/1P1PP2P/R1B1K2R w KQq - 1 15",0.5
"r1b1kb1r/1p1pppp1/2q5/p1pN2P1/P1P1QP1p/3P3B/1Pn1P2P/R1B2RK1 w q - 1 17",0.5
"r1b1kb1r/1p1p1pp1/2q1p1P1/p1pN4/PnP1QP1p/3P3B/1P2P2P/1RB2RK1 w q - 1 19",0.5
"r1b1kb1r/1p4p1/2q1ppP1/p1pN4/PnP1Q2p/3P3B/1P2P2P/1RB2RK1 w q - 0 21",0.5
"r3kb1r/1p1b2p1/2n1ppP1/p1p5/P1P4p/2NP3B/1P2P2P/1RB2RK1 w q - 0 23",0.5
"2kr1b1r/1p1b2p1/4ppP1/pNp1n3/P1P4p/3PB2B/1P2P2P/1R3RK1 w - - 4 25",0.5
"3r4/kp1bR1p1/4p1r1/p1p1p3/P1P4p/3P3B/1P2P2P/1R5K w - - 0 31",0.5
"3r4/1p1b2R1/1k2p3/p1p1p3/P1P5/3P1B1p/1P2Pr1P/6RK w - - 0 35",0.5
"3r4/1p5R/2k1p3/p1p1p3/P1P5/3P3p/1P2Pr1P/6RK w - - 0 37",0.5
"6r1/8/1pk1p3/p1p1p3/P1P5/3P3R/1P2Pr1P/4R2K w - - 0 39",0.5
"8/8/1p1kp3/p1p1p2R/P1P5/1P1P4/4PrrP/4R2K w - - 1 41",0.5
"7R/6r1/1p1kp3/p1p1p3/P1P1P3/1P1P4/1r5P/4R2K w - - 3 43",0.5
"4R3/6r1/1p1kp3/p1p1p3/P1P1P3/1P1P4/1r5P/4R2K w - - 7 45",0.5
"8/6r1/1k6/p1p1p3/P1P1P3/8/7P/2R4K w - - 0 51",0.5
"8/2k2r2/6R1/p1p1p3/P1P1P3/8/7P/7K w - - 4 53",0.5
"8/3k4/6R1/p1p1p3/P1P1Pr1P/8/6K1/8 w - - 5 57",0.5
"8/6R1/4k3/p1p1p2P/P1P1r3/8/6K1/8 w - - 2 59",0.5
"8/6RP/4k3/p1p1p3/P6r/8/6K1/8 w - - 1 61",0.5
"8/1R5P/7r/p1p1pk2/P7/6K1/8/8 w - - 5 63",0.5
"8/7r/R7/5k2/P1p1p3/4K3/8/8 w - - 2 69",0.5
"8/4k3/8/2R5/8/3K4/r7/8 w - - 3 75",0.5
"8/5R2/8/3k4/8/3K4/r7/8 w - - 7 77",0.5
"8/2R5/3k4/8/8/3K4/r7/8 w - - 11 79",0.5
"8/3R4/4k3/8/8/3K4/r7/8 w - - 15 81",0.5
"8/5R2/8/3k4/8/3K4/r7/8 w - - 19 83",0.5
"8/2R5/3k4/8/8/3K4/r7/8 w - - 23 85",0.5
"8/3R4/4k3/8/8/3K4/r7/8 w - - 27 87",0.5
"8/3R4/4k3/8/8/3K4/r7/8 w - - 31 89",0.5
"8/3R4/4k3/8/8/3K4/r7/8 w - - 35 91",0.5
"8/1R6/8/3k4/8/4K3/r7/8 w - - 39 93",0.5
"8/4R3/3k4/8/8/4K3/r7/8 w - - 43 95",0.5
"8/8/4k3/7R/8/4K3/r7/8 w - - 47 97",0.5
"8/8/4k3/7R/8/4K3/r7/8 w - - 51 99",0.5
"8/8/3k4/7R/8/4K3/r7/8 w - - 55 101",0.5
"8/8/3k4/7R/8/4K3/r7/8 w - - 59 103",0.5
"8/8/3k4/7R/8/4K3/r7/8 w - - 63 105",0.5
"8/8/3k4/7R/8/4K3/r7/8 w - - 67 107",0.5
"8/8/8/7R/2k5/4K3/r7/8 w - - 71 109",0.5
"8/8/2k5/7R/8/4K3/r7/8 w - - 75 111",0.5
"8/8/2k5/7R/8/4K3/r7/8 w - - 79 113",0.5
"r1bqkb1r/1p1pppp1/2p2n2/p6p/1n6/BPN2NPP/P1PPPP2/R2QKB1R w KQkq - 0 7",0.5
"r1b1kb1r/2qpppp1/2p2n2/pp5p/1n5P/1PN2NP1/PBPPPP2/R2QKB1R w KQkq - 0 9",0.5
"r1b1kb1r/2qpppp1/2p5/p6p/Nn4nP/1P3NP1/1BPPPP2/R2QKB1R w KQkq - 1 11",0.5
"1rb1kb1r/2qp1pp1/2p5/p3p2p/NnPB2nP/1P3NP1/3PPP2/R2QKB1R w KQk - 0 13",0.5
"1rb1k2r/3p1pp1/1qp5/p1N1p2p/1nP3nP/1P3NP1/3PPP2/R2QKB1R w KQk - 1 15",0.5
"1rb2rk1/5pp1/1qp5/p2pp2p/1nP1N1nP/1P3NPB/3PPP2/R2QK2R w KQ - 0 17",0.5
"1r3rk1/q4pp1/2p5/p1Pppb1p/1n4nP/1PN2NPB/3PPP2/R2QK2R w KQ - 3 19",0.5
"1r3rk1/5p2/2p3p1/p2p3p/N6P/1P1nqNPB/6K1/2RQ3R w - - 0 27",0.5
"2B3k1/5p2/6p1/p2p3p/N6P/3n1NP1/2r5/6KR w - - 3 35",0.5
"r1bqkb1r/2ppppp1/1p3n2/p6p/1n5P/BPN2NP1/P1PPPP2/R2QKB1R w KQkq - 1 7",1.0
"r2qkb1r/1b1pppp1/1p3n2/p1p3Np/1n5P/BPN3P1/P1PPPP2/R2QKBR1 w Qkq - 0 9",1.0
"r3kb1r/3ppp2/1p3p2/2p4p/1p5P/1P3NP1/PqPPPPR1/R2QK3 w Qkq - 2 15",1.0
"r3k3/3pppb1/1p6/2p3Np/1p5P/1P6/PqPPPP2/R2QK3 w Qq - 1 19",1.0
"r3k3/3ppp2/1p6/2p1b2p/1p2N2P/1P6/q1PPPP2/1R1QK3 w q - 2 21",1.0
"r3k3/3ppp2/1p6/2p4N/1p5b/1P6/q1PPPP2/1R1QK3 w q - 0 23",1.0
"r4k2/3ppp2/1p3b2/2p2N2/1p6/1P6/q1PPPP2/1R1QK3 w - - 4 25",1.0
"r4k2/3ppp2/8/1ppN4/1p1b4/1P6/q1PPPP2/1R1QK3 w - - 2 27",1.0
"6k1/2Nppp2/8/rpp5/1p1b1P2/1P6/q1PPP3/1R1QK3 w - - 1 29",1.0
"6k1/r2p1p2/1N2p3/1pp5/1p3P1b/1P2P3/q1PPK3/1R1Q4 w - - 2 33",1.0
"5k2/r2p1p2/1N2p3/1p6/1pp2P1b/1P2P3/q1PPK3/2R3Q1 w - - 0 35",1.0
"5k2/r2p1p2/1N2pb2/8/1pp2P2/4P3/q1PPK3/2R4Q w - - 0 37",1.0
"r7/3pkp2/3Npb2/8/1pp2P2/4P3/q1PPK3/2R4Q w - - 4 39",1.0
"7r/3pkp2/4pN2/8/5P2/4P3/qp1PK3/2R3Q1 w - - 0 43",1.0
"7r/5p2/4pk2/q7/3P1P2/3P4/1R2K3/6Q1 w - - 0 47",1.0
"8/1R3pk1/4p3/8/3P4/4K3/8/8 w - - 1 55",1.0
"8/R4p2/6k1/3K4/8/8/8/8 w - - 3 59",1.0
"5k2/R4p2/8/5K2/8/8/8/8 w - - 7 61",1.0
"3k4/5R2/5K2/8/8/8/8/8 w - - 1 63",1.0
"3k4/4R3/4K3/8/8/8/8/8 w - - 5 65",1.0
"1k6/5R2/3K4/8/8/8/8/8 w - - 9 67",1.0
"1k6/5R2/3K4/8/8/8/8/8 w - - 13 69",1.0
"1k6/5R2/1K6/8/8/8/8/8 w - - 17 71",1.0
"r1bq1rk1/1ppppp1p/2n2npb/p7/P6P/BPN2N2/2PPPPP1/R2QKB1R w KQ - 3 7",0.0
"r1bq1rk1/1pp2p1p/2np1npb/p3p1N1/P6P/BPN3P1/2PPPP2/R2QKB1R w KQ - 0 9",0.0
"r2q1rk1/1pp2p1p/2np1npb/pN3bN1/P3p2P/BP4P1/2PPPPB1/R2QK2R w KQ - 0 11",0.0
"2r2rk1/1p3p1p/2np2p1/pNq5/P3p1b1/1P4P1/1BPPPP2/R2QK2R w KQ - 3 17",0.0
"2r2rk1/1p3p1p/3p1Bp1/pNq1nb2/P3p2R/1P4P1/2PPPP2/R2QK3 w Q - 7 19",0.0
"2r3k1/1p3p1p/6p1/p1qprb2/P2N3R/1PP1p1P1/2QPPP2/R3K3 w Q - 0 23",0.0
"2r3k1/1p3p1p/8/p1qprbp1/P2N3R/1PPP2P1/2Q1PK2/R7 w - - 0 25",0.0
"6k1/5p1p/2p5/p1qprbp1/P2N4/1PPP2P1/2Q1PK2/R7 w - - 0 27",0.0
"6k1/5p1p/2pq4/p2pr1p1/P2N2b1/1PPPP1P1/3Q1K2/R7 w - - 1 29",0.0
"4r1k1/5p1p/3q4/p1pp2p1/P2P2b1/1PP1P1P1/3QN3/4K2R w - - 1 33",0.0
"6k1/5p1p/8/p1qp2p1/P3r1b1/1PP1P1P1/2Q1N3/4K2R w - - 0 35",0.0
"4r1k1/5p1p/8/p2p2p1/P7/1PP2bP1/3KN2R/8 w - - 2 39",0.0
"r5k1/5p1p/2N5/p2p2p1/P3b3/1PP3P1/3K3R/8 w - - 6 41",0.0
"r4k2/5p1p/2N5/p2p4/P3b1p1/1PP3P1/3R4/2K5 w - - 2 43",0.0
"2r3k1/7p/3R4/p3Np2/P1P1b1p1/6P1/8/2K5 w - - 2 47",0.0
"1r4k1/8/3R4/p3Np1p/P1P1b1p1/6P1/8/2K5 w - - 2 49",0.0
"1r4k1/8/3R4/p3Np1p/P1P1b1p1/6P1/8/2K5 w - - 6 51",0.0
"1r4k1/8/3R4/p4p1p/P1P1b1p1/3N2P1/3K4/8 w - - 10 53",0.0
"6k1/8/8/p1P2p2/P3b1pR/3r2P1/8/4K3 w - - 0 57",0.0
"6k1/8/2P4R/p4p2/P3b1p1/4K3/2r5/8 w - - 5 61",0.0
"8/5k2/2PR4/p4p2/P1r1bKp1/8/8/8 w - - 9 63",0.0
"8/5k2/3R4/p4K2/b1r3p1/8/8/8 w - - 0 65",0.0
"8/5k2/6R1/p4K2/b1r3p1/8/8/8 w - - 4 67",0.0
"8/5k2/6R1/p4K2/b1r3p1/8/8/8 w - - 8 69",0.0
"8/5k2/6R1/p4K2/b1r3p1/8/8/8 w - - 12 71",0.0
"8/5k2/6R1/p4K2/b1r3p1/8/8/8 w - - 16 73",0.0
"8/7k/6R1/p4K2/b1r3p1/8/8/8 w - - 20 75",0.0
"8/7k/R7/4K3/p1r3p1/8/2b5/8 w - - 0 77",0.0
"8/8/R7/4K1k1/p1r3p1/8/2b5/8 w - - 4 79",0.0
"8/8/3K4/R7/p3rk2/6p1/2b5/8 w - - 2 83",0.0
"8/8/3K4/5k2/p3r2R/8/2b3p1/8 w - - 2 85",0.0
"8/8/3K3R/5k2/p3r3/8/2b3p1/8 w - - 6 87",0.0
"7R/8/3K2k1/8/p3r3/1b6/6p1/8 w - - 10 89",0.0
"1K6/4r3/6k1/8/8/p1q5/8/8 w - - 2 95",0.0
"r1bqkb1r/2pppppp/2n2n2/p7/4P3/2NB1N2/PPPP1PPP/R1BQK2R w KQkq - 3 7",0.0
"r2qkb1r/2pppppp/2n5/4P3/p5n1/2NP1N2/PP1PQPPP/R1B2RK1 w kq - 1 11",0.0
"r2qkb1r/2ppppp1/2n4n/4P2p/p3Q3/2NP1N1P/PP1P1PP1/R1B2RK1 w kq - 1 13",0.0
"r2qkb1r/2pppp2/2n3p1/4Pn1p/N3Q3/P2P1N1P/1P1P1PP1/R1B2RK1 w kq - 1 15",0.0
"r2qkb1r/2p1pp2/2n3p1/2NpPn2/P3Q2p/3P1N1P/1P1P1PP1/R1B2RK1 w kq d6 0 17",0.0
"r2qk2r/2p2p2/2n1p1pb/2NpPn2/P5Qp/3P1N1P/1P1P1PP1/R1B2RK1 w kq - 0 19",0.0
"4k2r/1Np1qp2/r1n1p1pb/P2pPn2/6Qp/3P1N1P/1P1P1PP1/R1B2RK1 w k - 1 21",0.0
"4k2r/1Np2p2/r3p1pb/P2pPn2/1n5p/1P1P1N1P/3P1PP1/R1B2RK1 w k - 0 23",0.0
"5rk1/1Np2p2/r1n1p1pb/P2pPn2/R2P3p/1P3N1P/3P1PP1/2B2RK1 w - - 3 25",0.0
"r5k1/rNR2p2/P3p1p1/1P2Pn2/R2p1b1p/5N1P/3P1PP1/7K w - - 1 33",0.0
"r5k1/rN6/P4p2/1P2p1p1/2R4p/7P/3P1PP1/6K1 w - - 0 39",0.0
"2r3k1/rN6/P4p2/1P4p1/3R3p/7P/5PP1/6K1 w - - 1 41",0.0
"6k1/rN6/P4p2/1P4p1/7p/7P/4rPP1/2R3K1 w - - 5 43",0.0
"2N3k1/3r4/P4p2/1P4p1/7p/7P/r4PP1/2R3K1 w - - 9 45",0.0
"3r2k1/8/PN3p2/rP4p1/7p/6PP/5P2/2R3K1 w - - 1 47",0.0
"8/5k2/P4N2/1r4p1/7p/6PP/5P2/6K1 w - - 0 51",0.0
"8/8/P7/r4k2/4NP1p/7P/6K1/8 w - - 1 55",0.0
"8/8/P7/6N1/5k1p/7P/r7/6K1 w - - 0 57",0.0
"8/8/r3N3/8/7p/6kP/8/5K2 w - - 0 59",0.0
"8/8/6r1/8/4N2p/7k/8/5K2 w - - 0 61",0.0
"8/8/8/8/4N2p/4K3/6rk/8 w - - 4 63",0.0
"8/8/3N4/8/8/5K1p/6r1/6k1 w - - 0 65",0.0
"8/8/8/3q4/5K2/8/8/6k1 w - - 2 69",0.0
"8/8/8/3q4/5K2/7k/8/8 w - - 6 71",0.0
"8/8/8/3q4/5k2/8/4K3/8 w - - 10 73",0.0
"8/8/8/8/8/4k3/q7/4K3 w - - 14 75",0.0
"r1b1kb1r/p2ppppp/n1p2n2/8/1q3B2/2N2N2/PPP1PPPP/R2QKB1R w KQkq - 2 7",0.5
"r1b1kb1r/p2ppppp/2p5/2n1B3/4q3/2P2N2/P1P1PPPP/1RQ1KB1R w Kkq - 3 11",0.5
"r1b1kb1r/p2ppppp/2p5/2n1B3/1RP1q3/5N2/P1P1PPPP/2Q1KB1R w Kkq - 1 13",0.5
"r1b1kb1r/p2ppppp/2p5/2n1B3/1RP1q3/5N2/P2QPPPP/4KB1R w Kkq - 2 15",0.5
"r1b1kb1r/3ppppp/2p5/p3B3/1RP1n3/5N2/P3PPPP/4KB1R w Kkq - 0 17",0.5
"r3kb1r/4pppp/2ppb3/p7/2PBn3/1R3N2/P3PPPP/4KB1R w Kkq - 2 19",0.5
"r3kb1r/4pppp/1R1pb3/2p5/p1PBn3/4PN2/P4PPP/4KB1R w Kkq - 0 21",0.5
"r3kb1r/4pppp/1R1p4/2p5/p1PBb3/4PN2/P4PPP/4K2R w Kkq - 0 23",0.5
"r3kb1r/4ppp1/1R1p4/2p4p/2P1b2P/p1B1PN2/P4PP1/4K2R w Kkq - 0 25",0.5
"r3kb1r/5pp1/3p4/2p1p2p/2P4P/pR2PN2/P1bB1PP1/4K2R w Kkq - 2 27",0.5
"4kb1r/5pp1/3p4/2p1p2p/2R4P/r3PN2/5PP1/4K2R w Kk - 0 31",0.5
"5rk1/4bpp1/3p4/2p1p2p/2R4P/r3PN2/5PP1/1R4K1 w - - 4 33",0.5
"4r1k1/1R3pp1/8/r1ppp1Pp/8/4P3/5PP1/2R3K1 w - - 3 37",0.5
"4r1k1/2R3p1/6p1/r1p1p2p/3p4/4P3/5PP1/2R3K1 w - - 0 39",0.5
"4r1k1/2R3p1/6p1/2R1p2p/4P3/3p4/r4PP1/6K1 w - - 0 41",0.5
"8/2R3p1/5kp1/4p2p/4P3/3p4/5PPK/r7 w - - 3 45",0.5
"8/5kp1/3R2p1/4p2p/4P3/3p4/5PPK/3r4 w - - 7 47",0.5
"8/5kp1/3R2p1/4p2p/4P3/3p4/5PPK/3r4 w - - 11 49",0.5
"8/5kp1/3R2p1/4p2p/4P3/3p4/5PPK/3r4 w - - 15 51",0.5
"8/5kp1/3R2p1/4p2p/4P3/3p4/5PPK/3r4 w - - 19 53",0.5
"8/5kp1/3R2p1/4p2p/4P3/3p4/5PPK/3r4 w - - 23 55",0.5
"8/5kp1/3R2p1/4p2p/4P3/3p4/5PPK/3r4 w - - 27 57",0.5
"8/3R2p1/5kp1/4p2p/4P3/3p2K1/3r1PP1/8 w - - 31 59",0.5
"8/4k1p1/3R2p1/8/4PpK1/3p4/3r2P1/8 w - - 2 63",0.5
"8/4k1p1/8/4P2r/6p1/3R4/4K3/8 w - - 1 69",0.5
"8/4k3/8/4P1p1/4K1p1/3R3r/8/8 w - - 2 71",0.5
"r3kb1r/pp2pp1p/2npbp2/q1p4Q/2P5/5N2/PP1PPPPP/R1B1KB1R w KQkq - 2 9",0.0
"2kr1b1r/pp2pp1p/3pbp2/q1p4Q/1nP5/1P3N2/PB1PPPPP/R3KB1R w KQ - 3 11",0.0
"2k2b1r/p2rp2p/1p1pQp2/B1p5/2P5/1q6/n2PPPPP/R3KB1R w KQ - 0 17",0.0
"2k2b1r/p2rp2p/1p1p1p2/B1p5/q7/4P2Q/n2P1PPP/R3KB1R w KQ - 1 19",0.0
"2k2b1r/p2rp2p/3p1p2/1p6/q1p5/2B1P2Q/n2PBPPP/R3K2R w KQ - 0 21",0.0
"5b1r/p1krp2p/3p1p2/1p6/2p5/q1B1P2Q/n2P1PPP/R2B1RK1 w - - 4 23",0.0
"5b1r/p1kr3p/3p1p2/4p3/1ppB4/q3P2Q/n1BP1PPP/R4RK1 w - - 0 25",0.0
"5b1r/p1k3rp/3p1p2/4p3/2pB4/qp2P2Q/n2P1PPP/RB3RK1 w - - 0 27",0.0
"5b1r/2k3rp/5p2/2qpp3/1n2B3/1Q2P3/3P1PPP/R4RK1 w - - 0 33",0.0
"5b1r/2k3rp/2n2p2/q2ppB2/8/1Q2P3/3P1PPP/2R2RK1 w - - 4 35",0.0
"5br1/5r1p/2nk4/q2ppB2/8/1Q2P1P1/5P1P/2RR2K1 w - - 2 39",0.0
"5b2/7B/3k4/q2p4/1n3rr1/1Q4P1/7P/2RR2K1 w - - 1 43",0.0
"8/7B/3k1r1b/q2p4/1n4r1/4Q1P1/7P/R2R2K1 w - - 5 45",0.0
"8/7B/3k4/R2p4/1n1r3P/6PK/3b1r2/4R3 w - - 5 51",0.0
"4R3/7B/R1nk4/3p4/1r5P/6PK/3b1r2/8 w - - 9 53",0.0
"4R3/8/R1nk4/3p4/7P/2r3PK/2Bb1r2/8 w - - 13 55",0.0
"4R3/3k4/R1n3B1/7P/3p4/2r3PK/3b1r2/8 w - - 1 57",0.0
"2k2r2/8/3R2B1/4K2P/3p4/2r3P1/3b4/8 w - - 2 63",0.0
"5r2/3R4/1k6/4KB1P/3p4/2r3P1/3b4/8 w - - 6 65",0.0
"5r2/8/3R4/2k1KB1P/3p2P1/2r1b3/8/8 w - - 3 67",0.0
"5r2/8/1k6/R4B1P/3bK1P1/2r5/3p4/8 w - - 2 71",0.0
"2r5/8/1k4B1/7P/6q1/8/1K6/8 w - - 0 77",0.0
"r7/8/1k4B1/7P/3q4/1K6/8/8 w - - 4 79",0.0
"7r/5q2/1k5P/8/8/8/8/1K6 w - - 1 83",0.0
"r2qkb1r/pbppppp1/1pn2n1p/1N6/P7/5N2/1PPPPPPP/R1BQKB1R w KQkq - 2 7",1.0
"r2qkb1r/2ppppp1/1p3n1p/p2b4/PP1P4/5N2/3PPPPP/R1BQKB1R w KQkq - 0 11",1.0
"r2qkb1r/2ppppp1/1p5p/3b4/PB1Pn3/5N2/3PPPPP/R2QKB1R w KQkq - 1 13",1.0
"r2q1k1r/2pp1pp1/1p2p2p/3b4/P2Pn3/5N2/2QPPPPP/R3KB1R w KQ - 0 15",1.0
"r2q1k1r/3p1pp1/1pp1p2p/3b2n1/P2P4/3P1N2/2Q1PPPP/2R1KB1R w K - 1 17",1.0
"r4k1r/3p1pp1/1pp4p/3p4/P2q4/3P1P2/2Q2P1P/2R1KBR1 w - - 0 21",1.0
"5k1r/r2p1pp1/1pp4p/3p4/8/2RP1P1B/5PKP/6R1 w - - 6 27",1.0
"5k1r/r2p1pp1/7p/1p1p4/8/2RP1P1B/5PKP/8 w - - 0 29",1.0
"7R/r2pkpp1/7p/3p4/1p6/3P1P1B/5PKP/8 w - - 0 31",1.0
"8/3pkpp1/7p/3p4/1R6/3r1P1B/5PKP/8 w - - 0 33",1.0
"8/1R1Bkpp1/7p/8/3p4/r4P2/5PKP/8 w - - 1 35",1.0
"8/5Rp1/7p/1Bk5/3p4/2r2P2/5PKP/8 w - - 3 39",1.0
"8/3B2R1/7p/2k5/8/2r2P2/3p1PKP/8 w - - 0 41",1.0
"8/8/6Rp/8/Bk6/5P2/3p1PKP/2r5 w - - 4 43",1.0
"8/8/7p/8/B1k5/5P2/3p1PKP/8 w - - 0 45",1.0
"8/8/7p/8/B4P2/2k3K1/3p1P1P/8 w - - 3 47",1.0
"8/8/7p/2k2P2/8/6K1/3p1P1P/3B4 w - - 3 49",1.0
"8/4kP2/7p/8/8/6K1/3p1P1P/3B4 w - - 1 51",1.0
"8/5k2/7p/8/8/6K1/5P1P/3B4 w - - 0 53",1.0
"8/6k1/7p/8/5PB1/6K1/7P/8 w - - 3 55",1.0
"8/6k1/7p/5P2/5KB1/8/7P/8 w - - 3 57",1.0
"8/4k3/7p/4KP1B/8/8/7P/8 w - - 7 59",1.0
"8/8/3k1P1p/5K1B/8/8/7P/8 w - - 3 61",1.0
"5k2/5P2/6Kp/7B/8/8/7P/8 w - - 3 63",1.0
"8/3k1PK1/7p/7B/7P/8/8/8 w - - 3 65",1.0
"3k4/6K1/7p/2Q4B/7P/8/8/8 w - - 3 67",1.0
"4k3/6K1/4B3/2Q4p/7P/8/8/8 w - - 2 69",1.0
"r1bqk2r/pp1ppp1p/5npb/2p5/1nP5/2N2N2/PP1PPPPP/RQB1KB1R w KQkq - 6 7",0.0
"r1b1k2r/pp1ppp1p/5npb/1P2q3/2P5/2N1P3/3P1PPP/RQB1KB1R w KQkq - 1 13",0.0
"r1b1k2r/1p1ppp1p/1P3np1/p3q3/2P2b2/2NBP3/3P1PPP/RQB1K2R w KQkq - 0 15",0.0
"r1b2rk1/1p1ppp1p/1P3npb/p3q3/2P5/2NBP1P1/3P1P1P/RQB2RK1 w - - 3 17",0.0
"r1b2rk1/1p2pp1p/1P1p1npb/p6q/2P5/1QNBP1P1/1B1P1P1P/R4RK1 w - - 2 19",0.0
"r4rk1/1p2pp1p/1P1pb1pb/p6q/2P1N1nP/1Q1BP1P1/1B1P1P2/R4RK1 w - - 1 21",0.0
"r4rk1/1p2pp1p/1P1pb1pb/p3q3/2P1N2P/1Q1BP1P1/3P1P2/R4RK1 w - - 0 23",0.0
"r4rk1/1p2pp1p/1P1pb1pb/p5N1/2P2PqP/1Q1BP1P1/3P4/R4RK1 w - - 3 25",0.0
"r4rk1/1p2pp1p/1P2b1p1/p2p2q1/2P5/1Q1BP3/3P4/R4R1K w - - 0 33",0.0
"r4rk1/1p2pp1p/1P4p1/p4bq1/2B2R2/1Q2P3/3P1K2/R7 w - - 5 37",0.0
"r5rk/1p3p1p/1P2p3/2R5/8/p3P3/3P1K2/8 w - - 0 47",0.0
"r6k/1p3p1p/1P2p3/6r1/8/4P3/p2P1K2/R7 w - - 2 49",0.0
"7k/1p3p2/1P2p3/7p/3PP3/4K3/r7/1r6 w - - 0 53",0.0
"7k/1p6/3r1p2/5K1p/4P3/8/r7/8 w - - 2 57",0.0
"7k/8/4Kp2/1p2P2p/4r3/8/5r2/8 w - - 5 61",0.0
"7k/8/2K5/4p2p/1p2r3/8/5r2/8 w - - 0 63",0.0
"7k/8/8/2K1p2p/8/1p2r3/5r2/8 w - - 0 65",0.0
"7k/3K4/8/4p2p/8/4r3/5r2/1q6 w - - 0 67",0.0
"r1bqkb1r/p2pppp1/2p2n2/7p/5B2/2N5/PPP1PPPP/R2QKB1R w KQkq - 0 7",0.0
"r1b1kb1r/p3ppp1/1qpp1n2/7p/3Q1B2/2N5/PPP1PPPP/2KR1B1R w kq - 0 9",0.0
"r1b1kb1r/p4pp1/5n2/2p1p2p/2R4P/2N5/PPP1PPP1/2K2B1R w kq - 0 13",0.0
"r6r/p4pp1/b2k1n2/2p1p2p/2R1P2P/8/PPP1BPP1/2K4R w - - 2 17",0.0
"8/5pp1/3r1n2/p1k1p2p/4P2P/5P2/PPP1B1P1/2K5 w - - 0 23",0.0
"3r4/5p2/5np1/p1k1p2p/P3P2P/1P3P2/2P1B1P1/2K5 w - - 1 25",0.0
"8/1r3p2/5np1/p1k1p2p/P1B1P2P/1PP2P2/6P1/2K5 w - - 1 27",0.0
"8/1r3p2/5np1/p1k1p2p/P1B1P2P/1PP2P2/6P1/2K5 w - - 5 29",0.0
"2r5/5p2/5np1/pBk1p2p/P3P2P/1PP2PP1/8/2K5 w - - 1 31",0.0
"2r5/4kp2/5np1/p3p2p/P1B1P2P/1PP2PP1/3K4/8 w - - 5 33",0.0
"3r4/3nkp2/6p1/p3p2p/P1B1P2P/1PP2PP1/3K4/8 w - - 9 35",0.0
"1r6/4kp2/8/p1n2P1p/P6P/2P1K3/4B3/8 w - - 2 41",0.0
"1r6/4k3/5p2/p4P1p/n1PK3P/8/4B3/8 w - - 0 43",0.0
"8/4k3/5p2/p1n2P2/2P4r/4KB2/8/8 w - - 0 47",0.0
"8/4k3/5p2/2nB1P2/2P4r/p7/3K4/8 w - - 0 49",0.0
"8/8/3k1p2/2nB1P2/1KP4r/8/p7/8 w - - 2 51",0.0
"7r/8/3k1p2/2nB1P2/1KP5/8/8/q7 w - - 2 53",0.0
"r3kb1r/p2pppp1/b1p2n2/q6p/8/2NQB3/PPP1PPPP/2KR1B1R w kq - 2 9",0.0
"r3k2r/p2pbpp1/b1p2n2/q3p2p/8/2N1B3/PPPQPPPP/2KR1B1R w kq - 2 11",0.0
"5k1r/Qr2bp2/b1p2p2/q3p2p/8/2N5/PPP1PPPP/2KR1B1R w - - 1 15",0.0
"5k1r/1r2bp2/2p2p2/2q1p2p/2b1Q3/1PN5/P1P1PPPP/1K1R1B1R w - - 5 19",0.0
"5k1r/1r2bp2/2p2p2/2q1p2p/2b1Q3/1PN5/P1P1PPPP/1K1R1B1R w - - 9 21",0.0
"5k1r/1r2bp2/q1p2p2/4p2p/2b1Q3/1PN5/P1P1PPPP/1K1R1B1R w - - 13 23",0.0
"6kr/1r2bp2/q1p2p2/4p2p/4Q3/1PN1P3/P1P2PPP/1K1R1R2 w - - 1 25",0.0
"1r4k1/4bp2/q1p2p1r/4pQ1p/4N3/1P2P3/P1P2PPP/1K1R1R2 w - - 5 27",0.0
"6k1/4bp2/q1p2p1r/r3pQ1p/2P1NP2/1P2P3/P5PP/1K1R1R2 w - - 1 29",0.0
"5b1k/3Q1p2/q1p4r/4P2N/2P5/1P2P3/r5PP/1K1R1R2 w - - 1 33",0.0
"r1b1kb1r/pp1ppp1p/n4n2/q5p1/3N1B2/2NQ4/PPP1PPPP/R3KB1R w KQkq - 0 7",0.0
"r1b1kb1r/pp1ppp1p/8/q1n2Qp1/3Nn3/2N1B3/PPP1PPPP/R3KB1R w KQkq - 4 9",0.0
"r1b1kb1r/pp1ppp1p/8/2n2Qp1/3N4/2q1B3/P1P1PPPP/2KR1B1R w kq - 0 11",0.0
"r1b1k2r/pp1ppp2/7p/5QB1/8/1PK5/2P1PPPP/3q1B1R w kq - 0 17",0.0
"r1b1k2r/pp1ppp2/7p/5Q2/5B2/1P1K4/2P1PPPP/4qB1R w kq - 4 19",0.0
"r1b1k2r/p2ppp2/1p5p/5Q2/4P3/1P1K4/2PB1PPP/3q1B1R w kq - 0 21",0.0
"1rb1k2r/p3pp2/1p1p3p/3Q4/1P2P3/3K4/2PB1PPP/3q1B1R w k - 0 23",0.0
"1rb2rk1/p3p3/1p1p1p1p/8/1PPQP3/2B5/3K1PPP/1q3B1R w - - 0 27",0.0
"1rb2r2/p3p2k/1p1p1p1p/3Q4/1PP1P3/2B1K3/2q2PPP/5B1R w - - 4 29",0.0
"1rb2r2/p3p2k/1p1p1p1p/8/1PP1P3/3QK3/3B1PPP/q4B1R w - - 8 31",0.0
"1rbr4/4p2k/1p1p1p1p/p7/1PP1PP2/3Q4/3B1KPP/q4B1R w - - 0 33",0.0
"1r1r4/5b1k/1p1B1p1p/4pP2/2P1P3/3Q4/6PP/q4BKR w - - 1 37",0.0
"3r4/5b1k/3B1p1p/2p1pP2/4P2P/3Q4/6P1/qr3BKR w - - 1 39",0.0
"3r4/5b1k/5p1p/5P2/4P2P/7R/5KP1/3q4 w - - 0 45",0.0
"3r4/7k/5p1p/5P1b/4PK1P/4R3/3q4/8 w - - 2 49",0.0
"r1bq1rk1/p1pppp1p/1pn2npb/8/P1P4P/1QN2N2/1P1PPPP1/R1B1KB1R w KQ - 1 7",0.5
"r1bq1rk1/2p1pp1p/1pnp1npb/p7/P1P4P/1QN2NP1/1P1PPPB1/R1B1K2R w KQ - 0 9",0.5
"r2q1rk1/2pb1p1p/1pnp1npb/p3p3/P1P4P/1QN2NP1/1P1PPPB1/R1B1K2R w KQ - 0 11",0.5
"r2q1rk1/2pb1p1p/1p1p1npb/p5N1/P1Pnp2P/1QN3P1/1P1PPPB1/R1B1K1R1 w Q - 2 13",0.5
"r2q1rk1/5p1p/1ppp1npb/p7/P1PnN1bP/2N3P1/1P1PPPB1/R1BQK1R1 w Q - 0 15",0.5
"r2qr1k1/5p1p/1ppp1npb/p4b2/P1PnN2P/1PN2PP1/3PP1B1/R1BQK1R1 w Q - 1 17",0.5
"r2q2k1/5p1p/1p1p2pb/p1p1r3/P1PnP1bP/BPN3P1/3PP1B1/R2QKR2 w Q - 3 21",0.5
"N3r1k1/5p1p/3p4/p1p5/P1P1P2q/BP6/3PQ1B1/b2K4 w - - 0 29",0.5
"1r4k1/2N2p1p/3p4/p1p5/P1PbP2q/BP3Q2/3P2B1/3K4 w - - 4 31",0.5
"1r4k1/5p2/3p3p/pNp1b3/P1P1P2q/BP3Q1B/3P4/3K4 w - - 0 33",0.5
"1rB3k1/5p2/3p3p/pNp1b3/P1P1P2q/BP3Q2/3P4/3K4 w - - 4 35",0.5
"2B3k1/4rp2/3p3p/pNp1b3/P1P1P2q/BP3Q2/3P4/3K4 w - - 8 37",0.5
"1rB3k1/5p2/3p3p/pNp1b3/P1P1P3/BP6/3P1q2/2KQ4 w - - 20 43",0.5
"1r4k1/5p2/3p3p/pNp1bB2/P1P1P3/BP1Q4/2KP3q/8 w - - 28 47",0.5
"3r4/5k2/3p1p2/pN3B2/P1P1P2p/1P6/2K5/8 w - - 2 101",0.5
"7r/5k2/3p1p2/p4B2/P1PNP2p/1P1K4/8/8 w - - 6 103",0.5
"6r1/4k3/3p1p2/p7/P1PNP2p/1P1K3B/8/8 w - - 10 105",0.5
"6r1/2k5/3p1p2/p4N2/P1PKP2p/1P5B/8/8 w - - 14 107",0.5
"7r/2k5/3p1p2/p4N2/P1P1P2p/1PK5/6B1/8 w - - 18 109",0.5
"6r1/2k5/3p1p2/p4N2/P1P1P2p/1P1K3B/8/8 w - - 22 111",0.5
"5r2/2k5/3p1p2/p7/P1P1P2p/1P2N2B/2K5/8 w - - 26 113",0.5
"2N4r/8/5p2/p1k5/P1P1P1B1/1P5p/2K5/8 w - - 2 117",0.5
"r1bqk2r/1pppbppp/2n1pn2/p1P5/3P4/2N2N2/PPQ1PPPP/R1B1KB1R w KQkq - 1 7",0.0
"r1bq1rk1/1pppbppp/4pn2/p1P5/1n1P1B2/2N2N2/PP2PPPP/RQ2KB1R w KQ - 5 9",0.0
"r1bq1rk1/1pppbppp/4p3/p1Pn4/3P1B1P/5N2/PP2PPP1/RQ2KB1R w KQ - 0 11",0.0
"r1bq1rk1/1pp1b1pp/3pp3/p1Pn1pN1/3P3P/8/PP1BPPP1/RQ2KB1R w KQ - 0 13",0.0
"r1b1qrk1/1pp1b1pp/4p3/p1Pn1pN1/7P/8/PPQBPPP1/R3KB1R w KQ - 1 15",0.0
"r4rk1/1ppbb1pp/2q1p3/p1Pn1pN1/P6P/8/1PQBPPP1/2R1KB1R w K - 3 17",0.0
"r4rk1/2pbb1pp/1q2p3/p2n1pN1/P6P/1P6/2QBPPP1/2R1KB1R w K - 0 19",0.0
"rr4k1/2pbb1p1/1q2p2p/p2n1pN1/P6P/1P1Q4/3BPPP1/1R2KB1R w K - 0 21",0.0
"rr4k1/2p3p1/1q2p2p/pb1n1p2/7P/1P1QP3/3NP1P1/1R2KB1R w K - 2 25",0.0
"rr4k1/6p1/1p2p2p/pb3p2/7P/1P2n3/3NP1P1/1R2KB1R w K - 0 27",0.0
"rr4k1/6p1/1p2p2p/pb3n2/5p1P/1P3N2/4PKP1/1R3B1R w - - 2 29",0.0
"r2r2k1/6p1/1p2p2p/pb6/5p1P/1P3NnR/4P1P1/1R3BK1 w - - 6 31",0.0
"2rr2k1/6p1/1p2p2p/pb6/5p1P/1P3N1R/4P1P1/4RK2 w - - 1 33",0.0
"6k1/6p1/1p2p1Np/pb6/3r1p1P/1P5P/4P3/4R1K1 w - - 3 37",0.0
"6k1/6p1/1p2p1Np/pb5P/3r1p2/1P5P/4PK2/4R3 w - - 3 39",0.0
"2R1b3/5kp1/1p2p1Np/p6P/3r1p2/1P5P/4PK2/8 w - - 7 41",0.0
"4b3/6p1/1p5p/p5kP/1r3pN1/1PR2K1P/4P3/8 w - - 3 45",0.0
"8/6p1/1p5p/p2bN1kP/1r6/1PR3KP/8/8 w - - 4 49",0.0
"8/6p1/1pN4p/pr4kP/8/1b1R2KP/8/8 w - - 2 51",0.0
"8/6p1/1p5p/p5kP/1rbN4/6KP/8/3R4 w - - 6 53",0.0
"8/4R3/1p5p/p5pk/1rbN4/6KP/8/8 w - - 0 55",0.0
"8/4R3/1p5p/6pk/p1b5/1r2N1KP/8/8 w - - 0 57",0.0
"8/4R3/1p5p/3N1bpk/p7/1r5P/5K2/8 w - - 4 59",0.0
"8/8/7p/3N1bpk/pp6/1r2R1KP/8/8 w - - 0 61",0.0
"8/8/7p/6pk/pp6/3bN2P/7K/8 w - - 1 63",0.0
"8/8/7p/6pk/p5N1/3b2KP/1p6/8 w - - 0 65",0.0
"8/8/7p/6pk/8/p4K1P/2q5/8 w - - 0 69",0.0
"8/8/7p/7k/5KpP/8/p1q5/8 w - - 0 71",0.0
"8/8/7p/8/5Kpk/8/2q5/q7 w - - 0 73",0.0
"r1bqk2r/2pppp1p/1pn2npb/p7/P1P4P/1QN2N2/1P1PPPP1/R1B1KB1R w KQkq - 1 7",0.5
"r1bqk2r/3ppp1p/1pp2npb/p5N1/P1Pn3P/2N5/1P1PPPP1/R1BQKB1R w KQkq - 0 9",0.5
"r1bq1rk1/3ppp1p/1pp1nnpb/p5N1/P1P4P/2N1P1P1/1P1P1P2/R1BQKB1R w KQ - 1 11",0.5
"r2q1rk1/3bpp1p/1pppnnpb/p7/P1P4P/2N1PNP1/1P1PBP2/R1BQK2R w KQ - 2 13",0.5
"r2q1rk1/3bpp1p/1p1pn1pb/p1p5/P1PP2nP/2N1PNP1/1P2BP2/R1BQ1RK1 w - - 1 15",0.5
"r2q1rk1/2n1pp1p/1p1p2pb/p1pP1b2/P1P1N1nP/4PNP1/1P2BP2/R1BQ1RK1 w - - 3 17",0.5
"r5k1/4qp1p/1p1p2pb/p1p5/P1P2PnP/5NP1/1PQBrP2/R4RK1 w - - 2 25",0.5
"4r1k1/5pbp/3p2p1/Q1p5/P1q2PnP/5NP1/1P1B1PK1/5R2 w - - 1 31",0.5
"4r1k1/5pbp/3Q2p1/2p5/2q2PnP/5NP1/1P1B1PK1/5R2 w - - 1 33",0.5
"6k1/5pbp/3Q2p1/2p5/5PnP/5NP1/1Pq2PK1/4B3 w - - 1 35",0.5
"1Q3bk1/5p1p/6p1/2p5/4qPnP/5NP1/1P3P2/4B1K1 w - - 5 37",0.5
"6k1/5pbp/6p1/8/2p1qPnP/2Q2NP1/1P3P2/4B1K1 w - - 2 39",0.5
"6k1/5pbp/6p1/2Q5/5PnP/2p2qP1/1P3P2/4B1K1 w - - 0 41",0.5
"5bk1/5p1p/6p1/8/4qPnP/2Q3P1/1P3P2/4B1K1 w - - 1 43",0.5
"r2qkb1r/2ppppp1/bpn2n2/p6p/3P4/2N1PN2/PPP1BPPP/R1BQ1RK1 w kq - 0 7",1.0
"r2qkb1r/2ppppp1/1pn2n2/p7/3P3p/2N1PN2/PPPBQPPP/R4RK1 w kq - 0 9",1.0
"r2qkb1r/2p1ppp1/1p3n2/p2p2N1/1nQP3p/2N1P3/PPPB1PPP/R4RK1 w kq - 0 11",1.0
"r3kb1r/2pqppp1/1pn2n2/p2p2N1/3P3p/PQN1P3/1PPB1PPP/R4RK1 w kq - 1 13",1.0
"r3kb2/2pqppp1/1pn2n2/1N1p2Nr/p2P1P1p/PQ2P3/1PPB2PP/R4RK1 w q - 0 15",1.0
"r4b2/2pkp1p1/1pn2p2/1N4Pr/p2P3p/P3P3/1PPB2PP/R4RK1 w - - 0 19",1.0
"r4b2/2pkp3/1p3p2/1N1Pn2r/p6p/P3P3/1PPB2PP/R4RK1 w - - 0 21",1.0
"r1k2b2/2p1p3/1p3p2/3P1P2/p1nN4/P6p/1PPB2PP/R5K1 w - - 2 25",1.0
"2k2b2/2p1p3/1p3p2/r2P1P2/p1nN4/P7/1PP3KP/R1B5 w - - 1 27",1.0
"2k2N2/2p1p3/1p1n1p2/3r1P2/p7/P7/1PP3KP/R1B5 w - - 1 29",1.0
"1k6/2p1p3/1p1n1pN1/5r2/p4B2/P7/1PP3KP/R7 w - - 2 31",1.0
"1k6/2p5/1p1n1pN1/5r2/p3p2P/P7/1PPB2K1/R7 w - - 0 33",1.0
"1k6/2p5/1p3pN1/8/p1n1pB1P/P4r2/1PP5/R5K1 w - - 4 35",1.0
"1k6/2p5/1p4N1/5p2/p1n2B1P/P3pr2/1PP5/1R4K1 w - - 0 37",1.0
"1k6/2p5/6N1/1p3p1P/p1n2B2/P3p2r/1PP5/4R1K1 w - - 1 39",1.0
"8/1kp5/6NP/1p3p1r/p1n2B2/P3p3/1PP3K1/4R3 w - - 3 41",1.0
"8/4N3/k2r4/1pp5/p7/P3R3/1PP5/6K1 w - - 3 47",1.0
"8/1k6/4R3/2p2N1r/p1P5/P4K2/8/8 w - - 5 59",1.0
"8/2k5/4R3/2N5/p1P2K2/8/r7/8 w - - 1 63",1.0
"8/2k5/4R3/2P5/4NK2/p7/2r5/8 w - - 1 65",1.0
"8/2k5/R1P5/8/4NK2/8/pr6/8 w - - 1 67",1.0
"1k6/8/R1P5/3K4/4N3/8/p1r5/8 w - - 5 69",1.0
"2k5/2P5/R2K4/8/4N3/8/p5r1/8 w - - 1 71",1.0
"R1Q5/8/1k1K4/8/4N3/8/p5r1/8 w - - 1 73",1.0
"r1b1kb1r/1p1ppppp/1qn2n2/pNp5/8/3BPN2/PPPP1PPP/R1BQ1RK1 w kq - 6 7",1.0
"r1b1kb1r/1p1pppp1/1q3n2/pNp4p/1nP5/1Q1BPN2/PP1P1PPP/R1B2RK1 w kq - 2 9",1.0
"r1b1kb1r/1p2ppp1/1q1p1n2/pNp4p/P1P5/3QPN2/1P1P1PPP/R1B2RK1 w kq - 0 11",1.0
"r3kb1r/1p2ppp1/2qp1n2/pNp4p/P1P1P1b1/1P1Q1N2/3P1PPP/R1B2RK1 w kq - 1 13",1.0
"r4b1N/1pk5/2b2p2/p1p4p/P1P5/1P6/3P1P1P/R1B1R1K1 w - - 1 21",1.0
"4b3/1pk5/5p2/p1p1b2p/P1P4N/1P6/3P1P1P/R1B3K1 w - - 2 25",1.0
"8/2kb4/1p6/p1p4p/P1P2p1N/1P6/3P3P/1R4K1 w - - 0 29",1.0
"4b3/2k5/1p6/p1p4p/P1P4N/1P3R2/3P3P/6K1 w - - 1 31",1.0
"5R2/2k5/1p4N1/p1p4p/P1P3b1/1P6/3P3P/6K1 w - - 5 33",1.0
"8/2k5/1p3RN1/p1p4p/P1P3b1/1P6/3P3P/6K1 w - - 9 35",1.0
"8/2k5/1p3RN1/p1p4p/P1P3b1/1P6/3P3P/6K1 w - - 13 37",1.0
"1k6/5R2/1p4N1/p1p4p/P1P4P/1P6/3P4/3b2K1 w - - 3 39",1.0
"8/5R2/kp4N1/p1p4p/P1P4P/1P6/3P4/3b2K1 w - - 7 41",1.0
"7R/8/1p6/k1p5/p1P4P/3P4/8/6K1 w - - 2 47",1.0
"R7/8/1p6/2p5/1kP4P/p2P4/8/6K1 w - - 2 49",1.0
"8/8/Rp6/2p4P/2P5/1k1P4/p7/6K1 w - - 0 51",1.0
"8/7P/R7/2p5/2p5/1k1P4/p7/6K1 w - - 0 53",1.0
"1Q6/8/R7/2p5/8/2kp4/p7/6K1 w - - 2 55",1.0
"8/8/8/2p5/8/R2pk3/pQ6/6K1 w - - 6 57",1.0
"8/8/8/8/2p5/3Q4/R7/4k1K1 w - - 0 61",1.0
"r1b1kb1r/npqpppp1/5n2/pB1P3p/8/2N2N2/PPP2PPP/R1BQ1RK1 w kq - 1 9",0.5
"r1b1kb1r/np1pppp1/3q1n2/p2P4/B2Q3p/2N2N2/PPP2PPP/R1B2RK1 w kq - 0 11",0.5
"r1b1kb1r/n2pppp1/3q1n2/pp1P4/B2Q2P1/2N2N1p/PPP2P1P/R1B1R1K1 w kq - 0 13",0.5
"r1b1kb1r/n2pppp1/q4n2/p2P4/1p1Q1BP1/1BN2N1p/PPP2P1P/R3R1K1 w kq - 2 15",0.5
"r1b1kb1r/1q3p2/2n1p1p1/Q7/Pp2RBP1/3B1N1p/1PP2P1P/R5K1 w kq - 1 23",0.5
"r1b1k2r/4bp2/1qn1p1p1/8/Pp2RBP1/1Q1B1N1p/1PP2P1P/R5K1 w kq - 5 25",0.5
"r4rk1/5p2/2bqp1p1/8/PR4P1/1Q3N1p/1PP2P1P/R5K1 w - - 1 31",0.5
"r4rk1/5p2/2b1p1p1/3q4/P1R3P1/1Q3N1p/1PP2P1P/R5K1 w - - 5 33",0.5
"r4rk1/5p2/4p1p1/3b4/P4RP1/1P3N1p/1P3P1P/R5K1 w - - 1 35",0.5
"r4rk1/8/5pp1/3bp3/PP3RP1/7p/1P1N1P1P/R5K1 w - - 0 37",0.5
"r7/4N1k1/8/4p3/Pr6/7p/1P3P1P/R5K1 w - - 2 43",0.5
"6r1/6k1/2N5/P3p3/8/7p/1r3P1P/R5K1 w - - 2 45",0.5
"8/4N1k1/P7/4p3/8/7p/1r3r1P/R5K1 w - - 0 47",0.5
"5r2/P5k1/8/4p3/8/7p/1r5P/R5K1 w - - 1 49",0.5
"8/6k1/8/8/R3p2K/4r2p/7P/8 w - - 2 55",0.5
"8/R7/6k1/8/4p1K1/4r2p/7P/8 w - - 6 57",0.5
"8/R7/6k1/8/4K3/7p/5r1P/8 w - - 1 63",0.5
"8/8/1R6/7k/4K3/7p/7r/8 w - - 2 65",0.5
"8/7R/8/8/4K1k1/7p/3r4/8 w - - 6 67",0.5
"8/7R/8/8/4K1k1/7p/3r4/8 w - - 10 69",0.5
"8/7R/8/8/4K1k1/7p/3r4/8 w - - 14 71",0.5
"8/7R/8/8/4K1k1/7p/3r4/8 w - - 18 73",0.5
"8/7R/8/8/4K1k1/7p/3r4/8 w - - 22 75",0.5
"8/7R/8/8/4K1k1/7p/3r4/8 w - - 26 77",0.5
"8/7R/8/8/4K1k1/7p/3r4/8 w - - 30 79",0.5
"8/7R/8/8/4K1k1/7p/3r4/8 w - - 34 81",0.5
"8/7R/8/8/4K1k1/7p/3r4/8 w - - 38 83",0.5
"8/7R/8/8/4K1k1/7p/3r4/8 w - - 42 85",0.5
"8/6R1/7k/8/8/5K1p/3r4/8 w - - 46 87",0.5
"8/8/6k1/8/8/5K1R/3r3p/8 w - - 2 89",0.5
"r1b1kbnr/pp1pppp1/8/q1pN2Pp/1n6/1P3N2/P1PPPP1P/R1BQKB1R w KQkq - 1 7",1.0
"r1b1kbnr/pp1pppp1/2n5/q1p3P1/7p/1PN2N1B/P1PPPP1P/R1BQK2R w KQkq - 0 9",1.0
"r1b1k1nr/pp1pppb1/2n3p1/q1pN2P1/P6p/1P3N1B/2PPPP1P/R1BQK2R w KQkq - 2 11",1.0
"r1b1k1nr/pp1ppp2/6p1/q1pNn1P1/P6p/1PP4B/3PPP1P/R1BQK2R w KQkq - 0 13",1.0
"2r1k1nr/pp2pp2/3p2p1/q1pNn1P1/P6p/1PP5/3PPP1P/R1BQ1RK1 w k - 0 15",1.0
"2r1k1nr/pp3p2/3pp1p1/q2Nn1P1/P2Q3p/1PP5/4PP1P/R1B2RK1 w k - 0 17",1.0
"2r1k1nr/1p3p2/1p1pp1p1/4n1P1/PN5p/1PP5/4PP1P/R1B2RK1 w k - 0 19",1.0
"2r1k2r/1p1nnp2/1p1pp1p1/6P1/PNP2P1p/1P6/4P2P/R1B2RK1 w k - 1 21",1.0
"2r1k3/1p2np2/1p1pp1p1/2n3Pr/PNP1PP1p/1P6/1B5P/R4RK1 w - - 3 23",1.0
"2r1k3/1p3p2/1p1pp1p1/5nr1/PNPR3p/1P6/1B5P/5R1K w - - 2 27",1.0
"2r5/1p2k3/1p1ppp2/5np1/PNP4p/1P3R2/1B5P/6K1 w - - 0 31",1.0
"2r5/1p2k3/1p1ppp2/5np1/PNP4p/1PB2R1P/8/6K1 w - - 3 33",1.0
"2r5/1p6/1p1pppk1/5np1/PNP4p/1PB2R1P/8/6K1 w - - 7 35",1.0
"8/1p6/1prp1pk1/3Npnp1/P1P4p/1PBR3P/8/6K1 w - - 2 37",1.0
"8/1p6/1prpkp2/3Npnp1/P1P4p/1PB4P/5R2/6K1 w - - 6 39",1.0
"8/1p6/1p1pkp2/2rN1np1/P1P1p2p/1PB4P/5R2/6K1 w - - 0 41",1.0
"8/1p6/3n1pk1/1p1P2p1/P6p/1P2R2P/8/6K1 w - - 0 47",1.0
"8/1p3k2/5p2/Pp1P1np1/4R2p/1P5P/8/6K1 w - - 3 49",1.0
"8/1p3k2/4Rp2/Pp1P2p1/1Pn4p/7P/8/6K1 w - - 3 51",1.0
"8/1p6/6k1/Pp1P1pp1/1Pn4p/7P/6R1/6K1 w - - 2 53",1.0
"8/1p3k2/4R3/Pp1P2p1/1Pn2p1p/7P/8/6K1 w - - 0 55",1.0
"8/8/5k2/P2P2p1/5p1p/4nK1P/1R6/8 w - - 3 61",1.0
"8/8/1R1Pk3/P5p1/5p1p/4nK1P/8/8 w - - 1 63",1.0
"8/8/3k4/P5R1/3n1K1p/7P/8/8 w - - 1 67",1.0
"6R1/8/4n3/P1k5/6Kp/7P/8/8 w - - 5 69",1.0
"6R1/P1n5/1k6/8/6Kp/7P/8/8 w - - 1 71",1.0
"8/2R5/1k6/8/6Kp/7P/8/8 w - - 1 73",1.0
"8/8/k7/8/7K/7P/8/2R5 w - - 1 75",1.0
"8/8/8/8/1k4KP/8/8/2R5 w - - 1 77",1.0
"8/8/7P/8/6K1/8/1k6/2R5 w - - 1 79",1.0
"8/2R4P/8/8/1k4K1/8/8/8 w - - 1 81",1.0
"7Q/1R6/8/k7/6K1/8/8/8 w - - 3 83",1.0
"r1bqk2r/pppp1pp1/4pn2/1Nb4p/1nP5/3Q1N2/PP1PPPPP/R1B1KB1R w KQkq - 4 7",1.0
"r1bq1rk1/pppp1pp1/1b2pn2/1N5p/1nPP4/5N2/PP2PPPP/RQB1KB1R w KQ - 1 9",1.0
"r1bq1rk1/pp1p1pp1/1bn1pn2/1Np4p/2PP4/P4N2/1P1BPPPP/RQ2KB1R w KQ - 1 11",1.0
"r1bq1rk1/pp3pp1/2n1pn2/b1pp3p/2PP4/P1N1BN2/1P2PPPP/RQ2KB1R w KQ - 0 13",1.0
"r1br2k1/pp3pp1/1b2p3/7p/6nP/P1N2N2/1P2PPP1/R3KB1R w KQ - 1 19",1.0
"r2r2k1/1p4p1/1b2p3/p3p2p/6nP/P1N1PN2/1P3PP1/R4RK1 w - - 0 23",1.0
"3r2k1/1p4p1/1br1p3/p3p1Np/6nP/P1N1P3/1P3PP1/R2R2K1 w - - 4 25",1.0
"6k1/1p4p1/1b1rp3/p3p1Np/P5nP/2N1P3/1P3PP1/R5K1 w - - 0 27",1.0
"6k1/1p4p1/1b2p3/p3p1Np/P3N1nP/4P3/1Pr2PP1/3R2K1 w - - 4 29",1.0
"6k1/1p6/4p1p1/p3p1Np/P6P/1P6/2r3P1/3R3K w - - 0 33",1.0
"6k1/1R6/1p2N1p1/p3p2p/P6P/1P6/3r2P1/7K w - - 2 37",1.0
"8/4k3/1R2N1p1/p3p2p/P6P/1P6/3r2P1/7K w - - 1 39",1.0
"8/8/6p1/R3pkNp/P6P/1P6/6PK/3r4 w - - 1 43",1.0
"8/8/3r2p1/R3N2p/P4k1P/1P6/6PK/8 w - - 1 45",1.0
"8/8/1r4p1/2R1N2p/P3k2P/1P4P1/7K/8 w - - 3 47",1.0
"8/8/5rp1/P1R1N2p/1P2k2P/6P1/7K/8 w - - 1 49",1.0
"8/8/P5p1/1Pk4p/7P/6P1/7K/8 w - - 0 53",1.0
"Q7/8/6p1/2k4p/7P/6P1/7K/8 w - - 1 55",1.0
"8/8/8/5Q2/7P/2k3P1/7K/8 w - - 3 59",1.0
"8/8/7P/5Q2/8/2k3P1/7K/8 w - - 1 61",1.0
"7Q/8/8/5Q2/8/1k4P1/7K/8 w - - 1 63",1.0
"7Q/8/8/8/8/2Q3P1/7K/1k6 w - - 5 65",1.0
"r2qkb1r/1bpppppp/1p3n2/p1n1N3/8/2N1P3/PPPPBPPP/R1BQ1RK1 w kq - 2 7",0.5
"r2qkb1r/1bpnppp1/1p2p3/p3N2p/P2P4/2N1P3/1PP2PPP/R1BQ1RK1 w kq - 1 11",0.5
"r2qkb2/2pnppp1/1p2p2r/p3N2p/P2P4/2NQP3/1PP2PKP/R1B2R2 w q - 3 15",0.5
"r3kb2/1qpnppp1/1pN1p2r/p6p/P2P4/2NQP3/1PP2P1P/R1B2R1K w q - 7 17",0.5
"5b2/4ppp1/Npk1pnr1/p6p/P2PP3/8/1PP2P1P/R1B2R1K w - - 0 23",0.5
"5b2/1k3pp1/Np2ppr1/p6p/P2P4/8/1PP2P1P/R1B2R1K w - - 0 25",0.5
"8/1k3pp1/Np1b1pr1/p2p3p/P7/8/1PP2P1P/R1B1R2K w - - 0 27",0.5
"8/1k3pp1/Np6/p4p1p/P1pr1B2/8/1P3P1P/R6K w - - 2 31",0.5
"8/1k3p2/Np4p1/p4p1p/P1p5/3rB3/1P3P1P/6RK w - - 0 33",0.5
"8/1k3p2/6p1/p1B2p2/P1p4p/3r4/1P3P1P/6RK w - - 0 35",0.5
"8/1k3p2/6p1/p4p2/P4r2/7R/7P/6BK w - - 0 41",0.5
"2k5/5p2/6p1/p4p2/P1r5/4R3/7P/6BK w - - 4 43",0.5
"2k5/8/4Rpp1/p4p2/r7/8/7P/6BK w - - 0 45",0.5
"8/3k4/5Rp1/p4p2/6r1/8/7P/6BK w - - 1 47",0.5
"4k3/R7/6p1/5p2/p5r1/8/7P/6BK w - - 0 49",0.5
"R7/5k2/6p1/2B2p2/p1r5/8/7P/7K w - - 4 51",0.5
"8/4R3/6p1/2Bk1p2/p1r5/8/7P/7K w - - 8 53",0.5
"8/3R4/6p1/8/p1r1kp2/B7/7P/7K w - - 2 55",0.5
"8/5R2/6p1/8/p1r2pk1/B7/7P/7K w - - 6 57",0.5
"8/8/2rB1R2/6p1/p4pk1/8/7P/7K w - - 2 59",0.5
"8/8/5R2/6p1/3B1pk1/8/p1r4P/6K1 w - - 0 63",0.5
"8/5R2/8/6pk/5p2/7P/6K1/r7 w - - 1 69",0.5
"8/6R1/8/6pk/5p2/r6P/8/6K1 w - - 5 71",0.5
"8/6R1/8/6pk/5p2/r6P/8/6K1 w - - 9 73",0.5
"8/6R1/8/6p1/5p1k/7P/r7/6K1 w - - 13 75",0.5
"8/7R/8/6p1/8/4K1kP/5p2/r7 w - - 0 79",0.5
"8/8/8/6p1/8/4K1kP/8/5r2 w - - 0 81",0.5
"8/8/8/6p1/2K2k2/5r1P/8/8 w - - 4 83",0.5
"8/8/8/3K4/5kp1/7r/8/8 w - - 0 85",0.5
"8/8/8/1K6/5k2/7r/6p1/8 w - - 0 87",0.5
"8/8/1q6/8/2K2k2/7r/8/8 w - - 2 89",0.5
"rnb2rk1/1pppqppp/3bpn2/p7/P7/2NBPN2/1PPP1PPP/R1BQ1RK1 w - - 1 7",1.0
"r1b2rk1/1p1pqppp/2nbpn2/p1p5/P7/2NBP3/1PPPNPPP/R1BQ1RK1 w - - 2 9",1.0
"r1b2rk1/3pqppp/1p1bpn2/p1p1n3/P4N2/2NBP3/1PPPQPPP/R1B2RK1 w - - 0 11",1.0
"r4rk1/1b1pqp1p/1p1bpn2/p1p1n1p1/P4N2/BPNBP3/2PPQPPP/R4RK1 w - - 0 13",1.0
"r4rk1/3pqp1p/1p2pn2/p1p1b3/P5p1/BPNQP3/2PP1PKP/R4RN1 w - - 2 17",1.0
"r4rk1/3p1p1p/1p2pn2/p1p5/P1P2Ppq/BP1QP3/2P4P/R4RNK w - - 1 21",1.0
"5rk1/r2p1p1p/1p2pn2/p1p5/P1P2P1q/1PQ1P1p1/1BP4P/R4RNK w - - 0 23",1.0
"5rk1/r2p1p1p/1p6/p1p1P3/P1P1n3/1PQ1P1Pq/1BP4N/R4R1K w - - 1 27",1.0
"5rk1/r2p1p1p/1p6/p1p1P3/P1P5/1P1QP2q/1BP4N/5R1K w - - 3 31",1.0
"r1bqk2r/pppp1pp1/4pn1p/1Nb5/1nP5/3Q1N2/PP1PPPPP/R1B1KB1R w KQkq - 4 7",0.0
"r1bq1rk1/pppp1pp1/1b2pn1p/1N6/1nPP4/5N2/PP2PPPP/RQB1KB1R w KQ - 1 9",0.0
"r1bq1rk1/pp1p1pp1/1bn1pn1p/1Np5/2PP4/P4N2/1P1BPPPP/RQ2KB1R w KQ - 1 11",0.0
"1rbq1rk1/ppNp1pp1/1Pn1p2p/8/2n5/P4N2/1P2PPPP/RQ2KB1R w KQ - 2 15",0.0
"1rbq1rk1/1p1p1pp1/pnn1p2p/1N6/8/P4N2/1P2PPPP/R1Q1KB1R w KQ - 0 17",0.0
"1rb2rk1/1p1p1pp1/p1nNpq1p/2Qn4/8/P4N2/1P2PPPP/R3KB1R w KQ - 4 19",0.0
"1rb2rk1/3p1pp1/p2Np2p/1p1nq3/4P1P1/P7/1P3P1P/R1Q1KB1R w KQ - 1 23",0.0
"1rb2rk1/3p1pp1/p2qp2p/1B6/4PnP1/P7/1P3P1P/R1Q1K2R w KQ - 0 25",0.0
"1rb2rk1/3p1pp1/p3p2p/8/2B1qnP1/P7/1P3P1P/R1Q2RK1 w - - 0 27",0.0
"1rb2rk1/5pp1/p3p2p/3p4/2Bq1nP1/P4P2/1P5P/R1Q2R1K w - - 0 29",0.0
"1rb2rk1/5pp1/p3p2p/8/2Q2nP1/PP3P2/3q3P/R4R1K w - - 1 31",0.0
"2b2rk1/5pp1/p3p2p/8/4PnP1/P3r3/7P/RR5K w - - 2 35",0.0
"5rk1/1b4p1/p6p/5p2/4Pn2/P6r/7P/4R1RK w - - 2 43",0.0
"5rk1/6p1/p6p/3b4/4pn2/P5Rr/7P/4R1K1 w - - 2 45",0.0
"5rk1/6p1/p6p/3b4/P3p3/3n2P1/8/4R1K1 w - - 1 47",0.0
"6k1/6p1/p6p/3b4/P3pnP1/5r2/4R3/6K1 w - - 1 49",0.0
"6k1/6p1/p6p/3b4/P3pnr1/8/2R5/5K2 w - - 0 51",0.0
"2R5/7k/p6p/3b2p1/P3pnr1/8/8/5K2 w - - 2 53",0.0
"7k/8/p7/3b2pp/P3pnr1/2R5/8/5K2 w - - 0 55",0.0
"2R5/6k1/p7/P2b2p1/4pnrp/8/8/5K2 w - - 2 57",0.0
"8/8/4n3/P3k1p1/2b4p/4p1r1/8/4K3 w - - 0 63",0.0
"8/8/4n3/P3k1p1/2b4p/8/3Kp3/6r1 w - - 2 65",0.0
"8/8/4n3/P3k1p1/2b4p/8/1K6/2r1q3 w - - 0 67",0.0
"r3kb1r/ppp1pppp/2q2n2/3p4/6b1/4PN2/PPPP1PPP/RNBQ1RK1 w kq - 0 7",1.0
"2kr1b1r/ppp1pppp/2q5/3p4/P3n1b1/2N1PN2/1PPP1PPP/R1BQ1RK1 w - - 1 9",1.0
"2k2b1r/1pp1pppp/5n2/3p4/P7/3PP3/1PP2PPP/R1BR2K1 w - - 1 15",1.0
"2k2b1r/2p2ppp/Rn2p3/3p4/8/3PP3/1PPB1PPP/3R2K1 w - - 3 19",1.0
"2k2b1r/2p2pp1/Rn2p3/3p4/3B3p/3PP3/1PP2PPP/3R2K1 w - - 0 21",1.0
"Rnk2b1r/2p2pp1/4p3/3p4/3B3p/3PP3/1PP2PPP/R5K1 w - - 4 23",1.0
"1R3b1r/B1p2pp1/3kp3/3p4/7p/3PP3/1PP2PPP/R5K1 w - - 1 25",1.0
"7R/2pkbp2/R3p3/3p2p1/3P3p/4P3/1PP2PPP/6K1 w - - 1 29",1.0
"7R/2pkb3/R3p3/3p1p2/1P1P2pp/2P1P3/5PPP/6K1 w - - 0 31",1.0
"7R/3kb3/R1p1p3/3p1p2/1P1P3p/2P1P2P/5P2/6K1 w - - 0 33",1.0
"R2bk3/7R/2p1p3/3p1p2/1P1P3p/2P1P2P/5P2/6K1 w - - 4 35",1.0
"3R3R/8/2p1pk2/3p1p2/1P1P3p/2P1P2P/5P2/6K1 w - - 1 37",1.0
"r1bqkb1r/ppp1pppp/2n5/3p4/3Pn3/4PN2/PPP1BPPP/RNBQ1RK1 w kq - 1 7",0.0
"r1b1kb1r/ppp1pppp/2nq4/8/3Pp3/4PN2/PPP1BPPP/R1BQ1RK1 w kq - 0 9",0.0
"r3kb1r/ppp1pppp/2n3q1/5bN1/3Pp2P/4P3/PPP1BPP1/R1BQ1RK1 w kq - 1 11",0.0
"2kr1b1q/ppp1p2p/2n3p1/5b2/3Pp2P/4P3/PPP1BPP1/R1BQ1RK1 w - - 2 15",0.0
"2kr1b2/ppp4p/2n2qp1/4pb1P/3Pp3/4P3/PPPBBPP1/R2Q1RK1 w - - 0 17",0.0
"2kr4/ppp2B1p/2nb4/5b2/3Pp2q/4P3/PP1B1PP1/R2Q1RK1 w - - 3 21",0.0
"2kr4/ppp2B1p/2nb1q2/8/3Pp3/1Q2P1Pb/PP1B1P2/R4RK1 w - - 3 23",0.0
"2k2r2/ppp2q1p/2nb4/3P4/4p3/1Q2P1Pb/PP1B1P2/R1R3K1 w - - 0 25",0.0
"r1bqk2r/ppp1pp1p/2n2n1b/3p4/6pN/2N1P3/PPPPBPPP/R1BQ1RK1 w kq - 2 7",0.0
"r1bq1rk1/ppp1pp1p/2n2n2/3p1Nb1/6p1/2NBP3/PPPP1PPP/R1BQ1RK1 w - - 6 9",0.0
"r2q1rk1/pppb1p1p/2n1pn2/3p2b1/6p1/2NBP1N1/PPPPQPPP/R1B2RK1 w - - 2 11",0.0
"r2q1rk1/1ppb1p1p/2n2n2/pN1pp1b1/P5p1/3BP1N1/1PPPQPPP/R1B2RK1 w - - 0 13",0.0
"r4rk1/1ppqnp1p/5n2/pN1pp1b1/P5p1/4P1N1/1PPPQPPP/R1B2RK1 w - - 0 15",0.0
"r4rk1/1p1qnp1p/2p2n2/pN1p2b1/P2Pp1p1/4P1N1/1PPBQPPP/R4RK1 w - - 0 17",0.0
"r4rk1/1p3p1p/2p2n2/p2p1qb1/P2Pp1p1/2N1P3/1PPBQPPP/R4RK1 w - - 0 19",0.0
"r4rk1/1p3p1p/2pn1b2/P2p1q2/1R1Pp1p1/2N1P3/2PBQPPP/R5K1 w - - 1 23",0.0
"r5k1/rp3p1p/2pn1b2/P2p1q2/1R1Pp1p1/2N1P3/2PBQPPP/R5K1 w - - 5 25",0.0
"r2b2k1/rp3p1p/2p5/P2p1q2/R1nPp1p1/4P3/2PBQPPP/R2N2K1 w - - 9 27",0.0
"r5k1/r3bp1p/P1p5/3p1q2/1p1Pp1p1/4P3/R1PQ1PPP/R2N2K1 w - - 0 31",0.0
"r5k1/r4p1p/P7/2bp1q2/1p2p1p1/4P3/R1P1QPPP/R2N2K1 w - - 0 33",0.0
"r1q3k1/r4p1p/P2b4/3p4/1p2p1p1/4P3/R1P1QPPP/R2N2K1 w - - 4 35",0.0
"2q4k/7p/r2b4/5p2/1p2p1R1/4P3/2P1QPPP/3N2K1 w - - 0 41",0.0
"2q4k/7p/3b4/5pRQ/1p2p3/4P3/2r2PPP/3N2K1 w - - 0 43",0.0
"5R2/6kp/8/8/1p2p3/4P3/3r1PPP/3N2K1 w - - 1 47",0.0
"5k2/7p/8/8/1p2p3/4P3/2r2PPP/3NK3 w - - 2 49",0.0
"5k2/7p/8/8/1p6/4PP2/7r/3NK3 w - - 0 51",0.0
"5k2/8/8/4P2p/8/1p3P2/7r/3NK3 w - - 0 53",0.0
"5k2/8/8/5P1p/8/1pK5/8/3Nr3 w - - 2 57",0.0
"5k2/8/8/5P2/1K5p/1p2r3/1N6/8 w - - 0 59",0.0
"5k2/8/5P2/8/1KN5/1p4rp/8/8 w - - 0 61",0.0
"4k3/3N4/5P2/8/1K6/6rp/1p6/8 w - - 2 63",0.0
"4k3/8/5P2/2K1N3/8/6r1/7p/1q6 w - - 0 65",0.0
"5k2/5P2/8/2K5/2N5/6r1/8/1q5q w - - 0 67",0.0
"5k2/1q3P2/6r1/2K5/8/8/8/7q w - - 0 69",0.0
"1r1qkb1r/pbppppp1/p4n2/4N2p/8/2N1P3/PPPP1PPP/R1BQ1RK1 w k - 0 7",0.0
"1r2kb1r/pbpqppp1/p2p1n2/7p/8/2N1PN2/PPPPQPPP/R1B2RK1 w k - 2 9",0.0
"1r2kb1r/pbp1pp2/p2p1n2/6pp/P2P2q1/2N1PN2/1PP1QPPP/R1B2RK1 w k - 0 11",0.0
"1r2kb1r/pbp1pp2/p2p1n2/P5p1/R2P2q1/2N1PN1p/1PP1QPPP/2B2RK1 w k - 0 13",0.0
"1r2kb1r/p1p1pp2/p2p1n2/P5p1/R2P4/2N1PbPp/1PP2P1P/2B2RK1 w k - 0 15",0.0
"1r2k2r/p3ppb1/p1pp1n2/P5p1/2RP4/1PN1PbPp/2P2P1P/2B2RK1 w k - 1 17",0.0
"1r2k2r/p3pp2/p1Rp4/P7/3bP1p1/1P3bPp/2P2P1P/2B1R1K1 w k - 0 21",0.0
"1r2k2r/p7/p2p4/P3p3/2R1pBp1/1P3bPp/2P4P/4R1K1 w k - 0 25",0.0
"5rk1/R7/P7/4p3/3pp1p1/1P4Pp/2r2BbP/4R1K1 w - - 1 31",0.0
"5k2/5r2/P7/4p3/3p2p1/1P2p1Pp/6bP/R5K1 w - - 0 35",0.0
"8/5rk1/8/4p3/6p1/1P1p2Pp/4p2P/R5K1 w - - 0 39",0.0
"8/5rk1/8/8/1P2p1p1/6Pp/3pp2P/1R4K1 w - - 0 41",0.0
"r1b1kb1r/ppqpppp1/n7/2p4p/6n1/1N1BP3/PPPP1PPP/RNBQ1RK1 w kq - 2 7",0.0
"r1b1kb1r/ppqpppp1/5n2/2n4p/5P2/1P2PB2/1PPP2PP/RNBQ1RK1 w kq - 3 11",0.0
"r1b1kb1r/ppqpppp1/5n2/2nP3p/5P2/1P2PB2/1PP3PP/RNBQ1RK1 w kq - 1 13",0.0
"r1b1kb1r/pp1pppp1/1q3n2/2nP4/3Q1P1p/1PN1PB2/1PP3PP/R1B2RK1 w kq - 0 15",0.0
"r1b1kb1r/1p1pppp1/np3n2/3P4/1P3P1p/2N1PB2/1PP3PP/R1B2RK1 w kq - 0 17",0.0
"2b1kb1r/Rpn1ppp1/1p1p1n2/1P1P4/5P2/2N1PB1p/1PPB2PP/6K1 w k - 0 21",0.0
"2b1k2r/Rpn1ppb1/1p1p1np1/1P1P4/1P3P2/2N1PBPp/2PB3P/6K1 w k - 1 23",0.0
"7r/1Rnkpp2/1p1p2p1/1P1P4/1P1bPPb1/2N3Pp/2PB3P/5K2 w - - 3 27",0.0
"7r/1k2pp2/1N1p2p1/1n1P4/1P2PPb1/4B1Pp/2P4P/5K2 w - - 0 31",0.0
"7r/1k2pp2/1N1p2p1/3PP3/1P3Pb1/2P1B1Pp/2n4P/5K2 w - - 1 33",0.0
"4r3/1k2Pp2/6p1/8/1P1K1P2/2P3Pp/4b2P/8 w - - 3 39",0.0
"8/1k3p2/6p1/1PK5/4rP2/2P3Pp/4b2P/8 w - - 2 41",0.0
"8/1k3p2/6p1/1P2K3/5P2/2r3Pp/4b2P/8 w - - 0 43",0.0
"8/1k3K2/6p1/1P6/5P2/3b2Pp/2r4P/8 w - - 1 45",0.0
"8/1k6/5Kp1/1P3P2/8/3b2Pp/5r2/8 w - - 1 47",0.0
"r1bq1rk1/1ppp1ppp/2nbpn2/p7/P7/2NBPN2/1PPP1PPP/R1BQ1RK1 w - - 0 7",0.0
"r1bq1rk1/1p1p1ppp/3ppn2/p7/Pn6/3BPN2/1PPP1PPP/R1BQ1RK1 w - - 0 9",0.0
"r1bq1rk1/1p1p1ppp/4pn2/p2p4/P7/3QPN2/1PPP1PPP/R1B2RK1 w - - 0 11",0.0
"r1bq1rk1/1p3ppp/3p1n2/p2pp3/P7/3QPN2/1PPP1PPP/R1B2RK1 w - - 0 13",0.0
"r4rk1/1pqb1ppp/3p1n2/pQ1pp3/P7/2P1PN2/1P1P1PPP/R1B2RK1 w - - 1 15",0.0
"r4rk1/1pq2ppp/3p1n2/pQ1pp3/P5b1/2P1PN2/1P1P1PPP/R1B2RK1 w - - 5 17",0.0
"r4rk1/2q2pp1/1p1p1n2/pQ1pp2p/P7/2PPPP2/1P3P1P/R1B2RK1 w - - 0 21",0.0
"r1r3k1/2q2pp1/1p1p1n2/pQ2p3/P1P5/1P2PP1p/3B1P1P/R4RK1 w - - 0 25",0.0
"r5k1/1q3pp1/1prp1n2/pQ2p3/P1P1P3/1P2BP1p/5P1P/R4RK1 w - - 3 27",0.0
"r5k1/1q3pp1/1prp1n2/pQ2p3/P1P1P3/1P2BP1p/R4P1P/3R2K1 w - - 7 29",0.0
"1r4k1/2q2pp1/1prp1n2/pQ2p3/P1P1P3/1P2BP1p/R4P1P/3R2K1 w - - 11 31",0.0
"1r4k1/2q2pp1/1prp1n2/pQ2p3/P1P1P3/1P2BP1p/3R1P1P/3R2K1 w - - 15 33",0.0
"5rk1/2q2pp1/1prp1n2/pQ2p3/P1P1P3/1P2BP1p/1R3P1P/3R2K1 w - - 19 35",0.0
"2r3k1/2q2pp1/Qprp4/p3p2n/P1P1P3/1P2BP1p/2R2P1P/3R2K1 w - - 23 37",0.0
"1r4k1/2q2pp1/1prp1n2/pQ2p3/P1P1P3/1P2BP1p/3R1P1P/3R2K1 w - - 27 39",0.0
"2r3k1/2q2pp1/Q1rp1n2/pp2p3/P1P1P3/1P2BP1p/2R2P1P/3R2K1 w - - 0 41",0.0
"6k1/B4pp1/3p1n2/p3p3/P1r1P3/5P1p/5P1P/3R2K1 w - - 0 45",0.0
"6k1/5pp1/8/B1n1p3/P1r5/7p/5P1P/R5K1 w - - 1 49",0.0
"6k1/5pp1/1B6/4p3/Pn6/7p/5PrP/5R1K w - - 9 53",0.0
"6k1/5pp1/1B6/P3p3/3n4/7p/5PrP/3R3K w - - 1 55",0.0
"6k1/P4pp1/1B6/4p3/3n4/7p/r6P/3R3K w - - 1 57",0.0
"8/P4pk1/8/2B1p1p1/3n4/7p/r6P/1R5K w - - 2 59",0.0
"8/P4pk1/8/2B1p1n1/8/7p/r6P/7K w - - 0 61",0.0
"r7/6k1/8/4ppn1/8/7p/7P/6BK w - - 0 63",0.0
"8/6k1/8/4pp2/4n3/7p/r6P/6BK w - - 4 65",0.0
"r1bq1rk1/1ppp1ppp/2nbpn2/p7/2BP4/2N1PN2/PPP2PPP/R1BQ1RK1 w - - 0 7",1.0
"r1b2rk1/1ppp1ppp/2nbpq2/p7/P1BP2n1/2NQPN2/1PP2PPP/R1B2RK1 w - - 3 9",1.0
"r1b2rk1/1ppp1ppp/2nqp3/p7/P1BP2n1/3QPN2/1PP2PPP/R1B2RK1 w - - 0 11",1.0
"r1b1r1k1/1ppp1ppp/2nqpn2/p7/P1BPQ3/4PN2/1PPB1PPP/R4RK1 w - - 4 13",1.0
"r1b1r1k1/1ppp1ppp/2nqpn2/p7/P1BP3Q/4PN2/1PPB1PPP/R1R3K1 w - - 8 15",1.0
"r1b1r1k1/2pp1pp1/1pnqpn2/p5Np/P2P3Q/3BP3/1PPB1PPP/R1R3K1 w - - 0 17",1.0
"r3r1k1/2pp1p2/bpnqpnp1/p5Np/P1PP3Q/4P3/1P1BBPPP/R1R3K1 w - - 1 19",1.0
"rr4k1/2pp1p2/bp1qpnp1/p5Np/PnPP3Q/1P2P3/2RBBPPP/R5K1 w - - 1 21",1.0
"1r4k1/rb1p1p2/1p1qp1p1/p1p4p/PnPP3Q/1P2P3/3BBPPP/R1R3K1 w - - 3 25",1.0
"1r4k1/r2p1p2/1p1qpQp1/p1p4p/P1PPb3/1PR1P3/2nBBPPP/R5K1 w - - 7 27",1.0
"1r4k1/r2p1p2/1p1qpQp1/p4b1p/P1PP4/1P4R1/2nBBPPP/3R2K1 w - - 3 31",1.0
"5rk1/r2p1p2/1p2pQp1/p2P3B/PnP5/1P4R1/2b2PPP/3R2K1 w - - 1 35",1.0
"r4rk1/3p1p2/1p3Qp1/p2p4/PnP5/1P4R1/2b1BPPP/4R1K1 w - - 0 37",1.0
"r1bq1rk1/pp1p1ppp/n1pbpn2/8/8/2NBPN2/PPPP1PPP/R1BQ1RK1 w - - 4 7",0.5
"r1b2rk1/pp1p1ppp/2pbpn2/7q/P7/1PNBPN2/2PP1PPP/R2Q1RK1 w - - 1 11",0.5
"r1b1r1k1/1p1p1ppp/p1pbpn2/P6q/R7/1PNBPN2/2PP1PPP/3Q1RK1 w - - 0 13",0.5
"r1b1r1k1/1p3ppp/p1pbp3/P2p4/R4P1P/1PNBP3/2PP2P1/3R2K1 w - - 1 19",0.5
"r1b1r1k1/1p3ppp/p1p5/P2pb2P/R7/1PNBP3/2PP2P1/3R2K1 w - - 0 21",0.5
"r5k1/1p2rppp/p1p1b3/P2pb2P/1R6/1PNBP3/2PP2P1/4R1K1 w - - 4 23",0.5
"3r2k1/1p2rppp/p1p1b3/P3b2P/3p3R/1PNBP3/2PP2P1/5RK1 w - - 0 25",0.5
"3r2k1/1p2rppp/p1p5/P3b2P/4N2R/1b1BP3/2P3P1/5RK1 w - - 0 27",0.5
"3r3k/1p2rppB/p1p4p/P3b1NP/7R/1b2P3/2P3P1/5RK1 w - - 2 29",0.5
"3r3k/1p2rppB/p1p1bb1p/P6P/1R6/4PN2/2P3P1/5RK1 w - - 6 31",0.5
"3r3k/1pr2pp1/p1B4p/P6b/4R3/2b1PN2/2P3P1/5RK1 w - - 2 35",0.5
"3r3k/1pr3p1/p5bp/P4p2/4B2R/2b1PN2/2P3P1/5RK1 w - - 0 37",0.5
"7k/1pr3p1/p4bbp/P2r1p2/5R2/3BPN2/2P3P1/5RK1 w - - 4 39",0.5
"8/1pr3pk/p5bp/P3Rp2/3r4/3B4/2P3P1/5RK1 w - - 2 43",0.5
"8/1p3rpk/p3R1bp/P2r1p2/6P1/3B4/2P5/5RK1 w - - 1 45",0.5
"8/1p3rpk/p3R2p/P4b2/3r4/3B4/2P5/R5K1 w - - 0 47",0.5
"8/1p5k/p6p/P4rp1/3r4/4R3/2P5/R5K1 w - - 0 49",0.5
"6k1/1R6/p7/P4rpp/3r4/8/2P5/R5K1 w - - 0 51",0.5
"5k2/8/p7/P5pp/3r4/8/2P5/R5K1 w - - 0 53",0.5
"5k2/8/p7/P5pp/5r2/2P5/7K/R7 w - - 3 55",0.5
"8/4k3/p4R2/P4K2/6pp/2P5/6r1/8 w - - 2 61",0.5
"8/3k4/p7/P7/4K2R/2P5/5rp1/8 w - - 0 65",0.5
"8/6R1/p4k2/P7/4K3/2P5/5rp1/8 w - - 4 67",0.5
"8/8/p3k3/P7/8/2P1K1R1/r5p1/8 w - - 8 69",0.5
"8/8/8/R7/2rk4/5K2/8/8 w - - 3 75",0.5
"8/3R4/8/4k3/8/5K2/2r5/8 w - - 7 77",0.5
"8/1R6/8/3k4/8/4K3/r7/8 w - - 11 79",0.5
"8/1R6/8/3k4/8/4K3/r7/8 w - - 15 81",0.5
"8/1R6/8/3k4/8/4K3/r7/8 w - - 19 83",0.5
"8/1R6/8/3k4/8/4K3/r7/8 w - - 23 85",0.5
"8/5R2/8/3k4/8/4K3/r7/8 w - - 27 87",0.5
"8/5R2/8/3k4/8/4K3/r7/8 w - - 31 89",0.5
"8/5R2/8/4k3/8/4K3/r7/8 w - - 35 91",0.5
"8/1R6/8/4k3/8/4K3/r7/8 w - - 39 93",0.5
"8/1R6/8/4k3/8/4K3/r7/8 w - - 43 95",0.5
"8/7R/8/3k4/8/4K3/r7/8 w - - 47 97",0.5
"8/8/8/2k5/7R/4K3/r7/8 w - - 51 99",0.5
"8/8/2k5/7R/8/3K4/1r6/8 w - - 55 101",0.5
"rnbq1rk1/ppp2ppp/4pn2/3p4/8/2PBPN2/PPP2PPP/R1BQ1RK1 w - - 0 7",0.5
"rnb2rk1/ppp2ppp/3q1n2/3pp3/P7/2PBPN2/1PPB1PPP/R2Q1RK1 w - - 0 9",0.5
"r4rk1/p1p2ppp/2pq1n2/3p2N1/PP2p1b1/2P1P3/2PB1PPP/R2Q1RK1 w - - 1 13",0.5
"r4rk1/p1p2ppp/2pq1n2/3p2Nb/PP6/2P1PP2/2PB3P/R2Q1RK1 w - - 1 15",0.5
"r4rk1/p1p2p2/2pq1n1p/P2p2pb/1P6/2P1PP1N/2PB3P/R2Q1RK1 w - - 0 17",0.5
"1r2r1k1/p1p2p2/P1pq1n1p/3p2pb/1P6/2P1PP2/2PB1N1P/R2Q1RK1 w - - 3 19",0.5
"1r4k1/p1p2p2/P1pq1n1p/3p2p1/1P2r1P1/2P1P3/2PB3P/R2Q1RK1 w - - 1 21",0.5
"1r4k1/p1p2p2/P1pq1n1p/3p2p1/1P2r3/2P1P3/2P4P/R2QBR1K w - - 2 23",0.5
"r1bq1rk1/ppp2ppp/2n1pn2/3p4/Pb6/2NBPN2/1PPP1PPP/R1BQ1RK1 w - - 0 7",0.5
"r1b2rk1/ppp2ppp/3qpn2/3p4/Pb1P4/2NB4/1PPP1PPP/R1BQ1RK1 w - - 1 9",0.5
"r1b2rk1/ppp2ppp/4pn2/3p4/Pb1P2q1/3B4/1PPPNPPP/R1BQR1K1 w - - 5 11",0.5
"r1b1r1k1/1pp2ppp/5n2/p2pb3/P7/1PPB2N1/3P1PPP/R1B1R1K1 w - - 2 17",0.5
"r1b3k1/5ppp/1p2rn2/1Bppb3/PB6/2P3N1/3P1PPP/R3R1K1 w - - 2 21",0.5
"6k1/5p1p/5p2/3p4/8/2PbB3/r2P1PPK/4R3 w - - 3 29",0.5
"6k1/5p2/5p2/3p4/5B1p/2Pb4/r2P1PP1/4R1K1 w - - 0 31",0.5
"r5k1/5p2/3B4/3p1p2/7p/2Pb1P2/3P2P1/4R1K1 w - - 0 33",0.5
"6k1/5p2/3B4/3p1p2/3PbP1p/2P5/r5P1/4R1K1 w - - 1 35",0.5
"6k1/5p2/3B4/3p1p2/3PbPrp/2P4K/8/4R3 w - - 2 37",0.5
"6k1/4Bp2/8/3p1p2/3PbPrp/2P4K/4R3/8 w - - 6 39",0.5
"8/5pk1/8/3p4/3Pbp1B/R1P2r2/7K/8 w - - 0 43",0.5
"8/5pk1/8/3p4/3Pb2B/1RP2p1K/8/5r2 w - - 0 45",0.5
"8/5pk1/8/3p4/3Pb2r/1RP5/5K2/8 w - - 0 49",0.5
"8/5pk1/8/3p4/3PbK2/1RP4r/8/8 w - - 4 51",0.5
"8/5pk1/8/3p3K/3P4/1RPbr3/8/8 w - - 8 53",0.5
"8/5pk1/8/3p2K1/3Pb3/R1P4r/8/8 w - - 12 55",0.5
"8/R4pk1/8/3p4/3Pb1K1/2P5/2r5/8 w - - 16 57",0.5
"8/R4p2/6k1/3p4/3Pb1K1/2P5/1r6/8 w - - 20 59",0.5
"8/2R5/3K1pk1/3p4/3Pb3/2P5/1r6/8 w - - 4 63",0.5
"8/2R5/3K1pk1/3p4/3Pb3/2P5/1r6/8 w - - 8 65",0.5
"8/2R5/3K1pk1/3p4/3Pb3/2P5/r7/8 w - - 12 67",0.5
"8/1R6/r5k1/2Kp1p2/3Pb3/2P5/8/8 w - - 0 69",0.5
"8/8/1R6/1K1p1pk1/3Pb3/2P5/r7/8 w - - 4 71",0.5
"8/1R6/2K5/3p2k1/3Pb3/2P2p2/r7/8 w - - 0 73",0.5
"8/R7/2K5/3p2k1/3Pb3/2P5/2r2p2/8 w - - 0 75",0.5
"8/8/2K3k1/3p4/3Pb3/2P5/5r2/8 w - - 0 77",0.5
"8/8/8/3p1k2/1K1P4/2Pb4/5r2/8 w - - 4 79",0.5
"8/8/3k4/K2p4/2bP4/2P5/2r5/8 w - - 16 85",0.5
"8/8/3k4/3p4/1Kbr4/8/8/8 w - - 0 89",0.5
"8/8/b2k4/8/3pr3/1K6/8/8 w - - 2 93",0.5
"8/8/b2k4/8/8/2Kp4/4r3/8 w - - 2 95",0.5
"8/8/3k4/8/2K5/8/3pr3/8 w - - 0 97",0.5
"rqb1kb1r/1p1ppppp/p1n2n2/1Np5/8/3BPN2/PPPP1PPP/R1BQ1RK1 w kq - 0 7",0.5
"rqb1kb1r/1p1pppp1/p1n2n2/2p5/P6p/2NBPN2/1PPP1PPP/R1BQ1RK1 w kq - 0 9",0.5
"rqb1kb1r/1p1pppp1/5n2/p1p1n1N1/P1B4p/2N1P3/1PPP1PPP/R1BQ1RK1 w kq - 2 11",0.5
"rqb1kb1r/3pppp1/1p3n2/pBp3N1/P4Pnp/2N1P3/1PPP2PP/R1BQ1RK1 w kq - 0 13",0.5
"rq2kb1r/3p1pp1/bp2pn2/p1p3N1/P1BP1Pnp/2N1P3/1PP3PP/R1BQ1RK1 w kq - 1 15",0.5
"rb2k2r/3p1pp1/1p2pn2/pN4N1/P4Pnp/4P3/1PP3PP/R1B2RK1 w kq - 2 21",0.5
"rb3rk1/3p1pp1/1p2pn1n/pN4N1/P4P1p/4P2P/1PPB2P1/R4RK1 w - - 1 23",0.5
"rb3rk1/5pp1/1p3n1n/pN1p2N1/P4P1p/7P/1PPB2P1/R4RK1 w - - 0 25",0.5
"1b3rk1/5pp1/rp3n2/pN1p1nN1/P2B1P1p/7P/1PP3P1/R4RK1 w - - 4 27",0.5
"1b3rk1/5pp1/rp6/pN1pBnN1/P4P1p/6nP/1PP3P1/4RRK1 w - - 8 29",0.5
"2r3k1/5pp1/rp6/pN1pPnN1/P6p/5RnP/1PP3P1/4R1K1 w - - 1 31",0.5
"6k1/r5p1/1N2N3/p4n2/7p/2P2RnP/rP4P1/4R1K1 w - - 1 37",0.5
"6k1/r5p1/1N2N3/5n2/7p/p1P3nP/rP1R2P1/4R1K1 w - - 0 39",0.5
"3R4/6pk/1N2N3/5n2/2P4p/4r2P/r3n1P1/4R2K w - - 1 43",0.5
"3R4/6p1/4n1k1/3N1n2/2P4p/7P/r5PK/4N3 w - - 5 49",0.5
"8/4R1p1/4n3/3N3k/2Pn3p/7P/r5PK/4N3 w - - 9 51",0.5
"8/1R4p1/4n3/7k/2Pn3p/4N2P/r5PK/4N3 w - - 13 53",0.5
"8/4R3/4n3/3N2pk/r1Pn3p/7P/6PK/4N3 w - - 2 55",0.5
"8/2R5/8/6pk/2Pn3p/4r2P/6PK/4N3 w - - 2 59",0.5
"8/8/6n1/2P5/1N4kp/8/6PK/8 w - - 1 65",0.5
"2n5/2P5/8/8/1N4kp/8/6PK/8 w - - 1 67",0.5
"8/2P5/3n4/8/5k1p/4N3/6PK/8 w - - 5 69",0.5
"2n5/2P5/8/6k1/2N4p/7K/6P1/8 w - - 9 71",0.5
"2n5/2P5/8/5k2/2N5/6K1/8/8 w - - 1 73",0.5
"2n5/2P5/3k4/8/8/8/3N1K2/8 w - - 5 75",0.5
"8/2k5/1n6/8/8/4KN2/8/8 w - - 2 77",0.5
"8/8/3k4/3nN3/4K3/8/8/8 w - - 6 79",0.5
"8/4n3/4k3/8/2NK4/8/8/8 w - - 10 81",0.5
"8/8/8/5k2/2K1n3/3N4/8/8 w - - 22 87",0.5
"8/8/8/5k2/3Kn3/3N4/8/8 w - - 26 89",0.5
"8/8/8/5k2/3Kn3/3N4/8/8 w - - 30 91",0.5
"8/8/8/2NK2n1/5k2/8/8/8 w - - 34 93",0.5
"8/8/8/3K2n1/5k2/8/5N2/8 w - - 38 95",0.5
"8/8/4n3/3K1k2/8/8/8/2N5 w - - 42 97",0.5
"8/8/8/3K2n1/3N1k2/8/8/8 w - - 46 99",0.5
"8/8/8/3K2n1/3N1k2/8/8/8 w - - 50 101",0.5
"8/8/8/3K2n1/3N1k2/8/8/8 w - - 54 103",0.5
"8/8/8/3K2n1/3N1k2/8/8/8 w - - 58 105",0.5
"8/8/8/3K2n1/3N1k2/8/8/8 w - - 62 107",0.5
"8/8/8/3K2n1/3N1k2/8/8/8 w - - 66 109",0.5
"8/8/8/3K2n1/3N1k2/8/8/8 w - - 70 111",0.5
"8/8/8/3K2n1/3N1k2/8/8/8 w - - 74 113",0.5
"8/8/8/3K2n1/3N1k2/8/8/8 w - - 78 115",0.5
"8/8/8/3K2n1/3N1k2/8/8/8 w - - 82 117",0.5
"8/8/8/3K2n1/3N1k2/8/8/8 w - - 86 119",0.5
"r1b1kb1r/1p1ppp1p/5np1/p1p1q3/P1P4P/2NQ4/1P1PPPP1/R1B1KB1R w KQkq - 0 9",0.0
"r1b1k2r/1p1ppp1p/4qnpb/p1p5/P1P2P1P/2NQ2P1/1P1PP3/R1B1KB1R w KQkq - 1 11",0.0
"r1b2k1r/1p1ppp1p/4q1pb/p1pN4/P1P2PnP/3Q2PB/1P1PP3/R1B1K2R w KQ - 5 13",0.0
"r1b3kr/1pq1ppbp/6p1/p1p5/P1P1QP1P/5BP1/1P1PP3/R1B1K2R w KQ - 3 19",0.0
"2b3kr/1pq1pp1p/r5pP/p1p5/P1PbQP2/5BP1/1P1PP3/R1B1K2R w KQ - 1 21",0.0
"6kr/1pq1pp1p/1r3b1P/p1p2p2/P1P2P2/RP2PBP1/3P4/2B1K2R w K - 1 25",0.0
"6kr/1pq2p1p/6rP/p1p1bp2/P1P5/RP2PBP1/3P1K2/2B4R w - - 2 29",0.0
"6kr/1pq2p1p/6rP/p2Bbp2/P1P5/RP1pP1P1/5K2/2B4R w - - 0 31",0.0
"6kr/1pq2p1p/7P/3Bbp2/PpP3r1/3RP3/8/2B2KR1 w - - 3 35",0.0
"6kr/1p1q1p1p/7P/2PBbp2/1p6/1R2P3/3B4/6K1 w - - 1 39",0.0
"6kr/1p3p1p/5b1P/2P2p2/1BB5/3RP3/5K2/q7 w - - 3 43",0.0
"7q/5k1p/7P/5p2/8/4P3/4K3/8 w - - 0 55",0.0
"8/7p/6kP/5p2/4q3/4P3/5K2/8 w - - 8 59",0.0
"8/7p/6kP/8/5p2/4q3/6K1/8 w - - 0 61",0.0
"8/7p/7P/7k/8/8/5pK1/4q3 w - - 2 65",0.0
"r1b1kb1r/ppqpppp1/2n5/2p3Np/5Pn1/3BP3/PPPP2PP/RNBQ1RK1 w kq - 1 7",1.0
"r1b1k2r/ppqpbpp1/2n1p3/2p3Np/2B2Pn1/2N1P3/PPPP2PP/R1BQ1RK1 w kq - 2 9",1.0
"r1bqk2r/pp1pbpp1/2n1pn2/1Np3Np/2B2P2/4P2P/PPPP2P1/R1BQ1RK1 w kq - 1 11",1.0
"r1b1k2r/3pbpp1/pqn1pn2/1p4Np/3P1P2/2N4P/PPP1B1P1/R1BQ1RK1 w kq - 2 15",1.0
"r1b2rk1/3p1pp1/pqnbpn2/1p4Np/3P1P2/P1N1B2P/1PP1B1P1/R2Q1RK1 w - - 1 17",1.0
"r1b2rk1/3p1pp1/pqnbpn2/8/1p1P1P1p/P1NQBN1P/1PP1B1P1/R4RK1 w - - 0 19",1.0
"r1b2rk1/3p1pp1/p1nbpn2/q1N5/3P1P1p/1R1QBN1P/1PP1B1P1/5RK1 w - - 3 23",1.0
"r1b2rk1/2qpb1p1/p1n1p3/5p2/3P1P1p/1R2QN1P/1PPBB1P1/5RK1 w - - 2 27",1.0
"r1b2rk1/3p2p1/p1nqpb2/5p2/3P1P1p/1R2BN1P/1PP1BQP1/5RK1 w - - 6 29",1.0
"r1b2rk1/3p2p1/2nqpb2/4Np2/p1PP1P1p/1R2B2P/1P2BQP1/5RK1 w - - 0 31",1.0
"r4rk1/1bqp2p1/2n1pb2/2P1Np2/p2P1P1p/R3B2P/1P2BQP1/5RK1 w - - 1 33",1.0
"r3r1k1/1bqp2p1/4pb2/2P2p2/pn1P1P1N/R3B2P/1P2BQP1/5RK1 w - - 1 35",1.0
"rr4k1/2qp2p1/b3pb2/2P2p1B/pn1P1P2/R3BN1P/1P3QP1/5RK1 w - - 5 37",1.0
"rr4k1/2qp2p1/4p3/2P1Pp1B/p1bP4/4R2P/1P3QP1/3R2K1 w - - 1 41",1.0
"rr4k1/1q1p2p1/4p3/2PbPp1B/p2P3P/4R3/1P3QP1/2R3K1 w - - 1 43",1.0
"rr4k1/3p2p1/4p3/2P1Pp1B/pq1Pb2P/R7/1PR2QP1/6K1 w - - 5 45",1.0
"1r4k1/3p2p1/2r1p3/2P1Pp1B/pq1Pb2P/R3Q3/1P1R2P1/6K1 w - - 9 47",1.0
"6k1/3p2p1/2r1p3/q1P1PpQ1/pr1Pb2P/R7/1P1RB1P1/6K1 w - - 13 49",1.0
"4k3/3p2Q1/2r1p3/q1P1Pp2/pr1Pb2P/6R1/1P1RB1P1/6K1 w - - 1 51",1.0
"r1bq1rk1/1ppp1ppp/2nbpn2/p7/8/2NBPN2/PPPP1PPP/R1BQ1RK1 w - - 0 7",0.5
"r1bq2k1/1pp2rpp/4p3/p2p4/P3n3/4PN2/1PPP2PP/R1BQ1RK1 w - - 0 13",0.5
"r1bq2k1/1pp3pp/8/p2pNp2/P3n3/4P3/1PPP2PP/R1BQ2K1 w - - 0 15",0.5
"r2q2k1/1pp3pp/4b3/p1npNp1Q/P7/3PP3/1PP3PP/R1B3K1 w - - 3 17",0.5
"r5k1/1pp3pp/3qb3/p1n1Np1Q/P2p4/1P1PP3/2PB2PP/R5K1 w - - 1 19",0.5
"3r2k1/1pp3pp/3qb3/p1n2p1Q/P7/1P1PBN2/2P3PP/R5K1 w - - 1 21",0.5
"3r2k1/1p4p1/3q3p/p1p5/P2nQ3/1P1PB3/2P3PP/R5K1 w - - 2 25",0.5
"4r1k1/1p4p1/7p/p7/P2pP3/1P6/2P2RPP/6K1 w - - 0 29",0.5
"6k1/1p6/7p/p3r1p1/P2pP1P1/1P6/2P1R2P/6K1 w - - 0 31",0.5
"8/6k1/1p5p/p3r1p1/P2pP1P1/1P3K2/2P1R2P/8 w - - 0 33",0.5
"r1b2rk1/p1ppqp1p/1p3pp1/n2P4/P1P5/1Q3N2/1P2PPPP/2R1KB1R w K - 1 11",1.0
"r1b2rk1/pnp1qp1p/1p1p1pp1/3P4/PPP5/Q4N2/4PPPP/2R1KB1R w K - 1 13",1.0
"r1b2rk1/1npq1p1p/1p1p1pp1/p2P4/PPP5/4QN2/4PPPP/R3KB1R w K - 0 15",1.0
"r1b2rk1/2p2p1p/1p1p1pp1/pPnP4/P1P3q1/4QN2/4PPPP/2R1KB1R w K - 3 17",1.0
"r3r1k1/2pb1p1p/1p1p1Qp1/pP1P3q/n1P5/5N1P/4PPP1/3RKB1R w K - 0 21",1.0
"r4rk1/2pb1p1p/1p1p1Qp1/pPnP2Nq/2P5/7P/4PPP1/R3KB1R w K - 4 23",1.0
"r4rk1/2pb1p1p/1p1p1Qp1/1PnP2N1/p1P4q/2R4P/4PPP1/4KB1R w K - 0 25",1.0
"r4rk1/2pb1p1p/1p1p1Qp1/1PnP2Nq/2P5/p1R3PP/4PPB1/4K2R w K - 0 27",1.0
"r4rk1/2pb1p1p/1p1p1Qpq/1PnP2N1/2P4P/2R2BP1/p3PP2/4K2R w K - 0 29",1.0
"5rk1/2pb1p1p/1p1p1Qp1/1P1P2Nq/2P1B2P/r5P1/p3PP2/2R3K1 w - - 3 33",1.0
"r5k1/2pb1p1p/1p1p2p1/1P1P2N1/2P1B1qP/r5P1/pQ2PP2/R5K1 w - - 7 35",1.0
"r5k1/2pb1p1p/1p1p2p1/1P1P2N1/2P1B1qP/r5P1/pQ2PP2/R5K1 w - - 11 37",1.0
"r5k1/2pb1p1p/1p1p2p1/1P1P2N1/2P1B1qP/r5P1/pQ2PP2/R5K1 w - - 15 39",1.0
"r5k1/2pb1p1p/1p1p2p1/1P1P2N1/2P1B1qP/r5P1/pQ2PP2/R5K1 w - - 19 41",1.0
"r3b1k1/2p2p1p/1p1p1Qp1/1P1P2N1/2P3qP/1r1B2P1/p3PP2/R5K1 w - - 23 43",1.0
"r3b1k1/2p2p1p/1p1p1Qp1/1P1P2N1/2P3qP/1r1B2P1/p3PP2/R5K1 w - - 27 45",1.0
"r3b1k1/2p2p1p/1p1p1Qp1/1P1P2N1/2P3qP/1r1B2P1/p3PP2/R5K1 w - - 31 47",1.0
"r3b1k1/2p2p1p/1p1p1Qp1/1P1P2N1/2P3qP/1r1B2P1/p3PP2/R5K1 w - - 35 49",1.0
"r3b1k1/2p2p1p/1p1p1Qp1/1P1P2N1/2P3qP/1r1B2P1/p3PP2/R5K1 w - - 39 51",1.0
"r3b1k1/2p2p1p/1p1p1Qp1/1P1P2N1/2P3qP/1r1B2P1/p3PP2/R5K1 w - - 43 53",1.0
"r3b1k1/2p2p1p/1p1p1Qp1/1P1P2N1/2P3qP/1r1B2P1/p3PP2/R5K1 w - - 47 55",1.0
"r3b1k1/2p2p1p/1p1p1Qp1/1P1P2N1/2P3qP/1r1B2P1/p3PP2/R5K1 w - - 51 57",1.0
"r3b1k1/2p2p1p/1p1p1Qp1/1P1P2N1/2P3qP/1r1B2P1/p3PP2/R5K1 w - - 55 59",1.0
"r3b1k1/2pq1p1p/1p1p1Qp1/1P1P2N1/2P4P/r2B2P1/p3PP2/R5K1 w - - 59 61",1.0
"r2qb1k1/2p2p2/1p1p2pp/1P1P4/2PQN2P/r2B2P1/p3PP2/R5K1 w - - 0 63",1.0
"r2qb3/2p1kp1N/1p1p2pp/1P1P4/2PQ3P/r2B2P1/p3PP2/R5K1 w - - 4 65",1.0
"r2q1Q2/2pk1p2/1p1p2Np/1b1P4/r1P4P/3B2P1/p3PP2/R5K1 w - - 3 69",1.0
"r1bq1rk1/1ppp1ppp/2nbpn2/p7/8/2NBPN2/PPPP1PPP/R1BQ1RK1 w - - 0 7",1.0
"r1bq1rk1/1p1p1ppp/3ppn2/p7/P7/4PN2/1BPP1PPP/R2Q1RK1 w - - 0 11",1.0
"r1bq1rk1/1p1p1pp1/3p1n1p/p3p1N1/P1P5/4P3/1B1P1PPP/R2Q1RK1 w - - 0 13",1.0
"r2q1rk1/1b1p1pp1/1p1p1n1p/p3p3/P1P5/4PN2/1BQP1PPP/R4RK1 w - - 2 15",1.0
"1r3rk1/3p1pp1/1p1p3p/p3pq1n/P1P5/2BPPP2/2Q2P1P/1R4RK w - - 7 21",1.0
"1r3rk1/3p1pp1/1p1p1n1p/p3p2q/P1PP4/2B1PP2/4QP1P/1R4RK w - - 1 23",1.0
"1rr3k1/5pp1/1p1p1n1p/pR1P3q/P1PPp3/2B2PR1/4QP1P/7K w - - 0 27",1.0
"1r2r1k1/5pp1/1p1p1n1p/p2P1q2/P1PPp3/2B2PR1/1R2QP1P/6K1 w - - 4 29",1.0
"6k1/5pp1/3R3p/p2n1q2/P1rPr3/2B3R1/2Q2P1P/6K1 w - - 0 33",1.0
"6k1/5R1R/8/7p/r7/8/5PKP/4r3 w - - 2 43",1.0
"6k1/2R5/8/7R/4r1r1/5K2/5P1P/8 w - - 3 47",1.0
"8/2R5/6k1/7R/4r1r1/5K2/5P1P/8 w - - 7 49",1.0
"8/8/8/5k2/8/6KP/5P2/8 w - - 0 55",1.0
"8/8/4k3/8/5P1P/6K1/8/8 w - - 1 57",1.0
"8/8/5k2/7P/5P2/7K/8/8 w - - 3 59",1.0
"8/6k1/8/6KP/5P2/8/8/8 w - - 7 61",1.0
"8/7k/7P/5PK1/8/8/8/8 w - - 1 63",1.0
"6k1/8/5P1P/7K/8/8/8/8 w - - 1 65",1.0
"8/7P/4kP2/6K1/8/8/8/8 w - - 1 67",1.0
"7Q/5P2/2k5/6K1/8/8/8/8 w - - 1 69",1.0
"5Q2/8/k7/6K1/3Q4/8/8/8 w - - 1 71",1.0
"r1bq1rk1/1ppp1ppp/p1nbpn2/8/8/2NBPN2/PPPP1PPP/R1BQK2R w KQ - 2 7",1.0
"r1bq2k1/1pp2rpp/p3p3/3p4/4n3/4PN2/PPPP2PP/R1BQ1RK1 w - - 0 13",1.0
"r2q2k1/1ppb1rpp/p2np3/3p4/8/3PPN2/PPPB2PP/R2Q1RK1 w - - 3 15",1.0
"r2q2k1/1ppb2pp/p2n4/3pNp2/8/3PP3/PPPB2PP/R2Q2K1 w - - 0 17",1.0
"r2q2k1/1p1b2pp/2pn4/p2pNp2/P7/3PPQ2/1PPB2PP/R5K1 w - - 0 19",1.0
"r5k1/3bq1pp/1ppn4/p2pNp2/P7/2BPPQ2/1PP3PP/5RK1 w - - 0 21",1.0
"1r4k1/3q2pp/1ppn4/p2p1p2/P2B4/3PPQ2/1PP3PP/5RK1 w - - 0 23",1.0
"1r6/3q1k1p/1ppn2p1/p2pQp2/P2B4/3PP3/1PP3PP/5RK1 w - - 2 25",1.0
"8/4k2p/3n2p1/p1Qp1p2/8/2BqP3/1P4PP/5RK1 w - - 0 31",1.0
"8/4k2p/q5p1/p2QBp2/4n3/4P3/1P4PP/5RK1 w - - 1 33",1.0
"3Q4/5k1p/q5p1/p3Bp2/4n3/4P3/1P4PP/2R3K1 w - - 5 35",1.0
"r1bq1rk1/1ppp1ppp/2nbpn2/pB6/8/2N1PN2/PPPP1PPP/R1BQ1RK1 w - - 2 7",0.5
"r1bq1rk1/1ppp1ppp/2nb4/pB1p4/3P4/4PN2/PPP2PPP/R1BQ1RK1 w - - 0 9",0.5
"r1b2rk1/1ppp1ppp/2nb4/pB1p4/2PPq3/3QPN2/PP3PPP/R1B2RK1 w - - 1 11",0.5
"r1b2rk1/1pp1bppp/2np4/pBPp4/3Pq3/3QPN2/PP1B1PPP/R4RK1 w - - 0 13",0.5
"r3r1k1/1pp1bppp/2np4/p1Pp1q2/P2P4/2Q1PN2/1P1B1PPP/R4RK1 w - - 1 17",0.5
"r3r1k1/1pp1bppp/2n5/p1Pp4/P3q3/2Q1PN2/1P1B1PPP/R2R2K1 w - - 1 19",0.5
"3rr1k1/1pp1bppp/2n5/p1Pp4/P5q1/4PN2/RPQB1PPP/3R2K1 w - - 5 21",0.5
"4r1k1/1ppr1ppp/2n5/p1bp4/P5q1/1PB1PN2/R1Q2PPP/3R2K1 w - - 0 23",0.5
"4r1k1/1ppr1pp1/2n3p1/p1bp4/P7/1PB1PN1P/R4PP1/3R2K1 w - - 0 25",0.5
"4r1k1/1p1r1pp1/2p3p1/p1bp4/Pn6/1PB1PN1P/3R1PP1/3R2K1 w - - 0 27",0.5
"4r1k1/1p2rpp1/2p5/p1bpN1p1/Pn6/1PB1P2P/3R1PP1/2R3K1 w - - 0 29",0.5
"4r1k1/1p2r1p1/2pb1p2/p2p2p1/Pn6/1P2PN1P/3R1PP1/B1R3K1 w - - 2 31",0.5
"4r1k1/4r1p1/3b1p2/pp1p2p1/1n1B4/1P2PN1P/3R1PP1/2R3K1 w - - 0 33",0.5
"4r1k1/6p1/3b1p2/Bp1pr1p1/1n6/1N2P2P/3R1PP1/2R3K1 w - - 3 37",0.5
"6k1/8/2Nb1pp1/1R4p1/8/4P1PP/5PK1/3r4 w - - 2 45",0.5
"6k1/1R6/6p1/4bpp1/3N4/4P1PP/5PK1/3r4 w - - 2 47",0.5
"6k1/1R6/4Nbp1/5pp1/6P1/4P2P/5PK1/2r5 w - - 1 49",0.5
"6k1/3R4/4Nbp1/5pp1/6P1/4PK1P/5P2/1r6 w - - 5 51",0.5
"6k1/8/3r2p1/6R1/6P1/4PK1P/8/8 w - - 1 57",0.5
"8/5k2/3R4/8/4P1P1/6r1/4K3/8 w - - 3 61",0.5
"8/5k2/3R4/4P3/r7/5K2/8/8 w - - 2 63",0.5
"8/4k3/1R2P3/8/2r5/5K2/8/8 w - - 3 65",0.5
"8/4k3/1R2P2r/8/8/5K2/8/8 w - - 7 67",0.5
"8/4k3/1R2P2r/8/8/5K2/8/8 w - - 11 69",0.5
"8/4k3/1R2P2r/8/8/5K2/8/8 w - - 15 71",0.5
"8/4k3/1R2P2r/8/8/5K2/8/8 w - - 19 73",0.5
"8/4k3/1R2P2r/8/8/5K2/8/8 w - - 23 75",0.5
"8/4k3/1R2P2r/8/8/5K2/8/8 w - - 27 77",0.5
"8/4k3/1R2P2r/8/8/5K2/8/8 w - - 31 79",0.5
"8/4k3/1R2P2r/8/8/5K2/8/8 w - - 35 81",0.5
"8/4k3/1R2P2r/8/8/5K2/8/8 w - - 39 83",0.5
"8/4k3/1R2P2r/8/8/5K2/8/8 w - - 43 85",0.5
"8/4k3/1R2P2r/8/8/5K2/8/8 w - - 47 87",0.5
"8/4k3/1R2P2r/8/8/5K2/8/8 w - - 51 89",0.5
"8/4k3/1R2P2r/8/8/5K2/8/8 w - - 55 91",0.5
"8/4k3/1R2P2r/8/8/5K2/8/8 w - - 59 93",0.5
"8/4k3/1R2P2r/8/8/5K2/8/8 w - - 63 95",0.5
"8/4k3/1R2P2r/8/8/5K2/8/8 w - - 67 97",0.5
"8/4k3/1R2P2r/8/8/5K2/8/8 w - - 71 99",0.5
"8/4k3/1R2P2r/8/8/5K2/8/8 w - - 75 101",0.5
"8/4k3/1R2P2r/8/8/5K2/8/8 w - - 79 103",0.5
"8/4k3/1R2P2r/8/8/5K2/8/8 w - - 83 105",0.5
"8/4k3/1R2P2r/8/8/5K2/8/8 w - - 87 107",0.5
"8/4k3/1R2P2r/8/8/5K2/8/8 w - - 91 109",0.5
"8/4k3/1R2P2r/8/8/5K2/8/8 w - - 95 111",0.5
"r1bq1rk1/1ppp1ppp/2nbpn2/p7/P7/2NBPN2/1PPP1PPP/R1BQ1RK1 w - - 0 7",0.0
"r1b2rk1/3p1ppp/1p1ppn2/p7/P7/3PPN2/1PP2PPP/R1B2RK1 w - - 0 13",0.0
"r4rk1/3p1ppp/2bppn2/p7/2P1P3/3PBN2/1P3PPP/R4RK1 w - - 1 17",0.0
"r4rk1/3p1ppp/2bpp3/6B1/p1PNP1n1/3P4/1P3PPP/R4RK1 w - - 2 19",0.0
"rr4k1/3p1ppp/2bpp3/4n1B1/p1PNP3/3P4/1P2RPPP/R5K1 w - - 6 21",0.0
"rr4k1/3p3p/2bppp2/4n1p1/p1PNPB2/3P4/1P1R1PPP/R5K1 w - - 0 23",0.0
"rr4k1/7p/2pppp2/6p1/p1P1P1n1/3PB3/1P1R1PPP/R5K1 w - - 0 25",0.0
"rr4k1/7p/3ppp2/2p1n1p1/p1P1P3/2BP4/1P1R1PPP/R5K1 w - - 2 27",0.0
"r5k1/7p/3pp3/2p1p1p1/p1P1P3/1r1P4/1P2RPPP/R5K1 w - - 0 29",0.0
"r5k1/1r6/3pp3/2p1p1pp/p1P1P3/3P3P/1P1R1PP1/R5K1 w - - 1 31",0.0
"r5k1/8/3pp3/2p1p1p1/p1P1P1Pp/1r1P1P1P/1P1R4/R5K1 w - - 1 33",0.0
"r5k1/8/3pp3/2p1p1p1/p1P1P1Pp/1r1P1P1P/1P1R1K2/R7 w - - 5 35",0.0
"5rk1/8/3pp3/2p1p1p1/prP1P1Pp/3P1P1P/1P1R4/R5K1 w - - 9 37",0.0
"6k1/5r2/3pp3/2p1p1p1/prP1P1Pp/R2P1P1P/1P3R2/6K1 w - - 13 39",0.0
"6k1/8/3pp3/2p1p1p1/prP1PrPp/3P1P1P/1P3R2/R5K1 w - - 17 41",0.0
"6k1/8/8/2ppp1p1/prP2rPp/3P1P1P/RP3R2/6K1 w - - 0 43",0.0
"8/5k2/8/2p1P1p1/p3r1Pp/7P/RP3K2/8 w - - 2 49",0.0
"8/8/4k3/2p1P1p1/pr4Pp/R6P/1P6/6K1 w - - 6 51",0.0
"8/8/8/2p1k1p1/p5Pp/1r5P/1P6/R5K1 w - - 2 53",0.0
"8/8/4k3/2R5/prp3Pp/7P/8/6K1 w - - 6 59",0.0
"8/8/2R5/3k2P1/1rp4p/p6P/8/6K1 w - - 2 61",0.0
"8/8/R7/3k2P1/6Kp/prp4P/8/8 w - - 0 65",0.0
"8/8/8/1k4P1/R5Kp/prp4P/8/8 w - - 4 67",0.0
"1R6/2k5/8/6P1/6Kp/p6P/8/2q5 w - - 2 71",0.0
"8/2k5/7K/6P1/8/7P/8/7q w - - 5 77",0.0
"8/2k3K1/6P1/5q2/8/8/8/8 w - - 6 81",0.0
"8/2k4K/6P1/5q2/8/8/8/8 w - - 18 87",0.0
"8/2k4K/6P1/5q2/8/8/8/8 w - - 22 89",0.0
"8/2k4K/6P1/6q1/8/8/8/8 w - - 26 91",0.0
"8/3k1K2/6P1/6q1/8/8/8/8 w - - 30 93",0.0
"4k1K1/8/8/8/3q4/8/8/8 w - - 8 99",0.0
"r1bq1rk1/pp1p1pp1/4pn1p/3p2N1/8/3QP3/PPPP1PPP/R1B2RK1 w - - 0 11",0.5
"r1b2rk1/1pqp1pp1/p3pn1p/3p4/3N4/3QP3/PPPP1PPP/R1B2RK1 w - - 0 13",0.5
"r1b2rk1/1pq2pp1/p2p1n1p/3ppN2/P7/3QP3/1PPP1PPP/R1B2RK1 w - - 0 15",0.5
"r1r3k1/1p1n1pp1/p2p3p/3pp3/P2P4/4PP2/1PP3PP/R1B2RK1 w - - 1 19",0.5
"r5k1/5pp1/3p1n1p/1p1pp3/3PP3/2P2P2/1P4PP/2B2RK1 w - - 0 23",0.5
"6k1/5p2/3p3p/1p4p1/3Pn1P1/8/1P5P/4B1K1 w - - 0 29",0.5
"6k1/5p2/5n1p/1p1p2p1/3P2P1/5K2/1P5P/4B3 w - - 0 31",0.5
"6k1/8/5p1p/1p1p2pP/3Pn1P1/5K2/1P6/4B3 w - - 0 33",0.5
"8/8/4kp1p/1p1p2pP/1B1Pn1P1/1P3K2/8/8 w - - 3 35",0.5
"8/8/4kp1B/1p1p2pP/3P2P1/1n6/5K2/8 w - - 0 41",0.5
"8/5k2/5p2/1pBp2pP/3P2P1/8/3n1K2/8 w - - 4 43",0.5
"8/5k2/5p2/1pBp2pP/3P2P1/8/3n1K2/8 w - - 8 45",0.5
"8/6k1/5p2/1p1p2pP/1B1Pn1P1/5K2/8/8 w - - 12 47",0.5
"8/8/7k/1pBp1PpP/3Pn3/5K2/8/8 w - - 1 49",0.5
"8/8/5n2/1pBp1Ppk/3P4/5K2/8/8 w - - 0 51",0.5
"8/8/8/1p1p1Pk1/1B1Pn3/5K2/8/8 w - - 3 55",0.5
"8/8/5k2/1p1p4/1B1Pn3/3K4/8/8 w - - 2 57",0.5
"8/8/5k2/1pBp4/3Pn3/3K4/8/8 w - - 6 59",0.5
"8/8/5k2/1p1p4/1B1Pn3/3K4/8/8 w - - 10 61",0.5
"8/8/5k2/1p1p4/1B1Pn3/3K4/8/8 w - - 14 63",0.5
"8/8/5k2/1p1p4/1B1Pn3/3K4/8/8 w - - 18 65",0.5
"8/8/5k2/1p1p4/1B1Pn3/3K4/8/8 w - - 22 67",0.5
"8/8/8/1p1p1k2/1B1Pn3/8/4K3/8 w - - 26 69",0.5
"8/8/4k3/1p1p4/1B1Pn3/4K3/8/8 w - - 30 71",0.5
"8/8/5k2/1p1p4/1B1Pn3/3K4/8/8 w - - 34 73",0.5
"8/8/8/1p1p1k2/1B1Pn3/8/4K3/8 w - - 38 75",0.5
"8/8/4k3/1p1p4/1B1Pn3/4K3/8/8 w - - 42 77",0.5
"8/8/5k2/1p1p4/1B1Pn3/3K4/8/8 w - - 46 79",0.5
"8/8/5k2/1p1p4/1B1Pn3/8/4K3/8 w - - 50 81",0.5
"8/8/8/1p1p1k2/1B1Pn3/4K3/8/8 w - - 54 83",0.5
"8/8/4k3/1p1p4/1B1Pn3/4K3/8/8 w - - 58 85",0.5
"8/8/4k3/1p1p4/1B1Pn3/3K4/8/8 w - - 62 87",0.5
"8/8/5k2/1p1p4/1B1Pn3/3K4/8/8 w - - 66 89",0.5
"8/8/5k2/1p1p4/1B1Pn3/8/4K3/8 w - - 70 91",0.5
"8/8/8/1p1p1k2/1B1Pn3/4K3/8/8 w - - 74 93",0.5
"8/8/8/1p1p1k2/1B1Pn3/4K3/8/8 w - - 78 95",0.5
"8/8/8/1p1p1k2/1B1Pn3/4K3/8/8 w - - 82 97",0.5
"8/8/8/1p1p1k2/1B1Pn3/4K3/8/8 w - - 86 99",0.5
"8/8/8/1p1p1k2/1B1Pn3/4K3/8/8 w - - 90 101",0.5
"8/8/8/1p1p1k2/1B1Pn3/4K3/8/8 w - - 94 103",0.5
"8/8/8/1p1p1k2/1B1Pn3/4K3/8/8 w - - 98 105",0.5
"r1bq1rk1/1ppp1ppp/p1nbpn2/6N1/8/2NBP3/PPPP1PPP/R1BQ1RK1 w - - 2 7",0.0
"r1bq1rk1/1p1p1ppp/p3pn2/2p1b1N1/P7/2NPPQ2/1P1P1PPP/R1B2RK1 w - - 2 11",0.0
"r1bq1rk1/1pb2ppp/p3pn2/P1pp2N1/8/2NPP2Q/1P1P1PPP/R1B2RK1 w - - 2 13",0.0
"r1bq1rk1/1pb2ppp/p3pn2/P5N1/N1p5/4P2Q/1P1P1PPP/R1B2RK1 w - - 0 15",0.0
"r1bq1rk1/1p3ppp/p3pn2/6N1/N1Q5/4P3/1P1b1PPP/R1B2RK1 w - - 0 17",0.0
"r1b2rk1/1p3ppp/p3pn2/q5N1/Nb6/4P3/1PQ2PPP/R1BR2K1 w - - 4 19",0.0
"r1b2rk1/5ppp/p3pn2/1p4q1/NR6/4P3/1PQ2PPP/R1B3K1 w - - 0 21",0.0
"r4rk1/1b3ppp/p3pn2/1p6/1R3P1q/2N1P3/1PQ3PP/R1B3K1 w - - 1 23",0.0
"r1bq1rk1/pppp1ppp/4pn2/2b5/Pn6/1P1BPN2/2PP1PPP/RNBQ1RK1 w - - 1 7",1.0
"r1bq1rk1/1ppp1ppp/p3p3/2bn4/Pn6/1P2PN2/2PPBPPP/RNBQ1RK1 w - - 2 9",1.0
"r1b2rk1/1pppnppp/p3pq2/2b5/PnPP4/1P2PN2/4BPPP/RNBQ1RK1 w - - 1 11",1.0
"r1b2rk1/bppp1ppp/p1n1pq2/8/PnPPP3/RP3N2/4BPPP/1NBQ1RK1 w - - 1 13",1.0
"r4rk1/bp1b1ppp/p1npp1q1/8/Pn1PP3/RPN1BN2/4BPPP/3Q1RK1 w - - 2 17",1.0
"2r2rk1/1p1b1ppp/pbnpp1q1/8/Pn1PP3/RPN1BN2/3QBPPP/2R3K1 w - - 6 19",1.0
"2r2rk1/1p1b1ppp/1bnppq2/p7/Pn1PP3/RPN1BN2/3QBPPP/2R3K1 w - - 0 21",1.0
"2r3k1/1p3ppp/2b1p3/R3Q3/4P3/1r3NK1/6PP/8 w - - 2 39",1.0
"2r3k1/5ppp/2b1p3/R7/1p1QP2P/1r3NK1/6P1/8 w - - 0 41",1.0
"2r3k1/5p1p/4p1p1/Q7/4b2P/5NK1/6P1/8 w - - 0 45",1.0
"2r3k1/7p/6p1/4pp2/1Q1Nb2P/6K1/6P1/8 w - - 0 47",1.0
"2r3k1/7p/6p1/4p3/1Q3p1P/5b2/6PK/8 w - - 0 49",1.0
"8/6kp/6p1/4p3/5p1P/5Q2/6PK/2r5 w - - 1 51",1.0
"8/7p/6pk/2r1p3/4Qp1P/8/6PK/8 w - - 5 53",1.0
"8/6kp/6p1/2r1p3/4Q2P/6K1/8/8 w - - 1 55",1.0
"8/7p/6pk/4p3/1Q5P/6K1/2r5/8 w - - 5 57",1.0
"8/7p/6pk/4Q3/7P/6K1/2r5/8 w - - 1 59",1.0
"8/7p/6pk/4Q2P/8/7K/2r5/8 w - - 1 61",1.0
"8/7p/3Q4/6pk/8/7K/2r5/8 w - - 0 63",1.0
"8/7p/7k/8/6Q1/7K/2r5/8 w - - 1 65",1.0
"8/7p/6k1/8/7Q/7K/2r5/8 w - - 5 67",1.0
"8/7p/7k/8/8/7K/2Q5/8 w - - 1 69",1.0
"8/6Q1/7p/7k/8/7K/8/8 w - - 0 71",1.0
"rnbq1rk1/1ppp1ppp/3bpn2/p7/1P6/2PBPN2/P2P1PPP/RNBQ1RK1 w - - 0 7",0.0
"rnb2rk1/1pppqppp/4pn2/pPb5/2P5/3BPN2/P2P1PPP/RNBQ1RK1 w - - 1 9",0.0
"rnb2rk1/1pp1qppp/4pn2/1Pb1B3/2B5/p1N1PN2/P2P1PPP/R2Q1RK1 w - - 0 13",0.0
"rnb2rk1/1pp2ppp/3qpn2/1P6/2BP4/p1N1PN2/P4PPP/R2Q1RK1 w - - 0 15",0.0
"r1b2rk1/1p1n1ppp/2pqpn2/1P4N1/2BP4/p1N1P3/P1Q2PPP/R4RK1 w - - 0 17",0.0
"r1b2rk1/1p1n1ppp/2q1pn2/1N4N1/2BP4/p3P3/P1Q2PPP/1R3RK1 w - - 1 19",0.0
"r4rk1/1p1b1p2/4pp2/1N6/3P4/pR2P3/P1Bn1PPP/2R3K1 w - - 0 25",0.0
"5rk1/1p1b1p2/5p2/rN1Pp3/1R6/p3P3/P1Bn1PPP/2R3K1 w - - 1 27",0.0
"5rk1/2Nb1p2/5p2/rp1Pp3/1Rn4P/p3P3/P1B2PP1/2R3K1 w - - 1 29",0.0
"2r3k1/3b1p2/5p2/rN1Pp3/1R5P/p3P3/P1Bn1PP1/1R4K1 w - - 1 31",0.0
"6k1/3b1p2/5p2/rNrPp3/7P/p2BP3/P4PP1/1R4K1 w - - 1 33",0.0
"1R6/3b1pk1/3N1p2/r2rp3/7P/p2BP3/P4PP1/6K1 w - - 2 35",0.0
"1R6/5pk1/5p2/r3pB2/7P/p3P3/r4PP1/6K1 w - - 0 39",0.0
"8/5pk1/5p2/r3pB1P/8/4P3/p2r1PP1/1R4K1 w - - 0 41",0.0
"8/5pk1/5p2/7r/4B3/4P3/p2r1PP1/R5K1 w - - 0 43",0.0
"8/5pk1/8/2r2p2/4B3/4P3/p2r1PP1/R5K1 w - - 0 45",0.0
"8/5pk1/8/5p2/8/4PBK1/r4PP1/5r2 w - - 2 49",0.0
"8/5pk1/8/8/4B3/6K1/3r2P1/5r2 w - - 2 53",0.0
"8/6k1/8/5p2/3r4/5B1K/2r3P1/8 w - - 6 57",0.0
"8/8/5k2/5p2/r7/5B2/2r3P1/6K1 w - - 10 59",0.0
"8/8/8/3Bkp2/1r6/8/2r3PK/8 w - - 14 61",0.0
"8/8/8/4kp2/8/5BK1/2r3P1/7r w - - 18 63",0.0
"8/1Br5/8/4k3/5pK1/8/6P1/7r w - - 2 65",0.0
"8/8/8/4k3/5pK1/3r4/6P1/7r w - - 0 67",0.0
"r1bqkb1r/1pp1ppp1/2n2n2/p2p2N1/7p/2N1P3/PPPPBPPP/R1BQ1RK1 w kq - 0 7",0.0
"r2qkb2/1pp1ppp1/2n2n2/p2p4/3P2Br/2N1P3/PPP2P1P/R1BQ1RK1 w q - 2 11",0.0
"r3kb2/1pp1pp2/2nq1np1/p2p4/3P3r/2NBP3/PPP2P1P/R1BQ1RK1 w q - 2 13",0.0
"2kr1b2/1pp1pp2/2nq1np1/p2p4/3P1Pr1/2NBP3/PPP4P/R1BQ1R1K w - - 3 15",0.0
"2kr1b2/1pp1pp2/2n1qnp1/pN1p4/3P1P1r/3BP3/PPPB3P/R2Q1R1K w - - 7 17",0.0
"2kr1b2/1pp1pp2/2n3p1/pN1p4/3P1Pnr/3BP2q/PPPBQ2P/R4R1K w - - 11 19",0.0
"2kr1b2/1pp1pp2/2n3p1/pN1p4/P2P1Pn1/3BPR2/1PP4r/R5K1 w - - 2 23",0.0
"2kr4/1pp1pp2/2n3pb/pN1p1P2/P2P2nr/3BP1R1/1PP5/R5K1 w - - 1 25",0.0
"2k1r3/1p2pp2/2p5/p2p1P2/P2P1bnr/2NR4/1PP5/4R1K1 w - - 2 31",0.0
"2k3r1/1p2pp2/2pb4/p2p1P2/P2P3r/2N2K2/1PP5/4R3 w - - 1 35",0.0
"2k3r1/1p2pp2/2pb4/p2p1r2/P2P4/2NK4/1PP5/4R3 w - - 0 37",0.0
"2k3r1/1p2pp2/2pb4/p2p4/P2P4/8/1PPKNr2/4R3 w - - 4 39",0.0
"2k5/1p2p3/2pb4/p2p1p2/P2P4/8/1PPKNrr1/4R3 w - - 0 41",0.0
"2k5/1p2p3/2p5/p2p4/Pb1P1p2/1P1K4/2P1Nrr1/4R3 w - - 2 43",0.0
"2k5/1p2p3/2p5/p2p4/Pb1P1p2/r7/2K1N1r1/4R3 w - - 2 47",0.0
"7R/1pk1p3/2p5/p2p4/Pb1P4/r4p2/2K1N1r1/8 w - - 2 49",0.0
"8/1pk1p3/2p5/p2p4/rb1P4/8/4p1r1/1K5R w - - 0 51",0.0
"8/2k1p3/2p5/pp1p4/r2P4/8/4p1r1/1K2b3 w - - 0 53",0.0
"r1bq1rk1/1ppp1ppp/2nbpn2/pB6/3P4/2N1PN2/PPP2PPP/R1BQ1RK1 w - - 0 7",0.0
"r1bq1rk1/nppp1ppp/3bp3/pB1nP3/3P4/2N2N2/PPP2PPP/R1BQ1RK1 w - - 1 9",0.0
"r1b2rk1/npp1qppp/3p4/p2pP3/3P4/3B1N2/PPP2PPP/R2Q1RK1 w - - 0 13",0.0
"r1b2rk1/1pp1qppp/2np4/3pP3/p2P1Q2/3B1N2/PPP2PPP/R4RK1 w - - 0 15",0.0
"4rrk1/1p5p/1R4p1/3p4/p2n4/3B4/PPP2PPP/R5K1 w - - 3 23",0.0
"1R6/6kp/6p1/3p4/p1P5/8/PP2rrPP/R5K1 w - - 2 27",0.0
"8/1R5p/6pk/3P1r2/p7/8/PP4rP/R3K3 w - - 4 31",0.0
"8/1R1P3p/6pk/3r4/p7/8/PP3K1P/r7 w - - 1 35",0.0
"8/1R1r3p/6pk/8/7P/1P6/3r4/5K2 w - - 0 41",0.0
"8/r6p/6pk/8/1R5P/1P6/1r6/4K3 w - - 4 43",0.0
"8/7p/6pk/R7/7P/1r6/1r6/4K3 w - - 0 45",0.0
"8/7p/6pk/R7/7P/4r3/7r/2K5 w - - 4 47",0.0
"8/7p/6pk/2R5/7P/8/5r1r/1K6 w - - 12 51",0.0
"r1bqk1r1/1ppppp1p/p1n2n1b/6N1/7P/4P3/PPPPBPP1/RNBQK2R w KQq - 1 7",0.5
"r1bqkbr1/1pp1pp1p/p1n2n2/3p2N1/2B2P1P/4P3/PPPP2P1/RNBQK2R w KQq - 0 9",0.5
"r1bqkbr1/1pp1pp2/p1n2n1p/8/3p1P1P/4PN2/PPPP2P1/RNBQKB1R w KQq - 0 11",0.5
"r1bqkbr1/1pp1pp2/p6p/4P3/3p2nP/4P3/PPPP2P1/RNBQKB1R w KQq - 1 13",0.5
"r2qkbr1/2p1pp2/p3b2p/1p6/3p3P/3PPQ2/PP1P2P1/RNB2RK1 w q - 2 17",0.5
"r2qkbr1/2p1pp2/p3b2p/1p1Q4/3p3P/3PP3/PP1P2P1/RNB2RK1 w q - 6 19",0.5
"r2qkbr1/2p1pp2/p3b2p/1p1Q4/3p3P/3PP3/PP1P2P1/RNB2RK1 w q - 10 21",0.5
"r2qkbr1/2p1pp2/p3b2p/1p1Q4/3p3P/3PP3/PP1P2P1/RNB2RK1 w q - 14 23",0.5
"r2qkbr1/2p1pp2/p3b2p/1p1Q4/3p3P/3PP3/PP1P2P1/RNB2RK1 w q - 18 25",0.5
"r2qkbr1/2p1pp2/p3b2p/1p1Q4/3p3P/3PP3/PP1P2P1/RNB2RK1 w q - 22 27",0.5
"r2qkbr1/2p1pp2/p3b2p/1p1Q4/3p3P/3PP3/PP1P2P1/RNB2RK1 w q - 26 29",0.5
"r2qkbr1/2p1pp2/p3b2p/1p1Q4/3p3P/3PP3/PP1P2P1/RNB2RK1 w q - 30 31",0.5
"r2qkbr1/2p1pp2/p3b2p/1p1Q4/3p3P/3PP3/PP1P2P1/RNB2RK1 w q - 34 33",0.5
"r2qkbr1/2p1pp2/p3b2p/1p1Q4/3p3P/3PP3/PP1P2P1/RNB2RK1 w q - 38 35",0.5
"r2qkbr1/2p1pp2/p3b2p/1p1Q4/3p3P/3PP3/PP1P2P1/RNB2RK1 w q - 42 37",0.5
"r2qkbr1/2p1pp2/p3b2p/1p1Q4/3p3P/3PP3/PP1P2P1/RNB2RK1 w q - 46 39",0.5
"r2qkbr1/2p1pp2/p3b2p/1p1Q4/3p3P/3PP3/PP1P2P1/RNB2RK1 w q - 50 41",0.5
"r2qkbr1/2p1pp2/p3b2p/1p1Q4/3p3P/3PP3/PP1P2P1/RNB2RK1 w q - 54 43",0.5
"r2qkbr1/2p1pp2/p3b2p/1p1Q4/3p3P/3PP3/PP1P2P1/RNB2RK1 w q - 58 45",0.5
"r2qkbr1/2p1pp2/p3b2p/1p1Q4/3p3P/3PP3/PP1P2P1/RNB2RK1 w q - 62 47",0.5
"r2qkbr1/2p1pp2/p3b2p/1p1Q4/3p3P/3PP3/PP1P2P1/RNB2RK1 w q - 66 49",0.5
"r2qkbr1/2p1pp2/p3b2p/1p1Q4/3p3P/3PP3/PP1P2P1/RNB2RK1 w q - 70 51",0.5
"r2qkbr1/2p1pp2/p3b2p/1p1Q4/3p3P/3PP3/PP1P2P1/RNB2RK1 w q - 74 53",0.5
"r2qkbr1/2p1pp2/p3b2p/1p1Q4/3p3P/3PP3/PP1P2P1/RNB2RK1 w q - 78 55",0.5
"r2qkbr1/2p1pp2/p3b2p/1p1Q4/3p3P/3PP3/PP1P2P1/RNB2RK1 w q - 82 57",0.5
"r2qkbr1/2p1pp2/p3b2p/1p1Q4/3p3P/3PP3/PP1P2P1/RNB2RK1 w q - 86 59",0.5
"r2qkbr1/2p1pp2/p3b2p/1p1Q4/3p3P/3PP3/PP1P2P1/RNB2RK1 w q - 90 61",0.5
"r2qkbr1/2p1pp2/p3b2p/1p1Q4/3p3P/3PP3/PP1P2P1/RNB2RK1 w q - 94 63",0.5
"r2qkbr1/2p1pp2/p3b2p/1p1Q4/3p3P/3PP3/PP1P2P1/RNB2RK1 w q - 98 65",0.5
"r1bqk2r/pppp1ppp/3bpn2/8/1n6/2NBPN2/PPPP1PPP/R1BQK2R w KQkq - 8 7",1.0
"r1bqk2r/pppp1ppp/3b4/3p4/1n6/3BPN2/PPPPQPPP/R1B1K2R w KQkq - 0 9",1.0
"r1bqk2r/pp1p1ppp/2pb4/3p4/8/P2QPN2/1PPP1PPP/R1B1K2R w KQkq - 0 11",1.0
"r1b2rk1/pp1p1ppp/2pb4/q2p4/2P5/P2QPN2/1P1P1PPP/R1B2RK1 w - - 3 13",1.0
"r1b1r1k1/p2p1ppp/1ppb4/q2p1Q2/2P5/PP2PN2/3P1PPP/R1B2RK1 w - - 0 15",1.0
"r1b2rk1/ppppqppp/2nbpn2/1N6/8/3BPN2/PPPP1PPP/R1BQ1RK1 w - - 8 7",1.0
"r4rk1/2ppqppp/bp1bpn2/pN6/P2P4/3B1Q2/1PPP1PPP/R1B2RK1 w - - 2 11",1.0
"r4rk1/3p1ppp/bppqpn2/p7/P1PP4/3B1Q2/1P1P1PPP/R1B2RK1 w - - 0 13",1.0
"r4rk1/3p2pp/bppqp3/p4p2/P1PP2n1/3B3Q/1P1P1PPP/R1B2RK1 w - - 0 15",1.0
"r4rk1/3p2pp/bpp1p3/p3np2/P1Pq4/1P1B3Q/R2P1PPP/2B2RK1 w - - 2 17",1.0
"r4rk1/6pp/bpppp3/p3np2/P1P3q1/1P1P3Q/R1B2PPP/2B2RK1 w - - 1 19",1.0
"rr4k1/6pp/bQppp1q1/p3np2/P1P5/1P1P4/R1B2PPP/2B2RK1 w - - 1 21",1.0
"r3q1k1/6pp/b1Q1p3/p4p2/P1P5/1P1r4/2R2PPP/2B2R1K w - - 1 27",1.0
"r5k1/6pp/bQ6/4q3/P1P1pp2/1P1r4/2RB1PPP/5R1K w - - 0 31",1.0
"r1b3k1/6pp/1Q6/4q3/P1P1p3/1P1r1pP1/2RB1P1P/5RK1 w - - 1 33",1.0
"1rb3k1/6pp/2Q5/4q3/P1P1p3/1P3pP1/3R1P1P/5RK1 w - - 1 35",1.0
"2R5/5kpp/2Q5/4q3/P1P1p3/1r3pP1/5P1P/5RK1 w - - 0 37",1.0
"R7/5kp1/2Q4p/4q3/P1P1p3/5pP1/1r3P1P/4R1K1 w - - 2 39",1.0
"1r4k1/R5p1/6Qp/4q3/P1P1p3/5pP1/5P1P/4R1K1 w - - 6 41",1.0
"r5k1/3R2p1/6Qp/2P5/P3p3/2q2pP1/5P1P/4R1K1 w - - 1 43",1.0
"2r4k/3R2p1/7p/2P5/P3Q3/2q2pP1/5P1P/4R1K1 w - - 1 45",1.0
"2r4k/6p1/2P4p/3R4/P3Q3/2q2pP1/5P1P/4R1K1 w - - 1 47",1.0
"2r3k1/6p1/2P2q1p/3R4/P3Q1P1/5p2/5P1P/2R3K1 w - - 3 49",1.0
"2r4k/2P3p1/7p/8/P3Q1P1/5R2/5P1P/6K1 w - - 3 55",1.0
"2Q5/5Rpk/8/7p/P5P1/8/5P1P/6K1 w - - 0 59",1.0
"rnbq1rk1/pppp1ppp/5n2/1Nb1p3/P7/3BPN2/1PPP1PPP/R1BQK2R w KQ - 0 7",0.5
"rnbqr1k1/pppp1ppp/8/2b1p3/P3P1n1/2NB1N2/1PPP1PPP/R1BQK2R w KQ - 1 9",0.5
"r1b1r1k1/ppp2ppp/3p4/P3p3/1q2P3/3B1N2/1PPP2PP/R1BQ3K w - - 0 17",0.5
"r1b1r1k1/ppp2ppp/2qp4/P3p3/1P2P3/2PB1N2/3P2PP/R1BQ3K w - - 1 19",0.5
"r3r1k1/pppb1ppp/3p4/P3p3/RP2P3/2PB1N2/3P2PP/2B4K w - - 1 21",0.5
"1r2r1k1/pp1b1ppp/3p4/P1p1p3/1P2P3/2PB1N2/3P2PP/1RB4K w - - 2 23",0.5
"3rr1k1/p2b1ppp/Pp6/2p1p3/2P1P3/B2B1N2/3P2PP/1R5K w - - 1 27",0.5
"3rr1k1/p4ppp/Ppb5/2p1p3/2P1P3/5N2/1B1P2PP/1R3B1K w - - 5 29",0.5
"3rr1k1/p5pp/Pp3p2/2p1p3/b1P1P2P/3P1N2/1B4P1/1R3B1K w - - 1 31",0.5
"3rr1k1/p5pp/P4p2/1bp1p3/4P2P/3P1N2/1B4P1/2R2B1K w - - 0 33",0.5
"2r3k1/p5pp/b4p2/4p3/2PrP2P/B2B4/6P1/2R1N2K w - - 3 37",0.5
"2r3k1/p2r2p1/b4p2/4p2p/2P1P2P/3B4/1B4P1/2R1N1K1 w - - 0 39",0.5
"2r3k1/p5p1/br3p2/4p2p/2P1P2P/2RB4/1B4P1/4N1K1 w - - 4 41",0.5
"6k1/p5p1/B1r2p2/2P1p2p/4P2P/2R5/1r4P1/4N1K1 w - - 1 43",0.5
"2r4k/p5p1/5p2/2PBp2p/4P2P/2R5/1r4P1/4N1K1 w - - 5 45",0.5
"7k/p1r3p1/2P2p2/3Bp2p/4P2P/2R5/6P1/1r2NK2 w - - 3 47",0.5
"8/p1r4k/2P2p2/3Bp1pp/4P2P/R7/6P1/1r2NK2 w - - 0 49",0.5
"8/p1r5/2P2p1k/1r1Bp2p/R3P1pP/4K1P1/8/4N3 w - - 2 53",0.5
"8/2rB4/2P2p1k/1p2p2p/4P1pP/4K1P1/8/4N3 w - - 0 57",0.5
"4B3/2r5/2P2p1k/1p2p2p/4P1pP/3NK1P1/8/8 w - - 4 59",0.5
"4B3/2r5/2P2p1k/1p2p2p/4P1pP/3NK1P1/8/8 w - - 8 61",0.5
"4B3/2r5/2P2p1k/1p2p2p/4P1pP/3NK1P1/8/8 w - - 12 63",0.5
"8/r5k1/2P2p2/1p2pB1p/4P1pP/3NK1P1/8/8 w - - 16 65",0.5
"8/r4k2/2P2p2/1p2pB1p/4P1pP/3NK1P1/8/8 w - - 20 67",0.5
"8/r7/2Pk1p2/1p2pB1p/4P1pP/3NK1P1/8/8 w - - 24 69",0.5
"8/3B4/2Pk1p2/4p2p/1p2P1pP/4K1P1/r4N2/8 w - - 0 71",0.5
"8/8/2k2p2/4p2B/4P1pP/1p1N2r1/3K4/8 w - - 0 75",0.5
"8/8/3k1p2/4p3/4P1pP/1B1N3r/3K4/8 w - - 1 77",0.5
"8/4k3/5p2/4p3/2B1P1pr/3NK3/8/8 w - - 2 79",0.5
"8/8/3k1p2/4p3/1NB1P1p1/7r/5K2/8 w - - 6 81",0.5
"8/8/3k1p2/4p3/2B1P1p1/3N2K1/4r3/8 w - - 10 83",0.5
"8/8/3k1p2/4p3/4P1p1/3B2K1/3r1N2/8 w - - 14 85",0.5
"8/7r/3k1p2/4p3/4P3/4N3/5K2/5B2 w - - 5 89",0.5
"8/8/3k1p2/4p3/2B1P3/4N1K1/1r6/8 w - - 9 91",0.5
"8/2k5/5p2/3BpN2/4P3/6K1/1r6/8 w - - 13 93",0.5
"8/2k5/5p2/3BpN2/4P3/6K1/1r6/8 w - - 17 95",0.5
"8/2k5/5p2/3BpN2/4P3/6K1/1r6/8 w - - 21 97",0.5
"8/2k5/5p2/3BpN2/4P3/6K1/1r6/8 w - - 25 99",0.5
"8/2k5/5p2/3BpN2/4P3/6K1/1r6/8 w - - 29 101",0.5
"8/2k5/5p2/3BpN2/4P3/6K1/1r6/8 w - - 33 103",0.5
"8/2k5/5p2/3BpN2/4P3/6K1/1r6/8 w - - 37 105",0.5
"8/2k5/5p2/3BpN2/4P3/6K1/1r6/8 w - - 41 107",0.5
"8/2k5/5p2/3BpN2/4P3/6K1/1r6/8 w - - 45 109",0.5
"8/2k5/5p2/3BpN2/4P3/6K1/1r6/8 w - - 49 111",0.5
"8/2k5/5p2/3BpN2/4P3/6K1/1r6/8 w - - 53 113",0.5
"8/2k5/5p2/3BpN2/4P3/6K1/1r6/8 w - - 57 115",0.5
"8/2k5/5p2/3BpN2/4P3/6K1/3r4/8 w - - 61 117",0.5
"8/3k4/5p2/3Bp3/4P3/4NK2/1r6/8 w - - 65 119",0.5
"rnbq1rk1/1ppp1ppp/3bpn2/p7/N7/3BPN2/PPPP1PPP/R1BQ1RK1 w - - 2 7",0.0
"r1bq1rk1/1p1p1ppp/2nbpn2/p1p5/2P5/2NBPN2/PP1P1PPP/R1BQ1RK1 w - - 2 9",0.0
"r1b2rk1/1p1pqppp/2nbp3/pNp5/P1P3n1/3BPN2/1P1P1PPP/R1BQ1RK1 w - - 1 11",0.0
"r1b2r1k/1p1p1pp1/2n1p3/pNp5/P1P3nq/3BP3/1PQP1PP1/R1B2RK1 w - - 3 17",0.0
"r1bqk2r/pppp1ppp/2n2n2/1Nb1p3/P7/3BPN2/1PPP1PPP/R1BQK2R w KQkq - 0 7",0.0
"r1bqk2r/ppp2ppp/2n2n2/1N1pp3/PbB5/4PN2/2PP1PPP/R1BQK2R w KQkq - 0 9",0.0
"r2q1rk1/ppp2ppp/2n2n2/1N1ppb2/Pb6/4PN2/2PPBPPP/R1BQ1RK1 w - - 4 11",0.0
"r2q1rk1/ppp1bppp/2n1bn2/1N1pp3/P6N/2P1P3/3PBPPP/R1BQ1RK1 w - - 3 13",0.0
"r2q1rk1/1pp1bppp/p1n1bn2/3p4/P3p2N/N1PBP3/3P1PPP/R1BQ1RK1 w - - 0 15",0.0
"r2q1rk1/1pp2ppp/p1nbb3/3pn3/P7/N1P1PQP1/2BP1P1P/R1B2RK1 w - - 1 19",0.0
"r2q1rk1/1pp2p1p/p1nb2p1/3pn3/P5b1/N1P1P1P1/2BPQP1P/R1B2RK1 w - - 2 21",0.0
"r2qr1k1/1pp2p1p/p1nb2p1/3pn3/P7/N1P1PPPb/2BPQR1P/R1B3K1 w - - 3 23",0.0
"r3r1k1/1ppn1p1p/p1nb1qp1/3p4/P2PP3/N1P2PPb/2B1QR1P/R1B3K1 w - - 1 25",0.0
"r3r1k1/1ppn1p1p/p4qp1/3pb3/P7/N1P2PPb/2B1QR1P/R1B3K1 w - - 0 27",0.0
"r5k1/1ppn1p1p/p5p1/3p4/P7/N4PP1/2B1b2P/B5K1 w - - 1 33",0.0
"4r1k1/1p1n1p1p/p1p3p1/3p4/P7/NB3PP1/4bK1P/B7 w - - 0 35",0.0
"4r1k1/1p1n3p/p5p1/P1pp1p2/8/N4PP1/2B1bK1P/B7 w - - 0 37",0.0
"6k1/1p1B3p/p5p1/P1pp1p2/8/N2b1PP1/5K1P/r7 w - - 0 41",0.0
"8/1B4kp/6p1/p1p2p2/2b2P1P/4K1P1/r7/8 w - - 0 47",0.0
"8/6k1/6p1/2p2P2/2b3B1/4K3/pr6/8 w - - 0 53",0.0
"8/8/5kp1/2p5/2b1K1B1/8/1r6/q7 w - - 0 55",0.0
"r1b2rk1/1ppp1ppp/2nqpn2/p7/P7/3BPN2/1PPP1PPP/R1BQ1RK1 w - - 0 9",0.0
"r1b2rk1/1pp2ppp/3ppn2/p7/P7/1P1PPN2/3P1PPP/R1B2RK1 w - - 0 13",0.0
"r1b2rk1/1pp2pp1/3p1n1p/p3p1N1/P7/1P1PP3/1B1P1PPP/R4RK1 w - - 0 15",0.0
"r4rk1/1pp2pp1/3pb2p/p3p3/P3P3/1P2P3/1B1P1PPP/R4RK1 w - - 1 17",0.0
"r4rk1/1p3pp1/3p3p/p7/P2BP3/1b6/5PPP/R1R3K1 w - - 0 21",0.0
"r1r3k1/1R3pp1/3p3p/p7/b2BP3/8/5PPP/2R3K1 w - - 1 23",0.0
"1r4k1/5pp1/3pb2p/p7/3BP3/8/5PPP/2R3K1 w - - 2 27",0.0
"6k1/B4pp1/4b2p/p2pP3/8/1r6/5PPP/2R3K1 w - - 2 29",0.0
"6k1/5pp1/7p/3pP3/p5b1/1r2B3/5PPP/R5K1 w - - 2 31",0.0
"6k1/3b1pp1/7p/3pP2P/p7/3rB3/5PP1/R5K1 w - - 1 33",0.0
"1R6/3b1ppk/7p/4P2P/p2p4/3rB3/5PP1/6K1 w - - 2 35",0.0
"8/1R3ppk/7p/4P2b/p2p1B2/3r4/5PP1/6K1 w - - 0 37",0.0
"8/5Rpk/7p/4P3/3p1Bb1/p2r4/5P2/6K1 w - - 0 39",0.0
"8/4R1pk/4b2p/4P3/3p1B2/3r4/p4P2/6K1 w - - 0 41",0.0
"8/R5pk/4b2p/4P3/5B2/3p4/p4PK1/3r4 w - - 0 43",0.0
"8/6pk/4b2p/4P3/5B2/3p1P2/6K1/r7 w - - 0 45",0.0
"8/6pk/4b2p/4P3/5B2/4KP2/r2p4/8 w - - 0 47",0.0
"r1b1k2r/pppp1ppp/2nqpn2/8/8/3BPN2/PPPP1PPP/R1BQK2R w KQkq - 0 7",1.0
"r1b2rk1/1ppp1ppp/p1nqpn2/8/P7/3BPN2/1PPP1PPP/R1BQ1RK1 w - - 1 9",1.0
"r1b2rk1/1ppp1pp1/p1n1pn1p/3q2N1/P4P2/3BP3/1PPP2PP/R1BQ1RK1 w - - 0 11",1.0
"r1b2rk1/1pp2pp1/p1npp2p/3q4/P3nP2/R2BPN2/1PPP2PP/2BQ1RK1 w - - 2 13",1.0
"r4rk1/1ppb1pp1/p3p2p/3p1q2/P1PPnP2/R2B1Q2/1P1P2PP/2B2RK1 w - - 0 17",1.0
"r4rk1/1pp2pp1/p1b1p2p/5q2/P1PPpP2/R4Q2/1P1P2PP/2B1R1K1 w - - 0 19",1.0
"3r2k1/2p2pp1/r1b1p2p/1p3q2/PP1PpP2/2R1Q3/3P2PP/2B1R1K1 w - - 2 23",1.0
"3r2k1/r1p2pp1/4p2p/1PRb1q2/1P1PpP2/4Q3/3P2PP/2B1R1K1 w - - 1 25",1.0
"1r4k1/r1p2pp1/4p3/1PRb1q1p/1P1PpP1Q/8/3P2PP/2B1R1K1 w - - 2 27",1.0
"1r4k1/r1p2pp1/4p3/1PRb4/1P1PpPp1/4R3/3P2PP/2B3K1 w - - 0 29",1.0
"3r2k1/r1p3p1/4p3/1PRb4/1P1Pp1p1/4R3/3P2PP/2B3K1 w - - 0 31",1.0
"3r3k/2R3R1/4p3/1r1b4/3Pp3/8/3P2PP/2B3K1 w - - 1 35",1.0
"3r1k2/6RR/4p3/1r1b4/3Pp3/8/3P2PP/2B3K1 w - - 5 37",1.0
"rnbqk2r/1pp2ppp/p3pn2/1Nbp4/8/3BPN2/PPPP1PPP/R1BQK2R w KQkq - 0 7",0.5
"rnb2rk1/1pp2ppp/p2qpn2/2bp4/3N4/3BPN2/PPPP1PPP/R1BQ1RK1 w - - 4 9",0.5
"rnb2rk1/1pp3pp/p2qp3/3p4/3Pp3/4PN2/PPQP1PPP/R1B2RK1 w - - 0 13",0.5
"r1b2rk1/2p3pp/2p1p3/p2p4/3Pp3/1P2P3/P2P1PPP/R1B2RK1 w - - 0 17",0.5
"r5k1/2pb1rpp/2p1p3/p2p4/3Pp3/BP2P3/P2P1PPP/R1R3K1 w - - 4 19",0.5
"1r4k1/2pb2pp/2p1p2r/3p4/3P3P/B2RP1P1/P4P2/2R3K1 w - - 1 25",0.5
"6k1/2pbB1pp/2p1r3/3p4/3P3P/1P4P1/5P2/2R3K1 w - - 1 29",0.5
"6k1/2pb2p1/2p5/3p3p/3Pr2P/1P2B1P1/5P2/2R3K1 w - - 0 31",0.5
"R1b1r1k1/2p3p1/2p5/3p3p/3P3P/1P2B1P1/5P2/6K1 w - - 4 33",0.5
"4b1k1/2p3p1/2p5/3p3p/3P3P/1P4P1/3B1P2/6K1 w - - 0 35",0.5
"6k1/2B3p1/2p5/3p3p/3P3P/1P1b2P1/5P2/6K1 w - - 1 37",0.5
"8/5k2/2p3p1/3pB2p/3P1P1P/1P1b2P1/8/6K1 w - - 0 39",0.5
"8/8/2p1k1p1/3pB2p/1P1PbP1P/6P1/5K2/8 w - - 1 41",0.5
"8/8/2pB2p1/3p3p/1P1PbPkP/4K1P1/8/8 w - - 5 43",0.5
"8/8/2p3p1/3pB2p/1PbP1PkP/6P1/5K2/8 w - - 9 45",0.5
"8/8/2p3p1/3pB2p/1PbP1PkP/6P1/5K2/8 w - - 13 47",0.5
"8/8/2p3p1/3pB2p/1PbP1PkP/6P1/5K2/8 w - - 17 49",0.5
"8/8/2p3p1/3pB2p/1PbP1PkP/6P1/5K2/8 w - - 21 51",0.5
"8/8/2p3p1/3pB2p/1PbP1PkP/6P1/5K2/8 w - - 25 53",0.5
"8/8/2pB2p1/3p3p/1PbP1PkP/4K1P1/8/8 w - - 29 55",0.5
"8/8/2p3p1/3pB2p/1PbP1PkP/6P1/5K2/8 w - - 33 57",0.5
"8/8/2p3p1/3pB2p/1PbP1PkP/6P1/5K2/8 w - - 37 59",0.5
"8/8/2p3p1/3pB2p/1PbP1PkP/6P1/5K2/8 w - - 41 61",0.5
"8/8/2p3p1/3pB2p/1PbP1PkP/6P1/5K2/8 w - - 45 63",0.5
"8/8/2p3p1/3pB2p/1PbP1PkP/6P1/5K2/8 w - - 49 65",0.5
"8/8/2p3p1/3pB2p/1PbP1PkP/6P1/5K2/8 w - - 53 67",0.5
"8/8/2p3p1/3pB2p/1PbP1PkP/6P1/5K2/8 w - - 57 69",0.5
"8/8/2p3p1/3pB2p/1PbP1PkP/6P1/5K2/8 w - - 61 71",0.5
"8/8/2p3p1/3pB2p/1PbP1PkP/6P1/5K2/8 w - - 65 73",0.5
"8/8/2p3p1/3pB2p/1PbP1PkP/6P1/5K2/8 w - - 69 75",0.5
"8/8/2p3p1/3pB2p/1PbP1PkP/6P1/5K2/8 w - - 73 77",0.5
"8/8/2p3p1/3pB2p/1PbP1PkP/6P1/5K2/8 w - - 77 79",0.5
"8/8/2p3p1/3pB2p/1PbP1PkP/6P1/5K2/8 w - - 81 81",0.5
"8/8/2p3p1/3pB2p/1PbP1PkP/6P1/5K2/8 w - - 85 83",0.5
"8/8/2p3p1/3pB2p/1PbP1PkP/6P1/5K2/8 w - - 89 85",0.5
"8/8/2p3p1/3pB2p/1PbP1PkP/6P1/5K2/8 w - - 93 87",0.5
"8/8/2p3p1/3pB2p/1PbP1PkP/6P1/5K2/8 w - - 97 89",0.5
"r1b1kb1r/pp2pppp/3p1n2/q1p5/PnP5/2NQ1N2/1P1PPPPP/R1B1KB1R w KQkq - 1 7",1.0
"r3kb1r/pp2pppp/4bn2/q1pp4/PnP5/1PN2N2/3PPPPP/RQB1KB1R w KQkq - 0 9",1.0
"r3kb1r/ppq1pppp/4bn2/2p1N3/PnP5/2N5/3PPPPP/RQB1KB1R w KQkq - 1 11",1.0
"2kr1b1r/ppq1p1p1/4b3/2p1Np1p/PnP2P2/8/3PP1PP/RQB1KB1R w KQ - 2 15",1.0
"2kr1b2/1pq1p1p1/4b2r/p1p1Np1p/PnP2P1P/6P1/3PP3/RQB1KB1R w KQ - 1 17",1.0
"2k2b2/1p2p1p1/1q2b2r/p1p1Np1p/PnPr1P1P/2Q3P1/3PP3/R1B1KB1R w KQ - 5 19",1.0
"2k2b2/1p2p1p1/q2rb2r/p1p1Np1p/PnP2P1P/2Q1P1P1/3P4/1RB1KB1R w K - 1 21",1.0
"2k2b2/1p2p1p1/q2rb2r/p1p1Np1p/PnP2P1P/Q3P1P1/3P1K2/1RB2B1R w - - 5 23",1.0
"2k5/1p2p1b1/q2rb1pr/p1p1Np1p/PnP2P1P/Q2PP1P1/4BK2/1RB4R w - - 1 25",1.0
"2kr4/1p2p3/q3bbpr/p1p1Np1p/PnP2P1P/Q1BPP1P1/4BK2/1R5R w - - 5 27",1.0
"2kr4/1pq1p3/4bbpr/2p1Np1p/PpP2P1P/3PP1P1/1Q2BK2/1R5R w - - 2 31",1.0
"2kr4/4p3/4bbpr/qpp1Np1p/PpP2P1P/3PP1P1/Q3BK2/1R5R w - - 0 33",1.0
"3k4/4pb2/1R4pr/2P2p1p/2P2P1P/4P1P1/4BK2/b7 w - - 2 41",1.0
"2k5/R3pb2/5bpr/2P2p1p/2P2P1P/4P1P1/4BK2/8 w - - 6 43",1.0
"2k4r/R1P1pb2/5bp1/5p1p/2P2P1P/4P1P1/4BK2/8 w - - 1 45",1.0
"7r/R1P1p3/B1k2bp1/2P2p1p/5P1P/4P1P1/5K2/8 w - - 3 49",1.0
"2B5/R3p3/5bp1/2k2p1p/5P1P/4P1P1/5K2/8 w - - 0 51",1.0
"8/4p3/1k2B1p1/5p1p/5P1P/2b1P1P1/R4K2/8 w - - 4 53",1.0
"8/8/8/3kbB1p/7P/4P1P1/R4K2/8 w - - 0 57",1.0
"8/8/R7/4b3/1k5P/4P1P1/4BK2/8 w - - 3 61",1.0
"8/8/R7/4b1P1/7P/4P3/2k1BK2/8 w - - 1 63",1.0
"8/8/R6P/4b1P1/8/4P3/4BK2/2k5 w - - 1 65",1.0
"8/7P/R7/4b1P1/8/3kPB2/5K2/8 w - - 1 67",1.0
"8/7P/8/3Bb1P1/R7/3kP3/5K2/8 w - - 5 69",1.0
"8/6bP/6P1/3B4/6R1/4P3/2k2K2/8 w - - 3 71",1.0
"8/6bP/6P1/8/4B3/1k2P3/5K2/6R1 w - - 7 73",1.0
"7b/7P/6P1/8/2k1B3/4P3/5K2/1R6 w - - 11 75",1.0
"1R6/7P/6P1/2k1b3/4B3/4P3/4K3/8 w - - 15 77",1.0
"7R/8/6P1/8/2k1B3/4P3/4K3/8 w - - 1 79",1.0
"2R5/6P1/8/k7/4B3/4P3/4K3/8 w - - 1 81",1.0
"2R5/8/8/k7/4B3/1Q2P3/4K3/8 w - - 3 83",1.0
"r1bqkb1r/1ppppppp/n7/p2P4/6n1/P1N1BN2/1PP1PPPP/R2QKB1R w KQkq - 3 7",0.0
"r1bqkb1r/2ppppp1/1p6/p1nP3p/8/P1N1QNP1/1PP1PP1P/2KR1B1R w kq - 0 11",0.0
"r1bqk2r/2pppp2/1p4pb/p1nP3p/7P/P1N1QNPB/1PP1PP2/2KR3R w kq - 2 13",0.0
"r1bqk2r/3pppb1/1p1p2p1/p1n3Np/7P/P1N1Q1PB/1PP1PP2/2KR3R w kq - 0 15",0.0
"3k3r/3pp3/bp1p2p1/p5Pp/4n1B1/P1P3P1/2P1PP2/2KR3R w - - 2 21",0.0
"3k1r2/3pp3/bp1p4/p5Pp/4n3/P1P3P1/2P1PP2/2K2R1R w - - 0 23",0.0
"7R/2kpp3/bp1p2r1/p7/8/P1P3P1/2P1Pn2/2K1R3 w - - 2 27",0.0
"7R/2kp1R2/bp1p2r1/p3p3/4n3/P1P3P1/2P1P3/2K5 w - - 0 29",0.0
"8/2kp1R2/1p1p2r1/p1n1p3/8/P1P3PR/2P1b3/2K5 w - - 0 31",0.0
"8/2kp4/1p1p2r1/p1n5/2b1p3/P1P2RPR/2P5/2K5 w - - 0 33",0.0
"8/2kp4/1p1p4/p1n5/2b1p3/P1P1RrP1/2P5/2K4R w - - 4 35",0.0
"8/2kp4/1p1p4/p1n5/2b1p3/P1P1RrP1/2P5/2K4R w - - 8 37",0.0
"8/2kp4/3pb3/ppn5/4p3/P1P1RrP1/2PK4/4R3 w - - 0 39",0.0
"8/2kp4/3pb3/1pn5/p3p3/P1P1R1P1/2P2r2/2K4R w - - 0 41",0.0
"2k5/3p4/3p4/1pnb4/p3p2R/P1P3P1/2P2r2/2K1R3 w - - 4 43",0.0
"8/2kp4/3Rb3/1pn5/p3p2R/P1P3P1/2P2r2/2K5 w - - 1 45",0.0
"8/2kp4/4b3/1p6/p3nP2/P1P5/2P1p3/2K4R w - - 0 49",0.0
"8/2kp4/8/1p6/p1b2P2/P1P5/1KPnp3/4R3 w - - 4 51",0.0
"8/2kp4/5P2/1p1b4/p7/P1P5/1KP5/4n3 w - - 1 55",0.0
"8/3p4/3k1P2/3b4/p1p5/P7/2P5/2K1n3 w - - 0 57",0.0
"8/3p4/5P2/3bk3/p1p5/P1K2n2/2P5/8 w - - 4 59",0.0
"8/1b6/5k2/P1np4/2p5/K1P5/8/8 w - - 1 67",0.0
"8/8/b4k2/8/K1pp4/8/8/8 w - - 0 73",0.0
"8/8/5k2/8/3K4/8/8/2q5 w - - 0 77",0.0
"8/8/8/8/4k3/8/4K3/2q5 w - - 4 79",0.0
"8/8/8/3k4/8/4q3/8/5K2 w - - 8 81",0.0
"8/8/8/4k3/8/8/3q4/5K2 w - - 12 83",0.0
"8/8/8/8/8/5k2/3q4/7K w - - 16 85",0.0
"rnbqkb1r/p3pppp/3p4/1p6/2p1nN2/5N2/PPPPPPPP/R1BQKB1R w KQkq - 2 7",0.0
"rnb1kb1r/p3pppp/3p4/qp6/P1p1nN2/4PN2/1PPP1PPP/R1BQKB1R w KQkq - 1 9",0.0
"rn2kb1r/p3pppp/q2p4/1p6/P1p1nNbP/4PN2/1PPPBPP1/R1BQK2R w KQkq - 3 11",0.0
"r3kb1r/p3pppp/q2p4/1p2n3/P1p1nNbP/1P2PN2/2PPBPP1/R1BQ1RK1 w kq - 3 13",0.0
"r3kbr1/p2qpp1p/3p4/R7/2p2n2/1PB1PP2/2PPBP2/3Q1R1K w q - 2 21",0.0
"r3k1r1/3qppbp/3p4/p6n/8/1PB1PP2/3PBP1K/3Q2R1 w q - 2 25",0.0
"r4kr1/3qppbp/3p4/7n/p2P4/1PB1PP2/4BP1K/Q5R1 w - - 0 27",0.0
"r4kr1/3qppbp/5n2/3p4/3P1P2/2B1PB2/1Q3P1K/6R1 w - - 2 31",0.0
"r4krb/3qpp2/8/7p/3PpP2/2B1P1R1/1Q3P2/6K1 w - - 0 35",0.0
"6k1/5pb1/8/8/2qPQP2/4P1K1/1r6/8 w - - 2 45",0.0
"r1bq1rk1/pp1pbppp/2n1pn2/2p5/2P2Q2/2N2N2/PP1PPPPP/R1B1KB1R w KQ - 4 7",0.0
"r1bq1rk1/pp1pbppp/5n2/2p1p3/1nP2QP1/2N2N2/PP1PPP1P/1RB1KB1R w K - 0 9",0.0
"r1bq1rk1/pp2bpp1/3p1n1p/2p1p1Q1/1nP3PP/2N2N2/PP1PPP2/1RB1KB1R w K - 0 11",0.0
"r2q1rk1/pp2bpp1/3p1n1p/2p2P2/1nP1p2P/2N2N2/PP1PPP2/1RB1KB1R w K - 0 13",0.0
"r4rk1/1p1qbpp1/3p1n1p/p1p2P2/2PnN2P/7B/PP1PPP2/1RB2KNR w - - 0 17",0.0
"r1r3k1/1p2bpp1/3p1n1p/p1p2P2/q1Pn3P/3P2NB/PP2PP2/1RB2KNR w - - 3 19",0.0
"r1r3k1/1p2bpp1/3p1n1p/p1p2P2/2Pn3P/3P2NB/PPq1PPK1/R1B3NR w - - 7 21",0.0
"r3r1k1/1p2bpp1/3p1n1p/2p2P1P/p1Pn4/3P2NB/PPq1PP1K/R1B3NR w - - 1 23",0.0
"r3r1k1/1p2bpp1/7p/2pn1P1P/p2n1P2/3P2NB/PPq1P2K/R1B3NR w - - 0 25",0.0
"3rr1k1/4bpp1/7p/1ppn1P1P/p2nBP2/3P2N1/PPq1P2K/R1B3NR w - - 0 27",0.0
"3rr1k1/4bpp1/7p/1npn1P1P/pp2BP2/3PP1NK/PPq5/R1B3NR w - - 1 29",0.0
"4r1k1/4bpp1/7p/1npr1P1P/pp1P1P2/4P1NK/PP3q2/R1B3NR w - - 0 31",0.0
"4r1k1/5pp1/7p/1nbr1P1P/pp3P2/6N1/PP2NpK1/R1B5 w - - 2 35",0.0
"4r1k1/5pp1/3n3p/2br1P1P/1p3P2/1P4N1/4NpK1/R1B5 w - - 1 37",0.0
"4r1k1/2Br2p1/5p1p/2b4P/1p3P2/1P4N1/5pK1/R7 w - - 2 41",0.0
"r5k1/r7/5p1p/6pP/1R3P2/1P4N1/5pK1/8 w - g6 0 45",0.0
"r5k1/8/6Pp/5p2/1R3P2/1P6/r4pK1/7N w - - 0 47",0.0
"8/8/r5kp/5p2/5P2/1P4N1/5K2/8 w - - 0 51",0.0
"8/8/6k1/5p1p/5P2/1P2K3/r3N3/8 w - - 0 53",0.0
"8/8/2N3k1/5p2/5P1p/rP2K3/8/8 w - - 2 55",0.0
"8/8/6k1/5p2/3N1P2/1P6/5r1p/7K w - - 2 59",0.0
"8/8/8/4Np2/5P1k/1P6/5r1p/7K w - - 6 61",0.0
"8/8/8/5p2/5P2/1P2Nr1k/7p/7K w - - 10 63",0.0
"r1b1kb1r/pp1ppppp/n4n2/2p5/2PP2q1/2NQ1N2/PP2PPPP/R1B1KB1R w KQkq - 3 7",1.0
"r1b1kb1r/pp1ppppp/n2q1n2/2pP4/2P5/2NQ1N1P/PP2PPP1/R1B1KB1R w KQkq - 1 9",1.0
"r1b1kb1r/pp1ppppp/1q3n2/1NpP4/1nP5/3Q1N1P/PP1BPPP1/R3KB1R w KQkq - 5 11",1.0
"R1bk1b1r/1p1ppppp/1q3n2/1NpP4/1PP5/1p3N1P/1P1BPPP1/4KB1R w K - 1 15",1.0
"R1Nk1b1r/1pqp1ppp/4pn2/2pP4/1PP5/1p3N1P/1P1BPPP1/4KB1R w K - 1 17",1.0
"R4b1r/Npqpkppp/4pn2/2pP2N1/1PP5/1p5P/1P1BPPP1/4KB1R w K - 5 19",1.0
"R4b1r/2kp1ppp/1p2pn2/2P3N1/2P5/1p5P/1P1BPPP1/4KB1R w K - 0 23",1.0
"2R2b1r/1k1p1ppp/1p2pn2/2P3N1/2P2B2/1p5P/1P2PPP1/4KB1R w K - 4 25",1.0
"1R3br1/3p1Npp/1pk1pn2/2P5/2P2B2/1p5P/1P2PPP1/4KB1R w K - 1 27",1.0
"6r1/k2pbNpp/4pn2/1RP5/2P2B2/1p5P/1P2PPP1/4KB1R w K - 3 31",1.0
"k4r2/4bNpp/1Rp1p3/8/2P1n3/4B2P/1P2PPP1/4KB1R w K - 3 35",1.0
"k4r2/4R2p/6p1/2p1N1n1/2P5/7P/1P2PPP1/4KB1R w K - 0 39",1.0
"k4r2/4R3/6p1/2p1N1p1/2P5/8/1P2PPP1/4KB1R w K - 0 41",1.0
"k7/5R2/2N3p1/2p5/2P3p1/8/1P2PPP1/4KB1R w K - 0 43",1.0
"r1b1kb1r/pp1ppppp/1q2nn2/2p5/2P5/2NQ1NP1/PP1PPP1P/R1B1KB1R w KQkq - 1 7",0.5
"r1b1kb1r/pp1ppppp/1q2nn2/2p5/2P5/2NQ1NP1/PP1PPP1P/R1B1KB1R w KQkq - 5 9",0.5
"r1b1kb1r/pp1pppp1/2q1nn2/P1p4p/2P5/2NQ1NP1/1P1PPP1P/R1B1KB1R w KQkq - 1 11",0.5
"r1b1kb1r/pp1p1pp1/3pnn2/P1p4p/2P5/2N2NP1/1P1PPP1P/R1B1KBR1 w Qkq - 0 13",0.5
"r1b1k2r/1pnpbpp1/p2p4/P1pP3p/4P3/5NPB/1P1P1P1P/R1B1K1R1 w Qkq - 1 17",0.5
"r1b2rk1/1pnp1pp1/p2p1b2/P1pP3p/4P2N/3P2PB/1P3P1P/R1B1K1R1 w Q - 1 19",0.5
"r1b2rk1/1p1p1pp1/p2p4/P1pP4/3bP1B1/3P4/1P3P1P/R1B1K1R1 w Q - 0 23",0.5
"1rb2rk1/1p1p1pp1/p2p4/P1pP4/4PBBP/3P4/1b3P2/R3K1R1 w Q - 0 25",0.5
"1rbr2k1/1p1p1pp1/p2P4/P1p1p3/4P1BP/3P4/5P2/1R3KR1 w - - 1 29",0.5
"2rr4/1R4R1/p2k1p1p/P1p1p3/4P3/3P4/5P2/5K2 w - - 0 35",0.5
"3r4/7R/5R1p/k3p3/4P3/8/5PK1/2r5 w - - 0 41",0.5
"3r4/1R6/5R1p/k3p3/4P3/8/5PK1/2r5 w - - 4 43",0.5
"3r4/1R6/5R1p/k3p3/4P3/8/5PK1/2r5 w - - 8 45",0.5
"3r4/1R6/5R1p/k3p3/4P3/8/5PK1/2r5 w - - 12 47",0.5
"3r4/1R6/5R1p/k3p3/4P3/8/5PK1/2r5 w - - 16 49",0.5
"3r4/1R6/5R1p/k3p3/4P3/8/5PK1/2r5 w - - 20 51",0.5
"3r4/1R6/5R1p/k3p3/4P3/8/5PK1/2r5 w - - 24 53",0.5
"3r4/1R6/5R1p/k3p3/4P3/8/5PK1/2r5 w - - 28 55",0.5
"3r4/1R6/5R1p/k3p3/4P3/8/5PK1/2r5 w - - 32 57",0.5
"3r4/1R6/5R1p/k3p3/4P3/8/5PK1/2r5 w - - 36 59",0.5
"3r4/1R6/5R1p/k3p3/4P3/8/5PK1/2r5 w - - 40 61",0.5
"3r4/1R6/5R1p/k3p3/4P3/8/5PK1/2r5 w - - 44 63",0.5
"3r4/1R6/5R1p/k3p3/4P3/8/5PK1/2r5 w - - 48 65",0.5
"3r4/1R6/5R1p/k3p3/4P3/8/5PK1/2r5 w - - 52 67",0.5
"3r4/1R6/5R1p/k3p3/4P3/8/5PK1/2r5 w - - 56 69",0.5
"3r4/1R6/5R1p/4p3/4P3/2k5/5PK1/2r5 w - - 60 71",0.5
"6r1/8/7R/4p3/2r1P3/8/1R3P2/3k1K2 w - - 3 75",0.5
"6r1/8/1R6/4p3/2r1P3/5P2/1R6/3k1K2 w - - 3 77",0.5
"5r2/1R6/8/4p3/2r1P3/5P2/3k4/1R3K2 w - - 7 79",0.5
"5r2/8/8/4p3/4P3/1R3P2/2r1k1K1/1R6 w - - 11 81",0.5
"8/5r2/8/4p3/4P2K/1R3P2/2r2k2/1R6 w - - 19 85",0.5
"8/8/8/4p1K1/4P3/1R3r2/2r2k2/1R6 w - - 0 87",0.5
"8/8/8/8/5k1K/8/6r1/4R3 w - - 2 93",0.5
"8/8/8/8/5k1K/8/6r1/4R3 w - - 6 95",0.5
"8/5R2/4k3/8/7K/8/6r1/8 w - - 10 97",0.5
"8/R7/8/4k3/7K/8/6r1/8 w - - 14 99",0.5
"8/R7/8/8/4k1K1/8/1r6/8 w - - 18 101",0.5
"8/R7/8/4k3/8/4K3/6r1/8 w - - 26 105",0.5
"8/4R3/3k4/8/8/4K3/r7/8 w - - 30 107",0.5
"8/3R4/4k3/8/8/8/r7/2K5 w - - 38 111",0.5
"8/3R4/4k3/8/8/8/r7/2K5 w - - 42 113",0.5
"8/3R4/4k3/8/8/8/r7/2K5 w - - 46 115",0.5
"8/3R4/4k3/8/8/8/r7/2K5 w - - 50 117",0.5
"8/R7/3k4/8/8/8/6r1/2K5 w - - 54 119",0.5
"r1b1kb1r/pp1ppppp/2n2n2/2p5/2P3q1/2NQ1NP1/PP1PPP1P/R1B1KB1R w KQkq - 1 7",1.0
"r1b1kb1r/pp1ppppp/n4n2/1Np5/2P3q1/5NP1/PP1PPP1P/RQB1KB1R w KQkq - 5 9",1.0
"r1b2b1r/pp1ppkpp/n3qn2/1Np5/2P5/6P1/PP1PPP1P/RQB1KB1R w KQ - 0 11",1.0
"r1b2bkr/pp1pp1pp/4qn2/1Np5/PnP5/1P4P1/3PPP1P/RQB1KB1R w KQ - 1 13",1.0
"r1b2bkr/pp1p2pp/2q2n2/1Np1p3/PnP4P/1P4P1/3PPP1R/RQB1KB2 w Q - 0 15",1.0
"r1b3kr/1p1pb1pp/p1q2n2/2p1p3/PnP4P/1PN3PB/3PPP1R/RQB1K3 w Q - 2 17",1.0
"r1b3kr/1p4pp/p7/P1ppb3/R1P1n2P/1P4P1/2KPPPBR/2B5 w - - 0 25",1.0
"r5kr/1p1b2pp/p2b4/P1pp4/R1P1n2P/1P1P2P1/1BK1PPBR/8 w - - 1 27",1.0
"5rkr/1p1b2pp/p2b4/P1p5/2p1P2P/1P4P1/1BK1PPBR/R7 w - - 0 29",1.0
"6kr/1p1r2pp/p2Pb3/P1p1B3/7P/1p4P1/4PPBR/R2K4 w - - 3 33",1.0
"6kr/1p1r2p1/p2Pb3/P3B2p/R1p4P/1p4P1/4PPBR/2K5 w - - 0 35",1.0
"3r2kr/1B4p1/p3b3/P3B2p/1R5P/1p4P1/4PP1R/2K5 w - - 2 39",1.0
"r5k1/6p1/B3b2r/P3B2p/1R2P2P/1p4P1/5P1R/2K5 w - - 1 41",1.0
"r5k1/5bp1/BR1B2r1/P6p/4P2P/1p4P1/5P1R/2K5 w - - 5 43",1.0
"r5k1/6p1/BR2b2r/P1B4p/4P2P/1p3PP1/7R/2K5 w - - 3 45",1.0
"r5k1/6p1/BR2b3/P1B1P2p/7P/1p3rP1/3R4/2K5 w - - 0 47",1.0
"6k1/4rrp1/1R2b3/PB2P2p/3B3P/1p1R2P1/1K6/8 w - - 8 51",1.0
"5rk1/4r1p1/PR6/4P2p/B1bB3P/1p1R2P1/1K6/8 w - - 1 53",1.0
"5k2/6p1/P7/3b3p/B6P/2R3P1/1K6/8 w - - 0 59",1.0
"2R5/P3k3/6p1/3b3p/B6P/6P1/1K6/8 w - - 0 61",1.0
"8/P4k2/2R3p1/7p/7P/6P1/1K6/8 w - - 1 63",1.0
"1Q6/6k1/2R5/6pp/7P/6P1/1K6/8 w - - 0 65",1.0
"r1bq1rk1/1pppbppp/2n1pn2/p6P/2P5/2N2N2/PPQPPPP1/R1B1KB1R w KQ - 1 7",1.0
"r2q1rk1/1ppbbp1p/4p1pP/p2n4/3N4/8/PPQPPPP1/R1B1KB1R w KQ - 2 13",1.0
"r4rk1/1pqbbp1p/4p1pP/p1pn4/P7/5N2/1PQPPPP1/R1B1KB1R w KQ - 2 15",1.0
"r4rk1/1p1b1p1p/1q1bp1pP/p1pn4/P3Q3/1P3N2/3PPPP1/R1B1KB1R w KQ - 1 17",1.0
"r1r3k1/1p1b1p1p/3bp1pP/p1pn4/PqQ5/1P3N2/1B1PPPP1/R3KB1R w KQ - 5 19",1.0
"r5k1/1prb1p1p/4pnpP/p3N3/Pp2P3/1P6/3P1PP1/R3KB1R w KQ - 1 23",1.0
"2r3k1/1prb1p1p/4pn1P/p3N1p1/Pp2P3/1P1B4/3P1PP1/R4RK1 w - - 2 25",1.0
"3r2k1/1p1b1p1p/1N2pn1P/p1r3p1/Pp2P3/1P1B4/3P1PP1/R4RK1 w - - 6 27",1.0
"3r2k1/1p3p1p/1Nb1pn1P/p5r1/Pp2P3/1P1B4/3P2P1/R4RK1 w - - 0 29",1.0
"3r2k1/1p3p1p/4p2P/p2b2r1/Pp6/1P1B4/3P2P1/R4RK1 w - - 0 31",1.0
"2r3k1/1p3p1p/4p2P/pB1b3r/Pp6/1P6/3P1RP1/R5K1 w - - 4 33",1.0
"2r3k1/1p3p1p/4pR1P/pB1b3r/Pp1P4/8/6P1/R5K1 w - - 1 35",1.0
"5R2/1p4kp/4p2r/p2b4/Pp1P4/8/2r1B1P1/5RK1 w - - 2 39",1.0
"5R2/1p3R1p/2b1p2r/p6k/P2P4/1p1B4/6P1/6K1 w - - 2 43",1.0
"5R2/1p2R3/4p1k1/p2b4/P2P4/1p6/6P1/6K1 w - - 2 47",1.0
"8/1p2R3/4p1k1/p2b4/P2P2P1/1p6/5R2/6K1 w - - 1 49",1.0
"6R1/1p6/4p3/p2b4/P2P2Pk/1p6/5R2/6K1 w - - 5 51",1.0
"3R4/1p6/8/p3p1P1/P2Pb2k/1p6/5R2/6K1 w - - 2 53",1.0
"8/8/1p4b1/p3R1P1/P2P3k/1p6/5R2/6K1 w - - 1 55",1.0
"8/8/1p1P4/p3R1P1/P5bk/1p6/5R2/6K1 w - - 1 57",1.0
"8/3P4/8/pp4P1/P5k1/1p6/1R6/6K1 w - - 0 61",1.0
"8/8/8/Q5Pk/p7/1p6/1R6/6K1 w - - 1 63",1.0
"8/8/8/5QP1/7k/pp6/6R1/6K1 w - - 0 65",1.0
"r1bqk2r/1pppbppp/4pn2/p2P4/1nP5/2N2N2/PPQ1PPPP/R1B1KB1R w KQkq - 1 7",1.0
"r1bq1rk1/1pppbppp/n3pn2/p2P4/2P5/PQN2N2/1P2PPPP/R1B1KB1R w KQ - 1 9",1.0
"r1bq1rk1/1p1p1ppp/n1p5/p1bN4/2P2Bn1/P3PN2/1PQ2PPP/R3KB1R w KQ - 0 13",1.0
"r1bqr1k1/1p1p1ppp/n1p2n2/p1b5/2P2B2/P1NBPN2/1PQ2PPP/R3K2R w KQ - 4 15",1.0
"r1bqr1k1/1p3ppp/n4n2/p1bp4/5B2/P1NBPN2/1PQ2PPP/R4RK1 w - - 0 17",1.0
"r2qr1k1/1p3ppp/n7/p2p4/3PbB2/P2B4/1PQ2PPP/R2R2K1 w - - 0 21",1.0
"r3r1k1/1p3ppp/n7/p2p4/3P1B1q/P2Q4/1P3PPP/R2R2K1 w - - 1 23",1.0
"r5k1/1p3ppp/n7/8/p2Pp3/P7/1P1B1PPP/R5K1 w - - 0 27",1.0
"3r2k1/1p4pp/n4p2/8/p2PpB2/P7/1P3PPP/2R3K1 w - - 0 29",1.0
"6k1/2n4p/3r1p2/Rp4p1/3Pp3/P3B3/1P3PPP/6K1 w - - 2 33",1.0
"6k1/2n4p/3r1p2/Rp6/1P1Pp3/P3B2p/5PP1/6K1 w - - 0 35",1.0
"6k1/7p/5p2/1R6/1P1Pp3/r6P/5P2/6K1 w - - 0 39",1.0
"8/1R5p/5pk1/8/1P1Pp3/r6P/5P2/6K1 w - - 4 41",1.0
"8/7R/5p2/5k2/1P1Pp3/3r3P/5P2/6K1 w - - 1 43",1.0
"3r4/6R1/1P3p2/4k3/4p3/7P/5PK1/8 w - - 5 47",1.0
"3r4/1P4R1/8/4k3/4pp1P/8/5PK1/8 w - - 0 49",1.0
"7r/1P4R1/8/4k2P/4p3/5p1K/5P2/8 w - - 2 51",1.0
"5r2/1P5R/7P/4k3/8/4P3/5pK1/8 w - - 2 55",1.0
"1Q6/5r2/5k1P/8/8/4P3/5pK1/8 w - - 1 57",1.0
"4Q3/5r2/5k1P/8/8/4P3/4K3/8 w - - 3 61",1.0
"6Q1/5r2/5k1P/8/8/4P3/4K3/8 w - - 7 63",1.0
"8/7Q/8/4k3/8/4P3/4K3/8 w - - 1 65",1.0
"8/4Q3/8/8/3kP3/8/4K3/8 w - - 1 67",1.0
"8/8/5Q2/3kP3/8/8/4K3/8 w - - 3 69",1.0
"8/8/3QP3/8/8/1k6/4K3/8 w - - 1 71",1.0
"8/4P3/8/8/1k6/8/4K3/3Q4 w - - 1 73",1.0
"4Q3/8/8/3Q4/8/k7/4K3/8 w - - 1 75",1.0
"8/8/8/1Q6/8/3Q4/k3K3/8 w - - 5 77",1.0
"r1bqk2r/p1pp1p1p/1pn2npb/4p1N1/2P4P/1QN5/PP1PPPP1/R1B1KB1R w KQkq - 0 7",0.0
"r1bq1rk1/p1pp1p1p/1p3npb/4p1N1/Q1Pn3P/2N5/PP1PPPP1/R1B1KB1R w KQ - 4 9",0.0
"r1b2rk1/N1p2p1p/1p2pnpb/4p3/Q1P3qP/4P3/PP1P1PP1/R1B1KB1R w KQ - 1 13",0.0
"r4rk1/N1pb1p1p/1p2pnpb/4p3/2P4P/Q3PqP1/PP1P1P2/R1B1KB1R w KQ - 3 15",0.0
"r4rk1/N1pb1p1p/1p2p1pb/4pq2/2P1n2P/Q3P1P1/PP1PBP1R/R1B1K3 w Q - 7 17",0.0
"r1r3k1/N2b1p1p/1p2pqp1/6b1/4p3/Q3P3/PP1PBP1R/R1B2K2 w - - 2 23",0.0
"6k1/r1r2p1p/1pb2qp1/4p1b1/1P2Q3/4P3/P2PBP1R/R1B3K1 w - - 1 27",0.0
"6k1/r2r1p2/1pb2qp1/4p1bp/1P6/4P3/P1QPBP1R/R1B3K1 w - - 0 29",0.0
"6k1/r2r1p2/1p3qp1/1P1bp1b1/P6p/4P3/2QPBP1R/R1B3K1 w - - 1 31",0.0
"6k1/r4p2/1p4p1/1P2p1b1/P1B1P2p/5q2/3P1P1R/R1B3K1 w - - 1 35",0.0
"6k1/r4p2/1p4p1/1P2p3/P3Pb1p/8/3P1PR1/R1Bq1BK1 w - - 5 37",0.0
"6k1/5p2/6p1/pP2p3/4Pb1p/8/3P1PR1/2Bq1BK1 w - - 0 39",0.0
"6k1/5p2/6p1/1q2p3/p3P3/4B1K1/3P1P2/8 w - - 0 45",0.0
"6k1/5p2/6p1/1q2P3/4P3/4B1K1/p4P2/8 w - - 0 47",0.0
"6k1/5p2/6p1/4P3/4q3/4B1K1/p4P2/8 w - - 0 49",0.0
"8/5k2/6p1/8/4q3/4B1K1/5P2/q7 w - - 0 51",0.0
"r1bqkb1r/2p1ppp1/1pn5/pN5p/1n5P/5N2/PPQPPPP1/R1B1KB1R w KQkq - 2 9",1.0
"r2qkb1r/2p2pp1/1pn5/pN2Nb1p/Qn5P/8/PP1PPPP1/R1B1KB1R w KQkq - 1 11",1.0
"2kr1b1r/2p2pp1/1pn5/p4b1p/QnNq3P/N7/PP1PPPP1/R1B1KB1R w KQ - 5 13",1.0
"2kr1b1r/2p2pp1/1pn5/p1nq1b1p/Q6P/N3NPP1/PP1P4/R1B1KB1R w - - 2 27",1.0
"1k1r1b1r/2p2pp1/Bpn5/p2N1b1p/n6P/N4PP1/PP1P4/R1B1K2R w - - 0 29",1.0
"1k1r1b1r/2p2pp1/2n5/ppn4p/2N4P/1P2NPP1/P2P4/R1B1K2R w - - 1 33",1.0
"2kr3r/2p2pp1/2nb4/ppn4p/7P/1P2NPP1/PN1P1K2/R1B4R w - - 5 35",1.0
"2krr3/2p2pp1/3b4/ppn4p/3n3P/1P1PNPP1/PN3K2/R1B1R3 w - - 1 37",1.0
"2krr3/2p2pp1/3b4/2n4p/p2n3P/3PNPP1/PN1B1K2/R3R3 w - - 0 39",1.0
"2krr3/2p1bpp1/4n3/2n4p/pBN4P/3P1PP1/PN3K2/R3R3 w - - 4 41",1.0
"2k5/2p1r1p1/4np2/7p/7P/3P1PP1/PN3K2/R7 w - - 0 47",1.0
"8/1k2r3/2p1np2/P6p/7P/3P1P2/1N3K2/4R3 w - - 1 51",1.0
"8/4r3/2pknp2/P1N4p/7P/3P1P2/5K2/4R3 w - - 5 53",1.0
"8/5r2/P1p2p2/2nk3N/7P/3P1P2/5K2/4R3 w - - 1 57",1.0
"8/r7/P1p2N2/2n1k3/7P/3P1P2/5K2/R7 w - - 1 59",1.0
"8/8/n1p5/4k3/4N2P/3P1P2/5K2/8 w - - 0 61",1.0
"8/8/2p4P/8/1n1kN3/3P1P2/5K2/8 w - - 1 63",1.0
"8/7P/2p5/4n3/3kN3/5PK1/8/8 w - - 2 65",1.0
"6Q1/8/2p5/4n3/3kN3/5PK1/8/8 w - - 3 67",1.0
"8/8/2Q5/8/3kN3/5PK1/8/4n3 w - - 1 69",1.0
"8/8/4k3/8/4N3/5PK1/8/4Q3 w - - 1 71",1.0
"8/8/3N2k1/8/5P2/6K1/8/4Q3 w - - 3 73",1.0
"6k1/8/3N4/5P2/8/2Q3K1/8/8 w - - 3 75",1.0
"8/5P2/3N3k/8/8/2Q3K1/8/8 w - - 1 77",1.0
"5Q2/8/3N4/6k1/8/5QK1/8/8 w - - 3 79",1.0
"r2qkb1r/ppp1ppp1/2n1bn1p/1NP5/3p4/5N2/PPQPPPPP/R1B1KB1R w KQkq - 2 7",0.5
"r2qkb1r/ppp1ppp1/2n1bn1p/1NP5/3p4/5N2/PP1PPPPP/RQB1KB1R w KQkq - 6 9",0.5
"r2qkb1r/ppp1ppp1/2n1bn1p/1NP5/3p4/5N2/PP1PPPPP/RQB1KB1R w KQkq - 10 11",0.5
"r2qkb1r/ppp1ppp1/2n1bn1p/1NP5/3p4/5N2/PP1PPPPP/RQB1KB1R w KQkq - 14 13",0.5
"r2qkb1r/ppp1ppp1/2n1bn1p/1NP5/3p4/5N2/PP1PPPPP/RQB1KB1R w KQkq - 18 15",0.5
"r2qkb1r/ppp1ppp1/2n1bn1p/1NP5/3p4/5N2/PP1PPPPP/RQB1KB1R w KQkq - 22 17",0.5
"r2qkb1r/ppp1ppp1/2n1bn1p/1NP5/3p4/5N2/PP1PPPPP/RQB1KB1R w KQkq - 26 19",0.5
"r2qkb1r/ppp1ppp1/2n1bn1p/1NP5/3p4/5N2/PP1PPPPP/RQB1KB1R w KQkq - 30 21",0.5
"r2qkb1r/ppp1ppp1/2n1bn1p/1NP5/3p4/5N2/PP1PPPPP/RQB1KB1R w KQkq - 34 23",0.5
"r2qkb1r/ppp1ppp1/2n1bn1p/1NP5/3p4/5N2/PP1PPPPP/RQB1KB1R w KQkq - 38 25",0.5
"r2qkb1r/ppp1ppp1/2n1bn1p/1NP5/3p4/5N2/PP1PPPPP/RQB1KB1R w KQkq - 42 27",0.5
"r2qkb1r/ppp1ppp1/2n1bn1p/1NP5/3p4/5N2/PP1PPPPP/RQB1KB1R w KQkq - 46 29",0.5
"r2qkb1r/ppp1ppp1/2n1bn1p/1NP5/3p4/5N2/PP1PPPPP/RQB1KB1R w KQkq - 50 31",0.5
"r2qkb1r/ppp1ppp1/2n1bn1p/1NP5/3p4/5N2/PP1PPPPP/RQB1KB1R w KQkq - 54 33",0.5
"r2qkb1r/ppp1ppp1/2n1bn1p/1NP5/3p4/5N2/PP1PPPPP/RQB1KB1R w KQkq - 58 35",0.5
"r2qkb1r/ppp1ppp1/2n1bn1p/1NP5/3p4/5N2/PP1PPPPP/RQB1KB1R w KQkq - 62 37",0.5
"r2qkb1r/ppp1ppp1/2n1bn1p/1NP5/3p4/5N2/PP1PPPPP/RQB1KB1R w KQkq - 66 39",0.5
"r2qkb1r/ppp1ppp1/2n1bn1p/1NP5/3p4/5N2/PP1PPPPP/RQB1KB1R w KQkq - 70 41",0.5
"r2qkb1r/ppp1ppp1/2n1bn1p/1NP5/3p4/5N2/PP1PPPPP/RQB1KB1R w KQkq - 74 43",0.5
"r2qkb1r/ppp1ppp1/2n1bn1p/1NP5/3p4/5N2/PP1PPPPP/RQB1KB1R w KQkq - 78 45",0.5
"r2qkb1r/ppp1ppp1/2n1bn1p/1NP5/3p4/5N2/PP1PPPPP/RQB1KB1R w KQkq - 82 47",0.5
"r2qkb1r/ppp1ppp1/2n1bn1p/1NP5/3p4/5N2/PP1PPPPP/RQB1KB1R w KQkq - 86 49",0.5
"r2qkb1r/ppp1ppp1/2n1bn1p/1NP5/3p4/5N2/PP1PPPPP/RQB1KB1R w KQkq - 90 51",0.5
"r2qkb1r/ppp1ppp1/2n1bn1p/1NP5/3p4/5N2/PP1PPPPP/RQB1KB1R w KQkq - 94 53",0.5
"r2qkb1r/ppp1ppp1/2n1bn1p/1NP5/3p4/5N2/PP1PPPPP/RQB1KB1R w KQkq - 98 55",0.5
"r1bq1rk1/ppppbp1p/2n1pn1R/8/2P5/5N2/PP1PPPP1/RNBQKB2 w Q - 1 7",0.0
"r1bq1rk1/1pp1bp1p/2n1pn2/p2p4/2P5/2N2N1R/PP1PPPP1/R1BQKB2 w Q - 0 9",0.0
"r1bq1r1k/1pp1bp1p/2n1p3/p2n4/8/2N2NR1/PP1PPPP1/R1BQKB2 w Q - 0 11",0.0
"r1b4k/1pp1bp1p/2n1p3/pN1n4/6q1/5N2/PPQPP1P1/R1B1KB2 w Q - 0 15",0.0
"r1b3k1/1pp1bp1p/4p3/pN1n4/1n4q1/1P3N2/P1QPP1P1/R1BK1B2 w - - 1 17",0.0
"r5k1/1ppbbp1p/4p3/pN1n4/1n2Q3/1P3Nq1/P2PP1P1/R1BK1B2 w - - 5 19",0.0
"r5k1/1pp2p1p/2b1pb2/pN1n4/Pn2Q3/1P3Nq1/3PP1P1/1RBK1B2 w - - 3 21",0.0
"3r2k1/1pp2p1p/4p3/pN6/Pn5b/1P6/1K1PP1P1/1RB2q2 w - - 0 27",0.0
"3r2k1/1pp2p1p/4pb2/p7/Pn6/KPN5/3PP1q1/1RB5 w - - 2 29",0.0
"3r2k1/1pp2p1p/4pb2/pN6/Pn6/KP1P4/4q3/1RB5 w - - 0 37",0.0
"3r1k2/1p3p1p/4pb2/pNp5/Pn6/KP1P4/1B2q3/6R1 w - - 2 39",0.0
"3r1k2/1p3p1p/4pb2/pN6/Pn6/KP1p4/1B2q3/7R w - - 0 41",0.0
"3r1k2/1p3p1p/4p3/p7/Pn1b4/KP1p4/1Bq5/1R6 w - - 0 43",0.0
"r1bqkb1r/1pp1ppp1/2n5/p2n3p/7P/2N2N2/PPQPPPP1/R1B1KB1R w KQkq - 0 7",0.5
"r1bqkb1r/1pp1pp2/2n2p2/p6p/7P/5N2/PPQPPPP1/R1B1KB1R w KQkq - 0 9",0.5
"r1b1kb1r/1p2pp2/2np1p2/p6p/7P/5N2/PP1PPPP1/R1B1KB1R w KQkq - 0 11",0.5
"r3kb1r/1p2pp2/2np1p2/p2b3p/P6P/5NP1/1P1PPP2/R1B1KB1R w KQkq - 1 13",0.5
"r3k2r/1p2pp2/3p1p1b/p6p/P6P/5nPB/1P1P1P2/R1BK2R1 w kq - 0 17",0.5
"2r1k2r/5p2/3p1p1b/p2Bp2p/P2n3P/6P1/1P1P1P2/R1BK3R w k - 3 21",0.5
"7r/4kp2/3p1p1b/p2Bp2p/P2n1P1P/3P2P1/1Pr5/R1BK3R w - - 1 23",0.5
"2r5/4kpb1/3p1p2/p3p2p/P1Bn1P1P/3P2P1/1Pr5/R1BKR3 w - - 5 25",0.5
"8/4kpb1/3p1p2/p3p2p/P1rn1P1P/4B1P1/1P6/R2KR3 w - - 0 27",0.5
"8/4kpb1/3p4/p4p1p/P3pP1P/RP1r2P1/4K3/6R1 w - - 0 33",0.5
"8/4kp2/3p4/p4p1p/P2bpP1P/1P1r2P1/R7/5KR1 w - - 4 35",0.5
"8/4kp2/3p4/p4p1p/P2b1P1P/1r2p1P1/2R3R1/3K4 w - - 0 39",0.5
"8/5p2/3pk3/p4p1p/PrRb1P1P/4p1P1/2R5/3K4 w - - 4 41",0.5
"8/5p2/3p4/3k1p1p/Pp1b1P1P/4p1P1/2R1K3/8 w - - 0 43",0.5
"8/1R3p2/3p4/5p1p/P1kb1P1P/1p2p1P1/4K3/8 w - - 2 45",0.5
"8/1R3p2/P2p4/5p1p/3b1P1P/2k1p1P1/1p2K3/8 w - - 1 47",0.5
"8/PR3p2/3p4/5p1p/5P1P/2bk2P1/1p4K1/4q3 w - - 0 51",0.5
"r4qk1/ppp2p1p/2n1pnp1/3p4/3P4/2N2NPQ/PPP1PP1P/R5K1 w - - 0 11",1.0
"r4qk1/ppp2pnp/2n1p1p1/3p4/3P2PQ/2N2N2/PPP1PP1P/R5K1 w - - 1 13",1.0
"r5k1/ppp1qpn1/2n1p1p1/3p2Np/3PP1PQ/2N5/PPP2P1P/R5K1 w - - 0 15",1.0
"r5k1/ppp1qpn1/2n1p1p1/6N1/3PN1pQ/8/PPP2P1P/3R2K1 w - - 0 17",1.0
"r1b1kb1r/pp1ppp2/1qn2np1/2p4p/8/2NP1NPB/PPP1PP1P/R1BQ1RK1 w kq - 0 7",1.0
"r1b1k2r/1p1pppb1/1qn2np1/p1p4p/P3P3/2NP1NPB/1PP2P1P/R1BQ1RK1 w kq - 0 9",1.0
"r1bqk2r/1p1pppb1/2n3p1/p1pNP2p/P5n1/3P1NPB/1PP2P1P/R1BQ1RK1 w kq - 3 11",1.0
"r3k2r/1p2ppb1/1Nnp2p1/p1p1nqBp/P7/3P1NP1/1PP2P1P/R2QR1K1 w kq - 2 15",1.0
"N4rk1/1p2ppb1/2np2p1/p1p1n1qp/P6N/3P2P1/1PP2P1P/R2QR1K1 w - - 1 17",1.0
"5rk1/1p3p2/2nNp1p1/p1p3qp/P2b2nN/3P2P1/2P2P1P/1R1QR1K1 w - - 2 21",1.0
"5rk1/1p2qp2/2n1p3/p1p3pp/P2bN1nN/3P1QP1/2P2P1P/1R2R1K1 w - - 0 23",1.0
"5rk1/1p2qp2/4p3/p1p4p/P2nN1np/3P1QP1/5P1P/1R2R1K1 w - - 0 25",1.0
"1r4k1/1p2qp2/8/p1p1p2p/P2nQ1n1/3P2P1/3N1P2/1R2R1K1 w - - 3 29",1.0
"1r3k2/R4p2/8/1P1n3p/2N3n1/1R1P2P1/6K1/8 w - - 7 41",1.0
"1r3k2/R4p2/1P6/7p/8/1R1Pn1PK/8/8 w - - 4 45",1.0
"4R3/1P3pk1/8/5n2/8/1R1P2pK/8/8 w - - 3 49",1.0
"4R3/5pnk/8/4Q3/8/1R1P2pK/8/8 w - - 3 51",1.0
"r1b1kb1r/pp1pppp1/3q4/2pP1Q1p/1n6/5N2/PP1PPPPP/R1B1KB1R w KQkq - 3 9",1.0
"r1bk1b1r/pp1ppQp1/8/3nq1Np/3p4/8/PP1BPPPP/R3KB1R w KQ - 3 13",1.0
"r1bk1b1N/pp1pp1p1/6Q1/7p/3p1q2/8/PP2PPPP/R3KB1R w KQ - 1 17",1.0
"r1b2b2/ppkppNp1/8/7Q/5q2/3p4/PP2PPPP/R3KB1R w KQ - 0 19",1.0
"r1b2b2/pp2p1p1/1k1p4/4N3/8/8/PP2BPPP/2R1K2R w K - 2 23",1.0
"r4b2/1p2p1p1/1k1p4/p7/6N1/8/PP3PPP/2R1K2R w K - 0 25",1.0
"r4b2/1p4p1/1k2p3/p2p4/8/4N3/PP3PPP/2R2RK1 w - - 0 27",1.0
"r7/1p4p1/1k2p3/p1b5/3p4/3RN3/PP3PPP/2R3K1 w - - 0 29",1.0
"r4b2/1p4p1/4p3/pk6/2Np4/6R1/PP3PPP/2R3K1 w - - 4 31",1.0
"r4b2/1p4p1/1k2p3/N5R1/3p4/8/PP3PPP/2R3K1 w - - 1 33",1.0
"r4b2/1pk3p1/4R3/N5R1/8/3p4/PP3PPP/6K1 w - - 1 35",1.0
"4Rb2/rpk3p1/8/NR6/8/8/PP1p1PPP/6K1 w - - 0 37",1.0
"4Rb2/1pk3p1/8/8/8/8/rP1R1PPP/6K1 w - - 0 39",1.0
"6R1/1pk3p1/8/8/3b4/8/rP3PPP/3R2K1 w - - 4 41",1.0
"5R2/2k3p1/8/1p6/3b4/8/1r3PPP/3R2K1 w - - 0 43",1.0
"8/2k3p1/8/1pb2R2/8/7P/2r2PP1/3R2K1 w - - 3 45",1.0
"2k5/5R2/6p1/1pb5/7P/8/2r2PP1/3R2K1 w - - 0 47",1.0
"3k4/4b3/5Rp1/1p6/7P/8/2r2PP1/4R1K1 w - - 4 49",1.0
"3k4/4b3/1R6/1p4p1/7P/6P1/1r3P2/4R1K1 w - - 0 51",1.0
"3k4/5R2/8/2b4P/8/1p6/1r3P2/4R1K1 w - - 0 55",1.0
"3k4/5R1P/8/8/3b4/1p6/3r1P2/4R1K1 w - - 1 57",1.0
"8/5k2/1R6/5P2/8/8/8/6K1 w - - 3 65",1.0
"8/5k2/1R3P2/8/8/8/5K2/8 w - - 3 67",1.0
"8/5k2/1R3P2/8/8/8/5K2/8 w - - 7 69",1.0
"8/5k2/1R3P2/8/8/8/5K2/8 w - - 11 71",1.0
"8/5k2/1R3P2/8/8/8/5K2/8 w - - 15 73",1.0
"8/5k2/1R3P2/8/3K4/8/8/8 w - - 19 75",1.0
"6k1/1R6/5P2/4K3/8/8/8/8 w - - 23 77",1.0
"5k2/1R3P2/4K3/8/8/8/8/8 w - - 3 79",1.0
"1R3Q2/8/4K1k1/8/8/8/8/8 w - - 1 81",1.0
"7R/6k1/4K3/5Q2/8/8/8/8 w - - 5 83",1.0
"r1b1kb1r/1p1ppppp/2n2n2/8/pq6/2N1BNP1/PPP1PPBP/R2Q1RK1 w kq - 2 9",0.5
"r1b1kb1r/1p1pppp1/2n2n2/7p/1q6/p1N1BNP1/PPP1PPBP/1RQ2RK1 w kq - 0 11",0.5
"2b1kb1r/1p1pppp1/2nq4/3N3p/8/r3QNP1/P1P1PPBP/1R1R2K1 w k - 0 15",0.5
"2B2b2/n2Qpkp1/5p2/7P/6r1/8/P1P1PP1P/1R1R1K2 w - - 1 25",0.5
"2B2b2/n2Qpkp1/5p2/7P/6r1/8/P1P1PP1P/1R1R1K2 w - - 5 27",0.5
"2B2b2/n2Qpkp1/5p2/7P/6r1/8/P1P1PP1P/1R1R1K2 w - - 9 29",0.5
"2B2b2/n2Qpkp1/5p2/7P/6r1/8/P1P1PP1P/1R1R1K2 w - - 13 31",0.5
"2B2b2/n2Qpkp1/5p2/7P/6r1/8/P1P1PP1P/1R1R1K2 w - - 17 33",0.5
"2B2b2/n2Qpkp1/5p2/7P/6r1/8/P1P1PP1P/1R1R1K2 w - - 21 35",0.5
"2B2b2/n2Qpkp1/5p2/7P/6r1/8/P1P1PP1P/1R1R1K2 w - - 25 37",0.5
"2B2b2/n2Qpkp1/5p2/7P/6r1/8/P1P1PP1P/1R1R1K2 w - - 29 39",0.5
"2B2b2/n2Qpkp1/5p2/7P/6r1/8/P1P1PP1P/1R1R1K2 w - - 33 41",0.5
"2B2b2/n2Qpkp1/5p2/7P/6r1/8/P1P1PP1P/1R1R1K2 w - - 37 43",0.5
"2B2b2/n2Qpkp1/5p2/7P/6r1/8/P1P1PP1P/1R1R1K2 w - - 41 45",0.5
"2B2b2/n2Qpkp1/5p2/7P/6r1/8/P1P1PP1P/1R1R1K2 w - - 45 47",0.5
"2B2b2/n2Qpkp1/5p2/7P/6r1/8/P1P1PP1P/1R1R1K2 w - - 49 49",0.5
"2B2b2/n2Qpkp1/5p2/7P/6r1/8/P1P1PP1P/1R1R1K2 w - - 53 51",0.5
"2B2b2/n2Qpkp1/5p2/7P/6r1/8/P1P1PP1P/1R1R1K2 w - - 57 53",0.5
"2B2b2/n2Qpkp1/5p2/7P/6r1/8/P1P1PP1P/1R1R1K2 w - - 61 55",0.5
"2B2b2/n2Qpkp1/5p2/7P/6r1/8/P1P1PP1P/1R1R1K2 w - - 65 57",0.5
"2B2b2/n2Qpkp1/5p2/7P/6r1/8/P1P1PP1P/1R1R1K2 w - - 69 59",0.5
"2B2b2/n2Qpkp1/5p2/7P/6r1/8/P1P1PP1P/1R1R1K2 w - - 73 61",0.5
"2B2b2/n2Qpkp1/5p2/7P/6r1/8/P1P1PP1P/1R1R1K2 w - - 77 63",0.5
"2B2b2/n2Qpkp1/5p2/7P/6r1/8/P1P1PP1P/1R1R1K2 w - - 81 65",0.5
"2B2b2/n2Qpkp1/5p2/7P/6r1/8/P1P1PP1P/1R1R1K2 w - - 85 67",0.5
"2B2b2/n2Qpkp1/5p2/7P/6r1/8/P1P1PP1P/1R1R1K2 w - - 89 69",0.5
"2B2b2/n2Qpkp1/5p2/7P/6r1/8/P1P1PP1P/1R1R1K2 w - - 93 71",0.5
"2B2b2/n2Qpkp1/5p2/7P/6r1/8/P1P1PP1P/1R1R1K2 w - - 97 73",0.5
"r1b1kbnr/1p1ppppp/1q6/p1p5/8/4PQPB/PPPP1P1P/RNB2RK1 w kq - 1 7",1.0
"r1b1kb1r/1p1ppppp/5n2/p1p5/1qN5/4PQPB/PPPP1P1P/R1B2RK1 w kq - 5 9",1.0
"r1b1kb1r/1p1pppp1/5n2/pqp4p/2N5/BP2PQPB/P1PP1P1P/R4RK1 w kq - 2 11",1.0
"r1b1kb2/1pqpppp1/5n2/p1p1N3/2P4r/BP2PQ1B/P2P1P1P/R3R1K1 w q - 2 15",1.0
"r1b1kb2/1p1pppp1/5n2/p1q1N1r1/2P5/1P2PQ2/PB3PBP/R3R1K1 w q - 0 19",1.0
"r1b1kb2/1p1pppp1/5n2/p3N2r/1qPB3P/1P2PQ2/P4PB1/R3R1K1 w q - 1 21",1.0
"r1b1kb2/1p1ppppq/5B1r/p7/2P4P/1P2PQ2/P4PB1/R2RN1K1 w q - 3 25",1.0
"r1b1kb2/1p1ppp1q/6p1/p5Br/2P4P/1P2PQ1B/P4P2/R2RN1K1 w q - 0 27",1.0
"r1b1kb2/1p1ppp2/6p1/p7/2P3Bq/1P2PQ2/P4P2/R2RN1K1 w q - 0 29",1.0
"r1b1kb1q/1p1pp3/6p1/p4p2/2PR2B1/1P2PQ2/P4P2/3RN1K1 w q - 0 31",1.0
"r1b1k3/1p1pp1b1/6p1/p2R1p2/2P4q/1P2PQ1B/P4P2/3RN1K1 w q - 4 33",1.0
"r1b1k3/1p1pp3/5qp1/p2R1p2/2P5/1PbNP2B/P4PQ1/3R2K1 w q - 8 35",1.0
"r1b1k3/1p1p4/3Rpqp1/p3bp2/2P2N2/1P2P2B/P4PQ1/3R2K1 w q - 2 37",1.0
"r1b2k2/1p1p4/3Rp1Q1/p2Nbp2/2P4q/1P2P2B/P4P2/3R2K1 w - - 1 39",1.0
"N1b2k2/1p1p4/4p1Q1/2b5/2P1B2q/pP2P3/P4P2/3R2K1 w - - 0 43",1.0
"2b1Q3/2Np2k1/1p2p3/2b5/2P1B2q/pP2P3/P4P2/3R2K1 w - - 2 45",1.0
"2b1Q3/2Np2k1/1p2p3/2b5/2P1B2q/pP2P3/P4P2/3R2K1 w - - 6 47",1.0
"2b1Q3/2Np2k1/1p2p3/2b5/2P1B2q/pP2P3/P4P2/3R2K1 w - - 10 49",1.0
"2b1Q3/2Np2k1/1p2p3/2b5/2P1B2q/pP2P3/P4P2/3R2K1 w - - 14 51",1.0
"2b1Q3/2Np2k1/1p2p3/2b5/2P1B2q/pP2P3/P4P2/3R2K1 w - - 18 53",1.0
"2b1Q3/2Np2k1/1p2p3/2b5/2P1B2q/pP2P3/P4P2/3R2K1 w - - 22 55",1.0
"2b1Q3/2Np2k1/1p2p3/2b5/2P1B2q/pP2P3/P4P2/3R2K1 w - - 26 57",1.0
"2b1Q3/2Np2k1/1p2p3/2b5/2P1B2q/pP2P3/P4P2/3R2K1 w - - 30 59",1.0
"2b1Q3/2Np2k1/1p2p3/2b5/2P1B2q/pP2P3/P4P2/3R2K1 w - - 34 61",1.0
"2b1Q3/2Np2k1/1p2p3/2b5/2P1B2q/pP2P3/P4P2/3R2K1 w - - 38 63",1.0
"2b1Q3/2Np2k1/1p2p3/2b5/2P1B2q/pP2P3/P4P2/3R2K1 w - - 42 65",1.0
"2b1Q3/2Np2k1/1p2p3/2b5/2P1B2q/pP2P3/P4P2/3R2K1 w - - 46 67",1.0
"2b1Q3/2Np2k1/1p2p3/2b5/2P1B2q/pP2P3/P4P2/3R2K1 w - - 50 69",1.0
"2b1Q3/2Np2k1/1p2p3/2b5/2P1B2q/pP2P3/P4P2/3R2K1 w - - 54 71",1.0
"2b1Q3/2Np2k1/1p2p3/2b5/2P1B2q/pP2P3/P4P2/3R2K1 w - - 58 73",1.0
"2b1Q3/2Np2k1/1p2p3/2b5/2P1B2q/pP2P3/P4P2/3R2K1 w - - 62 75",1.0
"2b1Q3/2Np2k1/1p2p3/2b5/2P1B2q/pP2P3/P4P2/3R2K1 w - - 66 77",1.0
"2b1Q3/2Np2k1/1p2p3/2b5/2P1B2q/pP2P3/P4P2/3R2K1 w - - 70 79",1.0
"2b1Q3/2Np2k1/1p2p3/2b5/2P1B2q/pP2P3/P4P2/3R2K1 w - - 74 81",1.0
"2b1Q3/2Np2k1/1p2p3/2b5/2P1B2q/pP2P3/P4P2/3R2K1 w - - 78 83",1.0
"5k2/1bNp4/1p2p1Q1/2b5/2P4q/pP2P3/P4P2/3R2K1 w - - 0 85",1.0
"8/1bNR4/1p3Q2/2b4k/2P5/pP2P3/P4P2/6K1 w - - 1 89",1.0
"r1bq1rk1/1ppp1ppp/2nbpn2/pB6/8/2N1PN2/PPPP1PPP/R1BQ1RK1 w - - 2 7",1.0
"r1b2rk1/2ppqppp/1pnb4/pB1p4/P2P4/3QPN2/1PP2PPP/R1B2RK1 w - - 2 11",1.0
"r1b2rk1/2pp1ppp/1pnb4/pB1q4/P2P4/3QPN2/1P3PPP/R1B2RK1 w - - 0 13",1.0
"r1b1r1k1/2pp1ppp/1pnb4/p6q/P1BP4/3QPN2/1P1B1PPP/R4RK1 w - - 4 15",1.0
"r1b1r1k1/2pp1ppp/1p1b4/3P3q/PpB5/3QPN2/1P3PPP/R4RK1 w - - 0 17",1.0
"r3r1k1/1bpp1ppp/1p1b4/1B1P4/Pp1N2q1/3QP3/1P3PPP/R4RK1 w - - 4 19",1.0
"r2r2k1/1bpB1ppp/1p6/3P1N2/Pp6/4P3/1b3PPP/1R3RK1 w - - 2 23",1.0
"r6k/2p1bppp/1p6/3P4/Pp6/4P3/5PPP/1R3RK1 w - - 0 27",1.0
"r6k/2p2ppp/1p6/3P4/Pp6/2b1P3/5PPP/2R2RK1 w - - 4 29",1.0
"r6k/5pp1/1R6/7p/1p6/2b1P3/5PPP/2R3K1 w - - 1 33",1.0
"r6k/5p2/6p1/1R6/1p5p/2b1P3/5PPP/1R4K1 w - - 0 35",1.0
"r6k/5p2/6p1/1R6/7p/2b1P3/1p3PPP/1R4K1 w - - 0 37",1.0
"1R6/5p1k/6p1/8/5P1p/2b1P3/1p4PP/rR4K1 w - - 3 39",1.0
"6k1/1R6/6p1/5p2/5P1p/2b1P3/1p4PP/r4RK1 w - - 2 41",1.0
"6k1/1R6/5bp1/5p2/5P1p/4P2P/1p3KP1/2r2R2 w - - 3 43",1.0
"6k1/1R6/5bp1/5p2/5P1p/4P2P/1p3KP1/2r2R2 w - - 7 45",1.0
"6k1/1R6/5bp1/5p2/5P1p/4P2P/1p3KP1/2r2R2 w - - 11 47",1.0
"6k1/1R6/5bp1/5p2/5P1p/4P2P/1p3KP1/2r2R2 w - - 15 49",1.0
"6k1/1R6/5bp1/5p2/5P1p/4P2P/1p3KP1/2r2R2 w - - 19 51",1.0
"6k1/1R6/5bp1/5p2/5P1p/4P2P/1p3KP1/2r2R2 w - - 23 53",1.0
"1R6/5k2/5bp1/5p2/5P1p/4P2P/1p4P1/2r2RK1 w - - 27 55",1.0
"8/3k4/5bp1/1R3p2/5P1p/4P2P/1p4P1/2r2RK1 w - - 31 57",1.0
"1R6/2k5/5bp1/5p2/5P1p/4P2P/1p4P1/5K2 w - - 1 59",1.0
"8/8/5bp1/3k1p2/1R3P1p/4P2P/1p2K1P1/8 w - - 5 61",1.0
"7b/1R6/6p1/3k1p2/5P1p/3KP2P/1p4P1/8 w - - 9 63",1.0
"1R6/6b1/6p1/5p2/4kP1p/4P2P/1pK3P1/8 w - - 13 65",1.0
"8/8/6R1/5p2/4kP1p/2b1P2P/1pK3P1/8 w - - 1 67",1.0
"8/6b1/1R6/3k1p2/5P1p/4P2P/1pK3P1/8 w - - 5 69",1.0
"8/6b1/1R6/3k1p2/5P1p/4P2P/1pK3P1/8 w - - 9 71",1.0
"6R1/8/5b2/3k1p2/5P1p/4P2P/1pK3P1/8 w - - 13 73",1.0
"8/4k3/8/5p2/5P1p/2K1P2P/6P1/8 w - - 3 77",1.0
"8/8/5k2/5p2/4PP1p/3K3P/6P1/8 w - - 1 79",1.0
"8/8/4k3/4Pp2/3K1P1p/7P/6P1/8 w - - 3 81",1.0
"8/5k2/8/3KPp2/5P1p/7P/6P1/8 w - - 7 83",1.0
"4k3/8/4P3/4K3/5P1p/7P/6P1/8 w - - 3 87",1.0
"4k3/4P3/3K4/8/5P1p/7P/6P1/8 w - - 1 89",1.0
"8/3KP3/5k2/5P2/7p/7P/6P1/8 w - - 3 91",1.0
"8/3K3k/8/6Q1/8/7P/6P1/8 w - - 3 95",1.0
"8/3K3k/8/6QP/8/8/6P1/8 w - - 1 97",1.0
"rnb1kb1r/pp1ppp2/1q4p1/2p4p/2P3n1/2N1QN2/PP1PPPPP/R1B1KB1R w KQkq - 6 7",1.0
"r1b1kb1r/pp1ppp2/1qn2np1/2p4p/2P5/2NQ1N2/PP1PPPPP/R1B1KB1R w KQkq - 10 9",1.0
"r1b1kb1r/1p1ppp2/pq3np1/1Np4p/1nP5/1Q3N2/PP1PPPPP/R1B1KB1R w KQkq - 0 11",1.0
"r1b1k2r/1p1ppp2/p3qnpb/2p4p/QnP5/2N2N2/PP1PPPPP/R1B1KB1R w KQkq - 4 13",1.0
"r1b1k2r/1p1ppp2/5npb/p1p2q1p/QnP5/2N1PN2/PP1P1PPP/1RB1KB1R w Kkq - 0 15",1.0
"r1b1k2r/1p1ppp2/2n3pb/p1p2q1p/Q1P1n3/P1N1PN2/1P1PBPPP/1RB1K2R w Kkq - 3 17",1.0
"r1b1k2r/1p1ppp2/2n3pb/p1p2n1p/2P5/P1N1PN2/1P1PBPPP/1RB1K2R w Kkq - 0 19",1.0
"r1b2rk1/1p1ppp2/2n3pb/2pN1n1p/p1P5/P3PN2/1P1PBPPP/1RB2RK1 w - - 0 21",1.0
"r1b2rk1/1p1ppp2/2n3pb/3N3p/p1PpP3/P7/1P1PBPPP/1RB2RK1 w - - 0 23",1.0
"r1b2rk1/1p1pppb1/2n3p1/3N3p/2PpP3/PR6/3PBPPP/2B2RK1 w - - 1 25",1.0
"2b2rk1/1pN1ppb1/2np2p1/r6p/2PpPP2/PR6/3PB1PP/2B2RK1 w - - 0 27",1.0
"2b2rk1/1pN1ppb1/2np2p1/8/r1PpPP1p/PR1P4/3BB1PP/5RK1 w - - 2 29",1.0
"2b2rk1/1p3p2/2npp1p1/3NbP2/r1PpP2p/PR1P4/3BB1PP/5RK1 w - - 0 31",1.0
"2r2rk1/1p3p2/3pp1P1/4b3/2PpP2p/PR1P4/4B1PP/5RK1 w - - 0 35",1.0
"4r3/5k2/1R1pp3/4b3/2PpP1Bp/P2P4/6PP/6K1 w - - 0 39",1.0
"4k3/8/1R1pp3/4b3/2PpP2p/P2P4/6PP/6K1 w - - 0 41",1.0
"8/2k5/1RPpp3/4b3/3pP2p/P2P4/6PP/6K1 w - - 1 43",1.0
"8/2k5/R1Pp4/P3p3/3pP2p/3P4/3b2PP/7K w - - 0 47",1.0
"8/2k5/R1Pp4/P3p3/3pP2p/3P4/3b2PP/5K2 w - - 4 49",1.0
"8/8/1k1p4/R3p3/3pP2p/3P1K2/6PP/8 w - - 3 53",1.0
"8/3k4/3p4/4p3/3pP2p/3P1K2/6PP/2R5 w - - 7 55",1.0
"8/3k4/3p4/4p3/3pP2p/3P1K2/6PP/2R5 w - - 11 57",1.0
"3k4/2R5/3p4/4p3/3pP2p/3P1K1P/6P1/8 w - - 3 59",1.0
"1k6/R7/3p4/4p3/3pP1Kp/3P3P/6P1/8 w - - 7 61",1.0
"8/2k5/3R4/4p3/3pP1Kp/3P3P/6P1/8 w - - 1 63",1.0
"8/2k5/8/3R4/3pP2K/3P3P/6P1/8 w - - 3 67",1.0
"8/8/1k6/3R2P1/3pP2K/3P3P/8/8 w - - 1 69",1.0
"8/6P1/1k6/3R4/3pP2K/3P3P/8/8 w - - 1 71",1.0
"6Q1/8/2k5/3RP3/3p3K/3P3P/8/8 w - - 1 73",1.0
"3qkb1r/2pppppp/rpn2n2/p7/8/2N1PN2/PPPP1PPP/R1BQ1RK1 w k - 0 7",0.5
"3qkb1r/2ppppp1/rp3n2/p6p/1n1P4/2NQPN2/PPP2PPP/R1B2RK1 w k - 2 9",0.5
"2q1kb1r/2ppppp1/rp3n2/7p/pn1PP3/2N2N2/PPP1QPPP/R1B2RK1 w k - 0 11",0.5
"2q1kb1r/n1ppppp1/rp3n2/3P3p/p3P3/P1N2N2/1PP1QPPP/R1B2RK1 w k - 1 13",0.5
"2q1kb1r/n2pppp1/rp6/2pPP2p/p4Bn1/P1N2N2/1PP1QPPP/R4RK1 w k - 1 15",0.5
"4kb1r/nq1ppp2/rp4p1/2pPP2p/p1Q2Bn1/P1N2N2/1PP2PPP/3R1RK1 w k - 2 17",0.5
"4kb1r/n2ppp2/r1qP2p1/1pQ1P2p/p4Bn1/P1N2N2/1PP2PPP/3R1RK1 w k - 1 19",0.5
"5k1r/n2Q1p2/r5p1/1pbNP2p/p1q2Bn1/P4N2/1PP2PPP/3R1RK1 w - - 3 23",0.5
"3Q3r/n4pk1/r5p1/1pbNP2p/p4Bn1/P7/1PqN1PPP/3R1RK1 w - - 2 25",0.5
"5r2/3R1pk1/2r3p1/1n2P2p/p7/P7/1P1N1RPP/6K1 w - - 3 33",0.5
"5rk1/3R1p2/6p1/1n2P2p/p3N3/P7/1Pr3PP/5RK1 w - - 7 35",0.5
"5k2/2n5/8/3RR2p/p6K/1r6/6PP/8 w - - 4 49",0.5
"6k1/3R4/8/1n5R/p6K/1r6/6PP/8 w - - 1 51",0.5
"6k1/3R4/3n4/2R5/pr4PK/8/7P/8 w - - 1 53",0.5
"5k2/8/3R4/6R1/p5PK/8/1r5P/8 w - - 1 55",0.5
"5k2/8/3R4/R7/6PK/7P/pr6/8 w - - 0 57",0.5
"4k3/R7/7R/8/6PK/7P/p4r2/8 w - - 4 59",0.5
"R4r1R/4k3/8/8/6PK/7P/p7/8 w - - 8 61",0.5
"R4r1R/4k3/8/8/6PK/7P/p7/8 w - - 12 63",0.5
"R4r1R/4k3/8/8/6PK/7P/p7/8 w - - 16 65",0.5
"R4r1R/4k3/8/8/6PK/7P/p7/8 w - - 20 67",0.5
"R4r1R/4k3/8/8/6PK/7P/p7/8 w - - 24 69",0.5
"R4r1R/4k3/8/8/6PK/7P/p7/8 w - - 28 71",0.5
"R4r1R/4k3/8/8/6PK/7P/p7/8 w - - 32 73",0.5
"R4r1R/4k3/8/8/6PK/7P/p7/8 w - - 36 75",0.5
"R4r1R/4k3/8/8/6PK/7P/p7/8 w - - 40 77",0.5
"R4r1R/4k3/8/8/6PK/7P/p7/8 w - - 44 79",0.5
"R4r1R/4k3/8/8/6PK/7P/p7/8 w - - 48 81",0.5
"R4r1R/4k3/8/8/6PK/7P/p7/8 w - - 52 83",0.5
"R4r1R/4k3/8/8/6PK/7P/p7/8 w - - 56 85",0.5
"R4r1R/4k3/8/8/6PK/7P/p7/8 w - - 60 87",0.5
"R4r1R/4k3/8/8/6PK/7P/p7/8 w - - 64 89",0.5
"R4r1R/4k3/8/8/6PK/7P/p7/8 w - - 68 91",0.5
"R4r1R/4k3/8/8/6PK/7P/p7/8 w - - 72 93",0.5
"R4r1R/4k3/8/8/6PK/7P/p7/8 w - - 76 95",0.5
"R4r1R/4k3/8/8/6PK/7P/p7/8 w - - 80 97",0.5
"R4r1R/4k3/8/8/6PK/7P/p7/8 w - - 84 99",0.5
"R4r1R/4k3/8/8/6PK/7P/p7/8 w - - 88 101",0.5
"R4r1R/4k3/8/8/6PK/7P/p7/8 w - - 92 103",0.5
"R4r1R/4k3/8/8/6PK/7P/p7/8 w - - 96 105",0.5
"r1b1kb1r/ppqppppp/5n2/2pn4/8/P1N1PN2/1PPPBPPP/R1BQ1RK1 w kq - 3 7",1.0
"r1b1kb1r/ppqpppp1/5n2/2p4p/2B5/P1P1PN2/1PP2PPP/R1BQ1RK1 w kq - 0 9",1.0
"r1b1k2r/ppqp1pp1/3bpn2/2p3Np/2B1P3/P1P5/1PP2PPP/R1BQ1RK1 w kq - 1 11",1.0
"r1b2rk1/pp1p1pp1/4pn2/2p2qNp/2B2B2/P1P5/1PP3PP/R2Q1RK1 w - - 2 15",1.0
"r1b2rk1/pp3pp1/5n2/2pp1pNp/2B2B2/P1P5/1PP3PP/R4RK1 w - - 0 17",1.0
"r3r1k1/pp1b1pp1/5n2/2pp1pNp/5B2/P1P5/1PP1B1PP/4RRK1 w - - 4 19",1.0
"r3r1k1/pp1b1pp1/5n2/3p1pN1/1Pp2B1p/P1P2B2/2P3PP/4RRK1 w - - 0 21",1.0
"r3r1k1/1p3pp1/2b5/p2p1pN1/1Pp1nB2/P1P2BP1/2P5/3RR1K1 w - - 2 25",1.0
"7k/5Bp1/8/1pB3N1/2p5/P1n3P1/2b3K1/8 w - - 3 37",1.0
"7k/5Bp1/8/1p2B1N1/2p5/P2b2P1/4n1K1/8 w - - 7 39",1.0
"8/5B2/4N2k/1p6/8/P2b2P1/1Bp1nK2/8 w - - 3 43",1.0
"8/5B2/4N2k/1p6/6P1/P2b4/5K2/2n5 w - - 0 45",1.0
"8/5B1k/8/1p4P1/2bN4/P7/5K2/2n5 w - - 3 47",1.0
"4B3/7k/4b3/5NP1/1n6/6K1/8/8 w - - 2 51",1.0
"4Bk2/8/4b1P1/5N2/1n3K2/8/8/8 w - - 3 53",1.0
"6k1/8/6P1/1B2Kb2/1n6/8/8/8 w - - 0 55",1.0
"8/6k1/2n3P1/5K2/2B5/8/8/8 w - - 1 57",1.0
"8/6k1/2n3P1/6K1/8/3B4/8/8 w - - 5 59",1.0
"5k2/8/6P1/6K1/3nB3/8/8/8 w - - 9 61",1.0
"8/3k2P1/5K2/8/3nB3/8/8/8 w - - 1 63",1.0
"6Q1/2k5/5K2/5B2/8/8/4n3/8 w - - 3 65",1.0
"8/8/5K2/2k2B2/8/8/4Q3/8 w - - 1 67",1.0
"8/8/8/4QBK1/1k6/8/8/8 w - - 5 69",1.0
"8/8/8/4Q3/1k2B1K1/8/8/8 w - - 9 71",1.0
"8/8/8/4Q3/1k2B1K1/8/8/8 w - - 13 73",1.0
"8/8/8/2Q5/4B1K1/8/3k4/8 w - - 17 75",1.0
"8/8/8/8/6K1/8/5Q2/1Bk5 w - - 21 77",1.0
"r1bqkb1r/1ppppppp/p4n2/8/1n2B3/4PN2/PPPPQPPP/RNB2RK1 w kq - 8 7",0.5
"r1bqk2r/1pp1pp1p/p4npb/3p4/8/2Q1PN2/PPPP1PPP/RNB2RK1 w kq - 2 11",0.5
"r2q1rk1/1pp1pp1p/p4npb/3pNb2/8/2QPP3/PPP2PPP/RNB2RK1 w - - 1 13",0.5
"r4rk1/1pp1pp1p/p2q2pb/3pNb2/1P4n1/2QPP3/P1PN1PPP/R1B2RK1 w - - 1 15",0.5
"r4rk1/1pp1p2p/p2q1ppb/3p4/1P4b1/2QPPN2/P1P2PPP/R1B2RK1 w - - 0 17",0.5
"r4rk1/1pp1p2p/p4pp1/8/1P2pq1P/2QP1P2/P1P2P2/2R2RK1 w - - 0 21",0.5
"r3r2k/1pp4p/p4pp1/8/1P3p1P/3P1P2/P1P2P2/4RRK1 w - - 2 25",0.5
"r3r2k/1pp4p/p7/6p1/1P2Rp2/3P1P2/P1P2P2/5RK1 w - - 0 27",0.5
"r6k/1pp5/p7/6pp/1P2Pp2/3P4/P1P2P2/4R1K1 w - - 0 29",0.5
"r6k/8/2p1P3/p5p1/5p1p/3P4/P1P2P2/4R1K1 w - - 0 33",0.5
"4r3/4P1k1/2p5/p5p1/5p1p/3P1P2/P1P5/4R1K1 w - - 1 35",0.5
"8/4rk2/2R5/p5p1/5p1p/3P1P2/P1P5/6K1 w - - 0 37",0.5
"8/5k2/8/p5R1/5p2/3P1P1p/P1r5/6K1 w - - 0 41",0.5
"8/5k2/8/p5R1/P4p2/3P1P2/5r1p/7K w - - 2 43",0.5
"8/8/6k1/p6R/P4p2/3P1r2/7K/8 w - - 1 45",0.5
"8/8/5k2/p2R4/P2P1p2/3r4/7K/8 w - - 1 47",0.5
"8/8/4k3/R7/P2r1p2/5K2/8/8 w - - 2 51",0.5
"R7/8/8/P4k2/1r3p2/5K2/8/8 w - - 1 53",0.5
"R7/8/P7/4k3/6K1/r4p2/8/8 w - - 0 57",0.5
"R7/P2k4/8/8/8/r4pK1/8/8 w - - 1 59",0.5
"4R3/r1k5/8/8/8/5p2/5K2/8 w - - 0 61",0.5
"r1bqkb1r/1p1ppppp/p4n2/2pn4/8/P1N1PN2/1PPPBPPP/R1BQK2R w KQkq - 1 7",0.0
"r1b1kb1r/1p1ppppp/p2q1n2/2pn4/2B5/P1N1PN2/1PPP1PPP/R1BQ1RK1 w kq - 5 9",0.0
"r1b1kb1r/3ppppp/p2q1n2/1pp5/2BP4/P1P1PN2/2P2PPP/R1BQ1RK1 w kq - 0 11",0.0
"r1b1kb1r/3ppppp/p2q4/1p6/2pPn3/P1P1PN2/2P1BPPP/R1BQ1RK1 w kq - 2 13",0.0
"r1b1k2r/3pppbp/p2q4/1p2N1p1/2pPn3/P1P1P3/1BP1BPPP/R2Q1RK1 w kq - 2 15",0.0
"r4rk1/1b1pppbp/p2q4/1p2N1p1/P1pPnP2/2P1P3/1BP1B1PP/R2Q1RK1 w - - 1 17",0.0
"r4rk1/3pp1bp/p2q4/1p1bNppB/P1pPnP2/2P1P3/1BP3PP/R2Q1RK1 w - - 2 19",0.0
"r4rk1/4p1bp/p2pq3/1p1bNppB/PBpPnP2/2P1P3/2P3PP/R2Q1RK1 w - - 0 21",0.0
"5rk1/4p1bp/3pbn2/1P3p2/1PpP1P2/4P3/2P3PP/3Q1K2 w - - 2 29",0.0
"5rk1/4p1bp/3pb3/1P3p2/1PpP1P2/2n1PQ2/6PP/5K2 w - - 0 31",0.0
"5rk1/1P2p1bp/3pb3/5p2/1npP1P2/4PQ2/6PP/5K2 w - - 0 33",0.0
"2r3k1/1q2p1bp/3p4/5p2/2bP1P2/2Q1P3/5KPP/8 w - - 2 41",0.0
"6k1/4p1bp/3p4/3P1p2/4bP2/4K1P1/2r3q1/4Q3 w - - 1 47",0.0
"r1b1kb1r/pp1pppp1/2n2n2/2p4p/NqP5/3Q1N2/PP1PPPPP/R1B1KB1R w KQkq - 4 7",1.0
"r1b1kb1r/pp2ppp1/2np1n2/q1p4p/N1P5/PP1Q1N2/3PPPPP/R1B1KB1R w KQkq - 1 9",1.0
"r1b1kb1r/pp2ppp1/3p1n2/q1p5/PnP4p/1PNQ1N2/3PPPPP/R1B1KB1R w KQkq - 1 11",1.0
"r3kb1r/1p2ppp1/p2p1n2/q1p5/PnP3bp/1PN2N2/1B1PPPPP/RQ2KB1R w KQkq - 2 13",1.0
"r3kb1r/3bppp1/pp1p1n2/q1p5/PnP4p/RPN2N1P/1B1PPPP1/1Q2KB1R w Kkq - 0 15",1.0
"r3k3/4bp2/pp1p1p2/q1p2Q2/PnP4r/1P5P/3PPPP1/R3KB1R w Kq - 1 21",1.0
"2kr4/4bp2/pp1p1p1r/q1p5/PnP1Q3/1P4PP/3PPP2/R3KB1R w K - 3 23",1.0
"Q2r1b2/3k1p2/pp1p1p1r/q1p5/PnP4P/1P4P1/3PPP2/R3KB1R w K - 3 25",1.0
"3rk3/4bp2/pp1p1p1r/q1p5/PnP1Q2P/1P4P1/3PPP2/R3KB1R w K - 7 27",1.0
"3rk3/4bp2/pp3p1r/q1pn3P/P3Q3/1P4P1/3PPP2/R3KB1R w K - 0 29",1.0
"5k2/4bp2/pp3p1r/2p4P/Pn1rB3/1P4P1/3PPP2/1R2K2R w K - 2 33",1.0
"6k1/4bp2/1p3p1r/p1p4P/Pn1rB3/1P1P2P1/4PP2/2R1K2R w K - 2 35",1.0
"6k1/5p2/1p3p1r/p1p4P/Pn1rBbP1/1P1P4/4PP2/2R2RK1 w - - 3 37",1.0
"6k1/5p2/1p3p1r/p1p4P/P3RPP1/1PbnP3/8/5RK1 w - - 1 41",1.0
"6k1/5p2/1R6/p1pn3P/P3pPP1/1Pb1P3/8/6K1 w - - 1 45",1.0
"1R6/5pk1/5b2/p1pn3P/P3pPP1/1P2P3/5K2/8 w - - 5 47",1.0
"4R3/6k1/8/p1pn1pPP/P3pP2/1Pb1P3/5K2/8 w - f6 0 49",1.0
"2R5/5k2/7P/p1pn1pP1/P3pP2/1P2P3/3b1K2/8 w - - 1 51",1.0
"3R4/8/5n1k/p1p2p2/P3pP2/1P2K3/8/8 w - - 0 55",1.0
"8/8/6k1/p1p2R2/P3p3/1P1nK3/8/8 w - - 3 59",1.0
"8/8/6k1/p1R5/P3p3/1n2K3/8/8 w - - 0 61",1.0
"8/8/6k1/R7/P7/3K4/8/3n4 w - - 3 65",1.0
"8/8/6k1/1R6/P2K2n1/8/8/8 w - - 7 67",1.0
"8/8/P4k2/1R6/3K4/8/7n/8 w - - 1 69",1.0
"8/P7/5k2/1RK5/8/8/3n4/8 w - - 3 71",1.0
"Q7/8/1R6/2K2k2/8/8/8/5n2 w - - 3 73",1.0
"8/8/1R6/2K5/6k1/8/8/5Q2 w - - 1 75",1.0
"8/8/6R1/2K2Q2/7k/8/8/8 w - - 5 77",1.0
"r1bqkb1r/pp2ppp1/5n2/2pp1Q1p/1nP5/2N2N2/PP1PPPPP/R1B1KB1R w KQkq - 0 7",1.0
"r1bqkb1r/pp2ppp1/2n2n2/2p4p/2p5/P1N2N2/1P1PPPPP/RQB1KB1R w KQkq - 1 9",1.0
"r1bqkb1r/1p2ppp1/p4n2/n1p4p/2P5/P1N2N2/3PPPPP/RQB1KB1R w KQkq - 0 11",1.0
"r2qkb1r/4ppp1/pp3n2/n1p2b1p/2P2B2/P1NP1N2/4PPPP/RQ2KB1R w KQkq - 0 13",1.0
"3qkb1r/1r2ppp1/pp3n2/n1p2b1p/2P2B2/P1NP1N2/1Q2PPPP/1R2KB1R w Kk - 4 15",1.0
"3qkb1r/1r2pp2/pp3np1/n1p1Nb2/N1P2B1p/P2P4/1Q2PPPP/1R2KB1R w Kk - 0 17",1.0
"3qk3/r3pp2/p4npr/2p1Nb2/2N4p/P2P4/1Q2PPPP/1R2KB1R w K - 0 21",1.0
"3Nk3/r3pp2/p4npr/2p5/2N4p/P7/1Q2PPPP/1b2KB1R w K - 0 23",1.0
"3k4/Q2npp2/p5pr/2p5/2N4p/P7/4PPPP/1b2KB1R w K - 0 25",1.0
"1Q6/3kpp2/6p1/2p4r/7p/P7/4PPPP/4KB1R w K - 3 33",1.0
"8/4p3/4k1p1/1Qp2p1r/4P2p/P7/5PPP/4KB1R w K - 2 35",1.0
"7r/5k2/4p3/2Q2p2/7p/P7/4BPPP/4K2R w K - 0 39",1.0
"7r/8/5k2/4pp2/2BQ3p/P7/5PPP/4K2R w K - 0 41",1.0
"7r/4Q3/8/4pp2/2B2k1p/P7/5PPP/4K2R w K - 4 43",1.0
"3r4/8/8/8/2B1Q2p/P5Pk/5P1P/4K2R w K - 3 47",1.0
"r1bqkb1r/pp1pppp1/2n2n2/2p4p/2P5/2N2N2/PP1PPPPP/RQB1KB1R w KQkq - 4 7",0.0
"r1bqkb1r/pp1pppp1/2n2n2/2p4p/2P5/2N2N2/PP1PPPPP/RQB1KB1R w KQkq - 8 9",0.0
"r1bqkb1r/pp1pppp1/2n2n2/2p4p/2P5/2N2N2/PP1PPPPP/RQB1KB1R w KQkq - 12 11",0.0
"1rbqkb1r/pp1pppp1/5n2/2p4p/1nP5/2N2N2/PP1PPPPP/RQB1KB1R w KQk - 16 13",0.0
"1rbqkb1r/pp1pppp1/2n2n2/2p5/2P4p/P1NQ1N2/1P1PPPPP/R1B1KB1R w KQk - 0 15",0.0
"1rb1kb1r/pp1ppp2/2n2p2/2p5/PqP1Q2p/5N2/1P1PPPPP/R1B1KB1R w KQk - 2 19",0.0
"1rb1kb1r/pp2pp2/2n2p2/2pp4/PqP1Q2N/4P3/1P1P1PPP/R1B1KB1R w KQk - 0 21",0.0
"1rb1k2r/pp2pp2/2n2p1b/2p5/Pqp4N/4PQ2/1P1P1PPP/R1B1KB1R w KQk - 0 23",0.0
"1r2k2r/pp2pp2/2n2p2/2p2Qb1/Pqp5/4P3/1P1P1PPP/R1B1KB1R w KQk - 1 25",0.0
"1r2k2r/pp3p2/4pp2/2p1n1b1/Pqp5/4P3/1PQPBPPP/R1B1K2R w KQk - 2 27",0.0
"1r2k2r/pp3p2/4pp2/2p1b3/Pqp5/8/1PQPB1PP/R1B3KR w k - 2 31",0.0
"1r2k2r/pp3p2/4pp2/8/P2p3P/6q1/1P1PB1P1/R1B2K1R w k - 0 35",0.0
"1r2k2r/pp3p2/4pp2/7P/P4q2/3p1B2/1P1P2P1/R1B2K1R w k - 2 37",0.0
"2r1k2r/p4p2/1p2pp2/P6P/5q2/3p1B1R/1P1P2P1/R1B2K2 w k - 0 39",0.0
"2r1k2r/p4p2/Pp2p3/4qp1P/8/3p1B1R/1P1P2P1/R1B3K1 w k - 2 41",0.0
"2r1k3/p4p2/Pp2p2r/5p1P/3q4/3p1B2/1P1P2P1/R1B2K1R w - - 6 43",0.0
"2r1k3/p4p2/qp2p2r/5p1P/8/3p1B2/1P1P1KP1/1RB4R w - - 0 45",0.0
"2r1k3/p4p2/3qp2r/1p3p1P/1P6/3p1BP1/3P1K2/1RB4R w - - 1 47",0.0
"2r1k3/p4p2/3q3r/1p2p2P/1P3pP1/3p1B2/3P2K1/1RB4R w - - 0 49",0.0
"2r1k3/p4p2/3qr2P/1p4P1/1P2pp2/3p1B2/3P2K1/1RB4R w - - 0 51",0.0
"2r5/p4p1P/4k3/1p2q1P1/1P2p3/3p1p2/3P4/1RB2K1R w - - 0 55",0.0
"2r5/p4p1P/4k3/1p4P1/1P1qp3/3p4/3P1p2/1RBK3R w - - 0 57",0.0
"7r/5p1P/4k3/pp4P1/1P1qp3/B2p4/3P1p2/2RK3R w - - 2 59",0.0
"7r/5p1P/7R/ppR3P1/1P1qp1k1/B2p4/3P1p2/3K4 w - - 6 61",0.0
"8/5p1r/8/1pR3P1/1p1qp1k1/B2p4/3P1p2/3K1R2 w - - 0 63",0.0
"r1bqkbnr/1p1pppp1/8/p1p4p/8/4PQPB/PPPP1P1P/RNB2RK1 w kq - 0 7",0.0
"r1bqkb1r/1p1pppp1/5n2/p6p/3P4/5QPB/PPP2P1P/RNB2RK1 w kq - 1 9",0.0
"r1b1kb1r/1p1pppp1/2q2n2/p6p/3P1Q2/2N3PB/PPP2P1P/R1B2RK1 w kq - 5 11",0.0
"r1b1kb1r/1p1p1pp1/2q1pn2/7p/p2P1Q2/2N3PB/PPPB1P1P/R3R1K1 w kq - 0 13",0.0
"r1b2rk1/1p1p1pp1/q2bp3/3B2Qp/p2P4/6P1/PPPB1P1P/R3R1K1 w - - 3 17",0.0
"r1b2rk1/1p1p2p1/3bp3/5pQp/p1qPB3/4B1P1/PPP2P1P/R3R1K1 w - - 0 19",0.0
"r1b2rk1/1p1p2p1/2qbp3/5p1Q/p1PP4/3BB1P1/PP3P1P/RR4K1 w - - 1 23",0.0
"r1b2rk1/1p1pb1p1/4p3/2Pq1p1Q/p2P4/3BB1P1/PP3P1P/R3R1K1 w - - 3 25",0.0
"r1b2rk1/1p1pb1p1/8/2Pq1p1Q/p2Pp3/4BBP1/PP3P1P/R3R1K1 w - - 0 27",0.0
"r1b2rk1/1p4p1/3b4/3q1p1Q/p2Pp3/4B1P1/PP2BP1P/R3R1K1 w - - 0 29",0.0
"5rk1/1p4p1/8/3b4/p2Ppr2/P1R5/1P2BP1P/4R1K1 w - - 2 35",0.0
"r1b1kb1r/pp1ppppp/2n2n2/4q2P/3N4/2N5/PPP1PPP1/R1BQKB1R w KQkq - 1 7",1.0
"r1b1kb1r/pp1pp2p/2n2np1/8/8/2NP1N2/PP2PPP1/R1B1KB1R w KQkq - 0 11",1.0
"r1b1k2r/pp1pp3/2n2npb/7p/P4B2/2NP1N2/1P2PPP1/R3KB1R w KQkq - 1 13",1.0
"r1b1k2r/pp1p4/5npb/4p1Np/P2n1B2/2NP4/1P2PPP1/2R1KB1R w Kkq - 0 15",1.0
"r1b2rk1/pp1p4/6p1/6Pp/P2p2n1/2NP4/1P2P1P1/2R1KB1R w K - 0 19",1.0
"r1b3k1/1p1p1r2/6p1/p2N2Pp/P2p2n1/3P2P1/1P2P3/2R1KB1R w K - 1 21",1.0
"1rN3k1/1p3r2/6p1/p2p2Pp/P2p2n1/3P2P1/1P2P3/2R1KB1R w K - 0 23",1.0
"1r3r2/6k1/1p1N2pR/p2p2P1/P2p2p1/3P2P1/1P2P3/2R1K3 w - - 2 27",1.0
"1r3r1k/2R5/1p1N2R1/p2p2P1/P2p2p1/3P2P1/1P2P3/4K3 w - - 1 29",1.0
"1r3r1k/2R5/1p4R1/p2pN1P1/P2p2p1/3P2P1/1P2P3/4K3 w - - 5 31",1.0
"7k/2R3R1/5P2/pp1pN3/P2p2p1/3P2P1/1P2P3/6K1 w - - 0 35",1.0
"r1b1kb1r/p2ppppp/2p2n2/1p1q4/3P4/P3PN2/1PP1BPPP/R1BQ1RK1 w kq - 0 9",1.0
"r3kb1r/p2ppppp/3q4/1P1nN3/3Pb3/PQ6/1P2BPPP/R1B2RK1 w kq - 3 15",1.0
"r3kb1r/p2pp1pp/3q1p2/1P1nN3/3P4/P4Q2/1P3PPP/R1B2RK1 w kq - 0 17",1.0
"r3kb1r/p2pp1pp/1n2qp2/1P6/3P4/P3NQ2/1P3PPP/R1B2RK1 w kq - 4 19",1.0
"r3kb1r/p2pp1pp/1n3p2/1P6/3P4/P3N3/1q1BQPPP/R4RK1 w kq - 0 21",1.0
"1r2kb1r/p2pp1pp/5p2/1P3N2/2nPQ3/P7/1q1B1PPP/R4RK1 w k - 4 23",1.0
"1r2k2r/p3b2p/3p1pp1/1P6/1B1PQ3/P7/1q3PPP/R4RK1 w k - 0 27",1.0
"1r5r/p3bk1p/3p1pp1/1P6/1B1PQ3/P7/5PPP/R5K1 w - - 1 29",1.0
"1r2r3/p5kp/5pp1/1P1Q4/3P4/b7/5PPP/R5K1 w - - 0 33",1.0
"8/p3r1kp/1rQ2pp1/1P1P4/8/b7/5PPP/R5K1 w - - 1 35",1.0
"6k1/p3r2p/1r1b1pp1/1P1P4/8/3Q4/5PPP/R5K1 w - - 5 37",1.0
"4r1k1/pr5p/3b1pp1/1P1P4/6P1/3Q4/5P1P/2R3K1 w - - 1 39",1.0
"4r1k1/pr5p/5pp1/1P1Pb3/6PP/3Q4/5P2/R5K1 w - - 3 41",1.0
"4r1k1/p2r3p/5pp1/1P1P4/6PP/3Q4/1b3P2/2R3K1 w - - 7 43",1.0
"4r1k1/p2r3p/5pp1/1P1P4/6PP/3Q4/1b3P2/2R3K1 w - - 11 45",1.0
"4r1k1/p1r4p/5pp1/1P1Pb3/2Q3PP/8/5P2/3R2K1 w - - 15 47",1.0
"2r3k1/p6p/3P1pp1/1P2b3/1Q4PP/8/2r2P2/3R2K1 w - - 1 49",1.0
"6k1/p2R3p/6p1/1P2bp2/1Q4PP/8/2r2P2/6K1 w - - 3 53",1.0
"7k/p2R3p/3b2p1/1P3p2/6PP/8/2Q2P2/6K1 w - - 1 55",1.0
"r1bqkb1r/2ppppp1/1p3n2/p6p/Pn5P/BPN2N2/2PPPPP1/R2QKB1R w KQkq - 2 7",1.0
"r2qkb1r/1bppppp1/1p6/p3N2p/Pn4nP/1PN5/1BPPPPP1/R2QKB1R w KQkq - 6 9",1.0
"r2qkb1r/3pppp1/1pp5/pN2N2p/Pn2b1nP/1P6/1BPPPPP1/2RQKB1R w Kkq - 0 11",1.0
"r2qkb1r/3pppp1/1pp5/p3N2p/P3b2P/NP6/nBPPPKP1/2RQ1B1R w kq - 1 13",1.0
"r2qkb1r/3pp1p1/1pp2p2/p6p/Pn2b2P/NP3N2/1BPPPKP1/R2Q1B1R w kq - 2 15",1.0
"r3kb1r/2qpp1p1/1pp2p2/p2b3p/Pn5P/NP1P1N2/1BP1P1P1/R2Q1BKR w kq - 1 17",1.0
"r3kb1r/2qpp1p1/npp1bp2/p6p/P3P2P/NPPP1N2/1B4P1/R2Q1BKR w kq - 1 19",1.0
"2kr1b1r/2qpp3/1pp2pp1/p1n4p/P1PNP2P/2PP1Q2/1B4P1/R4BKR w - - 2 23",1.0
"2kr3r/2qp4/1pp1pppb/p1n4p/P1PNP2P/2PP3Q/1B2B1P1/R5KR w - - 0 25",1.0
"2kr3r/2qp4/1pp2pp1/p1n1p2p/P1P1Pb1P/2PP1Q2/1BN1B1P1/R5KR w - - 2 27",1.0
"2k1r2r/2qp4/1pp2pp1/p6p/P1PPPb1P/3Q4/1BNnB1P1/3R2KR w - - 3 31",1.0
"2k2r2/3p4/1pp3p1/p6p/P1P2q1P/7R/2NQB1P1/6K1 w - - 2 37",1.0
"2k5/3p4/1p4p1/p1p4p/P1P2r1P/7R/2N1B1P1/6K1 w - - 0 39",1.0
"2k5/3p4/1p2r1p1/p1p4p/P1P4P/1R2N3/4B1P1/6K1 w - - 4 41",1.0
"2k5/3p4/1p4p1/p1p5/P1P1r1BP/1R2N3/8/6K1 w - - 1 43",1.0
"2k5/3p4/1p4p1/p7/P1Pp2BP/4N3/8/6K1 w - - 0 45",1.0
"8/8/3k1Np1/p7/P1P3BP/8/3p4/6K1 w - - 2 49",1.0
"8/8/6p1/p7/P1P2kBP/8/3N4/6K1 w - - 1 51",1.0
"8/8/4B1p1/p1P5/P4k1P/8/3N4/6K1 w - - 1 53",1.0
"8/8/2P1B3/p5p1/P1N1k2P/8/8/6K1 w - - 0 55",1.0
"2Q5/8/4B3/N3k3/P7/8/7K/8 w - - 1 59",1.0
"2Q5/8/4B3/P5k1/2N5/8/7K/8 w - - 1 61",1.0
"2Q5/P7/4B1k1/8/2N5/8/7K/8 w - - 1 63",1.0
"Q6Q/8/4B1k1/8/2N5/8/7K/8 w - - 1 65",1.0
"r1b1kb1r/1p2pppp/p1p5/1N6/8/2B1P3/PPP1BPPP/R4RK1 w kq - 0 13",1.0
"N1bk1b1r/4pppp/p1p5/1p6/8/2B1P3/PPP1BPPP/R4RK1 w - - 0 15",1.0
"4k2r/3Rbppp/pNp1p3/1p5B/8/2B1P3/PPP2PPP/5RK1 w - - 3 19",1.0
"2N2k1r/R7/p7/1pp2B1p/8/4P3/PPP2PPP/5RK1 w - - 0 25",1.0
"2N2k1r/R7/p5B1/1pp4p/8/4P3/PPP2PPP/3R2K1 w - - 4 27",1.0
"r1bqkb1r/2pppppp/p7/1p6/1n4n1/2N1PN2/PPPPBPPP/R1BQ1RK1 w kq - 2 7",1.0
"r1bqkb1r/3ppppp/p7/1pp5/1n1N4/2N1P3/PPPPBPPK/R1BQ1R2 w kq - 0 9",1.0
"r1bqkb1r/3pppp1/p7/1pp5/1n5p/2N1PN2/PPPPBPP1/R1BQ1RK1 w kq - 0 11",1.0
"r1b1kb1r/2qpppp1/p7/2p5/Nn5p/4PN2/1PPPBPP1/R1BQ1RK1 w kq - 1 13",1.0
"r3kb1r/1bqpppp1/p7/6N1/1np4p/2N1P3/1PPPBPP1/R1BQ1RK1 w kq - 0 15",1.0
"r3kb1r/1b1pppp1/2q5/pN4N1/1np3Bp/4P3/1PPP1PP1/R1BQ1RK1 w kq - 2 17",1.0
"r3kb1r/3pppp1/8/pN4N1/1np4p/4Pb2/1PPP1PP1/R1B2RK1 w kq - 0 19",1.0
"N2k1b1r/3pp1p1/2n2p2/1R4Nb/2p4p/4P3/1PPP1PP1/2B2RK1 w - - 2 23",1.0
"N2k1b1r/3pp1p1/2n2p2/1R6/2p1N3/4Pb1P/1PPP1P2/2B2RK1 w - - 1 25",1.0
"N2k1b2/3pp3/2n2p2/8/4P1p1/1R3bNr/2PP1P2/2B2RK1 w - - 0 29",1.0
"N2k4/3p4/2n2p2/2b1p3/4P1p1/1R1P1bNr/2PB1P2/5RK1 w - - 2 31",1.0
"N2k4/3p4/5p2/4p3/2P1P1p1/4RbNr/2n2P2/5RK1 w - - 1 35",1.0
"NR6/3pk3/5p2/4p3/2PnP1p1/5bNr/5P2/5RK1 w - - 5 37",1.0
"1R6/3p4/1N2kp2/4p3/2P1P1p1/6P1/4b3/6K1 w - - 2 41",1.0
"1R6/3p4/1N2kp2/4p3/2P1P1p1/4K1P1/2b5/8 w - - 6 43",1.0
"8/3R4/1N3k2/4pb2/2P3p1/4K1P1/8/8 w - - 0 47",1.0
"8/1R6/1N3k2/2P1pb2/6p1/4K1P1/8/8 w - - 1 49",1.0
"8/1R1Nk3/2P5/5b2/4p1p1/4K1P1/8/8 w - - 2 51",1.0
"8/3N4/2P1k1b1/8/4pKp1/1R4P1/8/8 w - - 6 53",1.0
"8/8/8/2k1N3/4K1p1/1R4P1/8/8 w - - 3 57",1.0
"8/1R6/8/3kNK2/6p1/6P1/8/8 w - - 7 59",1.0
"8/3R4/1k6/4N3/6K1/6P1/8/8 w - - 1 61",1.0
"8/3R4/8/2k1N3/5KP1/8/8/8 w - - 1 63",1.0
"8/3R4/6P1/1k2N3/5K2/8/8/8 w - - 1 65",1.0
"6Q1/3R4/8/k3N3/5K2/8/8/8 w - - 1 67",1.0
"r1b1kb1r/1p1pppp1/nq6/p1pP3p/8/2N1QN2/PPP1PPPP/2KR1B1R w kq - 2 9",1.0
"r1b1k3/1p1pbpp1/nq5r/p1p4p/8/2N1QN2/PPP1PPPP/2KR1B1R w q - 0 11",1.0
"r1bq1k2/1p1pbpp1/n6r/p1pNQ2p/8/5N2/PPP1PPPP/2KR1B1R w - - 4 13",1.0
"r1bq2k1/1p1p1pp1/n2b3r/p1pN3p/4Q3/P4N2/1PP1PPPP/2KR1B1R w - - 3 15",1.0
"N1b3k1/1pnpqpp1/7r/p1p1b2p/4Q3/P3P3/1PP2PPP/2KR1B1R w - - 1 19",1.0
"2b3k1/1pnpqpp1/7r/Q1p1b2p/8/P3P3/1PP2PPP/2KR1B1R w - - 1 21",1.0
"2b3k1/2np1pp1/1p3q1r/2p1b2p/Q1B5/P3P3/1PP2PPP/2KR3R w - - 2 23",1.0
"2b4k/3p2p1/1p2n2r/2p3q1/8/P3PB2/1QP4P/2KR1R2 w - - 3 29",1.0
"2b4k/3p2p1/1Q2nq2/2p5/8/P3PB2/2P4r/2KRR3 w - - 1 31",1.0
"2b4k/2np2p1/3R4/8/P1p5/4P3/2K5/4R3 w - - 0 37",1.0
"2b3k1/2np2p1/3R4/P7/8/2p1P3/2K5/5R2 w - - 0 39",1.0
"2b5/3R3R/8/Pn4k1/8/2p1P3/2K5/8 w - - 3 45",1.0
"8/8/b5k1/Pn1R3R/8/2p1P3/2K5/8 w - - 7 47",1.0
"8/5k2/P7/1R6/8/2p1P3/2K5/8 w - - 1 51",1.0
"Q7/3k4/8/1R6/8/2p1P3/2K5/8 w - - 1 53",1.0
"Q7/3k4/8/1R2P3/8/2p5/2K5/8 w - - 1 55",1.0
"8/4k3/8/1R2P3/4Q3/2p5/2K5/8 w - - 5 57",1.0
"8/4k3/4P3/1R1Q4/8/2p5/2K5/8 w - - 3 59",1.0
"r1bqkbr1/1ppppp2/2n4p/p1n5/6B1/3P1N2/PPP1PP1P/RNBQ1RK1 w q - 2 9",0.0
"r1bqkbr1/2pp4/1pn4p/p1n1p3/5BP1/3P4/PPP1PP1N/RN1Q1RK1 w q - 0 13",0.0
"r1bqkbr1/2pp4/1pn5/p1n1p3/4P1p1/3P4/PPPB1P1N/RN1Q1RK1 w q - 0 15",0.0
"r1b1k1r1/2pp4/1pnb4/p1nNp3/4P1pq/3P4/PPPB1P1N/R2Q1RK1 w q - 4 17",0.0
"r1bqkb1r/1pp1ppp1/2n2n2/p2p3p/P5P1/2N2N1B/1PPPPP1P/R1BQK1R1 w Qkq - 0 7",0.5
"r2qkb1r/1pp1pp2/2n2p2/p2p3p/P7/2N2N1b/1PPPPP1P/R1BQK1R1 w Qkq - 0 9",0.5
"2kr1b1r/1ppqpp2/2n2p2/p2p3p/P7/BPN2N1b/2PPPP1P/R2QK1R1 w Q - 3 11",0.5
"2k2r1r/1ppq1p2/2n2p2/p2pp2p/P7/1PN2N1b/2PPPP1P/R2QK1R1 w Q - 0 13",0.5
"2k3rr/1ppq1p2/2n2p2/pN1ppb1p/P7/1P3NR1/2PPPP1P/R2QK3 w Q - 4 15",0.5
"2k3r1/1ppq1p2/2n2p2/pN1p1b1p/P3p2P/1PP2NP1/3PPK2/R2Q4 w - - 0 19",0.5
"2k5/1p1q1p2/5p2/pNpp1N1p/P3p1rP/1PPnP1P1/3P2K1/R2Q4 w - - 1 23",0.5
"k7/1p1q1p2/3N1p2/p1pp1N1p/P3p1rP/1PPnP1P1/3P4/R2Q2K1 w - - 5 25",0.5
"k7/1p1q1p2/3N1p2/3p1N1p/PPp1p1rP/4PnP1/3P1K2/1R1Q4 w - - 0 29",0.5
"k7/1p3p2/3q1p2/1P5p/P1pPp2P/6N1/3P4/2Q3K1 w - - 0 35",0.5
"1k6/1p3p2/5p2/QP5p/P1pPpq1P/6N1/3P4/6K1 w - - 4 37",0.5
"1k6/1p3p2/5p2/QP5p/P1pPpq1P/6N1/3P4/6K1 w - - 8 39",0.5
"1k6/1p3p2/5p2/QP5p/P1pPpq1P/6N1/3P4/6K1 w - - 12 41",0.5
"1k6/1p3p2/5p2/QP5p/P1pPpq1P/6N1/3P4/6K1 w - - 16 43",0.5
"1k6/1p3p2/5p2/QP5p/P1pPpq1P/6N1/3P4/6K1 w - - 20 45",0.5
"1k6/1p3p2/5p2/QP5p/P1pPpq1P/6N1/3P4/6K1 w - - 24 47",0.5
"1k6/1p3p2/5p2/QP5p/P1pPpq1P/6N1/3P4/6K1 w - - 28 49",0.5
"1k6/1p3p2/5p2/QP5p/P1pPpq1P/6N1/3P4/6K1 w - - 32 51",0.5
"1k6/1p3p2/5p2/QP5p/P1pPpq1P/6N1/3P4/6K1 w - - 36 53",0.5
"1k6/1p3p2/5p2/QP5p/P1pPpq1P/6N1/3P4/6K1 w - - 40 55",0.5
"1k6/1p3p2/5p2/QP5p/P1pPpq1P/6N1/3P4/6K1 w - - 44 57",0.5
"1k6/1p3p2/5p2/QP5p/P1pPpq1P/6N1/3P4/6K1 w - - 48 59",0.5
"1k6/1p3p2/5p2/QP5p/P1pPpq1P/6N1/3P4/6K1 w - - 52 61",0.5
"1k6/1p3p2/5p2/QP5p/P1pPpq1P/6N1/3P4/6K1 w - - 56 63",0.5
"1k6/1p3p2/5p2/QP5p/P1pPpq1P/6N1/3P4/6K1 w - - 60 65",0.5
"1k6/1p3p2/5p2/QP5p/P1pPpq1P/6N1/3P4/6K1 w - - 64 67",0.5
"1k6/1p3p2/5p2/QP5p/P1pPpq1P/6N1/3P4/6K1 w - - 68 69",0.5
"1k6/1p3p2/5p2/QP5p/P1pPpq1P/6N1/3P4/6K1 w - - 72 71",0.5
"1k6/1p3p2/5p2/QP5p/P1pPpq1P/6N1/3P4/6K1 w - - 76 73",0.5
"1k6/1p3p2/5p2/QP5p/P1pPpq1P/6N1/3P4/6K1 w - - 80 75",0.5
"1k6/1p3p2/5p2/QP5p/P1pPpq1P/6N1/3P4/6K1 w - - 84 77",0.5
"1k6/1p3p2/5p2/QP5p/P1pPpq1P/6N1/3P4/6K1 w - - 88 79",0.5
"1k6/1p3p2/5p2/QP5p/P1pPpq1P/6N1/3P4/6K1 w - - 92 81",0.5
"1k6/1p3p2/5p2/QP5p/P1pPpq1P/6N1/3P4/6K1 w - - 96 83",0.5
"r1b1kb1r/pp1ppppp/5n2/2p1q3/2P4P/2NPB3/PPQ1PPP1/R3KB1R w KQkq - 2 9",0.0
"r1b1kb1r/p2ppppp/1p6/2pPq3/7P/3PB3/PPQ1PPP1/R3KB1R w KQkq - 0 11",0.0
"r1b1kb1r/3ppppp/1p1q4/p1p5/7P/1Q1PB3/PP2PPP1/R3KB1R w KQkq - 0 13",0.0
"r3kb1r/1b1pppp1/1p1q4/pQp4p/P6P/3PB3/1P2PPP1/R3KB1R w KQkq - 0 15",0.0
"1r2kb1r/3pppp1/1pbq4/pQp4p/P6P/1P1PB3/4PPP1/2R1KB1R w Kk - 1 17",0.0
"1r2kb1r/3pppp1/1pbq4/pQp4p/P6P/1P1PB3/4PPP1/2R1KB1R w Kk - 5 19",0.0
"1r2kb1r/3pppp1/1pbq4/pQp4p/P6P/1P1PB3/4PPP1/2R1KB1R w Kk - 9 21",0.0
"3rkb1r/3pppp1/1p1q4/pQpb3p/P6P/1P1PB3/4PPP1/2R1KB1R w Kk - 13 23",0.0
"3rk2r/3ppp2/1p1q4/pQ5p/P6P/1P6/1b2PPB1/2R1K2R w Kk - 1 27",0.0
"3rk2r/3ppp2/1p1q4/pQ5p/P1R4P/1P6/1b2PPB1/5RK1 w k - 5 29",0.0
"3rk2r/3ppp2/1p1q1b2/pQ5p/P1R2P1P/1P2P3/6B1/5RK1 w k - 1 31",0.0
"3rk1r1/3ppp2/1p3b2/pQ3P1p/P1R4P/1P2P1q1/6B1/5R1K w - - 3 33",0.0
"3r2r1/3kpp2/1p6/p3bP1p/P1R4P/1P2P1q1/6B1/6RK w - - 0 35",0.0
"3r4/4pp2/1pBk4/p3bP1p/P1R4P/1P2P1r1/8/7K w - - 0 37",0.0
"6r1/4pp2/1p1k4/p3bP1p/P6P/1P2r3/2R3B1/7K w - - 0 39",0.0
"6r1/3kpp2/1p6/p3bP1p/P6P/1r6/6B1/2R4K w - - 0 41",0.0
"6r1/3kpp2/1p1b4/p4P1p/Pr5P/8/6B1/2R4K w - - 4 43",0.0
"6r1/3kpp2/1p1b1P2/p6p/P5r1/8/6B1/2R3K1 w - - 2 45",0.0
"6r1/4kp2/1p1b1p2/p2B4/7p/5R2/4K3/r7 w - - 0 51",0.0
"3r4/4kp2/1p3p2/8/p6p/6bR/2K5/4r2B w - - 0 55",0.0
"r1bqkb1r/1p2pppp/2pp1n2/p3N3/1n6/4P3/PPPPBPPP/RNBQ1RK1 w kq - 0 7",1.0
"r2qkb1r/1p2pppp/2ppbn2/p7/8/3PP3/PP1PBPPP/RNBQ1RK1 w kq - 1 9",1.0
"r2qkb1r/1p2pp1p/2p1bn2/p2p2p1/P7/2NPP3/1P1PBPPP/R1BQ1RK1 w kq - 0 11",1.0
"r3kb1r/1pq1pp2/2p1bn2/p2p2pp/P2P4/1QN1P3/1P1PBPPP/R1B2RK1 w kq - 2 13",1.0
"r3kb1r/1pq1pp2/2p1bn2/p2p2p1/P2P4/1QNPP2p/1P1BBPPP/R4RK1 w kq - 0 15",1.0
"r3kb1r/1pq1pp2/2p2n2/p2p1b2/P2P2p1/1QNPP1Pp/1P1BBP1P/R1R3K1 w kq - 2 17",1.0
"r3k2r/1p1qpp2/2p2n1b/p2p1b2/P2P2p1/1QNPP1Pp/1P1BBP1P/R1R3K1 w kq - 6 19",1.0
"r4rk1/1p1qpp2/1Qp2n2/p2p1bb1/P2P2p1/2NPP1Pp/1PRBBP1P/R5K1 w - - 10 21",1.0
"5rk1/3qpp2/rpp2n2/p1Qp1bb1/P2P2p1/1PNPP1Pp/2RBBP1P/R5K1 w - - 0 23",1.0
"5rk1/5p2/rppp1n2/p2p1bb1/P2P2p1/1PNPP1Pp/2RBBP1P/R5K1 w - - 0 25",1.0
"5rk1/5p2/rppp1nb1/p2p4/P2PP1p1/1PNP2Pp/3RBP1P/R5K1 w - - 1 27",1.0
"5rk1/5p2/rpp2P2/p4b2/P5p1/1PpP2Pp/2R1BP1P/R5K1 w - - 2 31",1.0
"4r1k1/5p2/rp3P2/p1p2b2/P5p1/1PRP2Pp/4BP1P/4R1K1 w - - 0 33",1.0
"4r2k/r4p2/1p3P2/p1p2b2/P5R1/1P4Pp/4BP1P/4RK2 w - - 3 37",1.0
"4r1k1/r4p2/1p3P2/p1p4R/P7/1P4Pp/2b1BP1P/4RK2 w - - 7 39",1.0
"6k1/5p2/1p3P1R/p1p5/P6P/1r4P1/3K1P2/8 w - - 0 47",1.0
"5k2/5p2/1p3P2/p1p3R1/P6P/5rP1/3K1P2/8 w - - 4 49",1.0
"5k2/5p2/1p3r2/p2R4/P1p4P/6P1/5P2/4K3 w - - 0 51",1.0
"8/5p2/1p2r1k1/p7/P1R4P/5KP1/5P2/8 w - - 1 57",1.0
"8/5pk1/1p1r4/p6P/P1R3P1/5K2/5P2/8 w - - 1 59",1.0
"8/5pk1/1pR5/p5rP/P7/5K2/5P2/8 w - - 0 61",1.0
"8/5p1k/1R5P/p6r/P7/5K2/5P2/8 w - - 1 63",1.0
"8/5p2/6rk/R7/P4K2/8/5P2/8 w - - 5 67",1.0
"8/5p2/2r4k/5R2/P4K2/8/5P2/8 w - - 17 73",1.0
"8/8/2r2pk1/P4R2/6K1/8/5P2/8 w - - 2 75",1.0
"8/8/6k1/PR3p2/2r2P1K/8/8/8 w - - 4 79",1.0
"8/6k1/1R6/P1r2pK1/5P2/8/8/8 w - - 8 81",1.0
"6k1/7r/P4R2/6K1/5P2/8/8/8 w - - 3 85",1.0
"8/r4k2/P2R4/5PK1/8/8/8/8 w - - 3 87",1.0
"8/P7/3k4/5PK1/8/8/8/8 w - - 1 91",1.0
"8/8/2Q5/5PK1/3k4/8/8/8 w - - 3 93",1.0
"8/5P2/2Q5/6K1/8/4k3/8/8 w - - 1 95",1.0
"8/8/2Q5/6K1/8/8/5Q2/3k4 w - - 3 97",1.0
"2bqkb1r/1pppppp1/2n2n2/6B1/1P5p/2NP1N2/2P1PPPP/Q3KB1R w Kk - 1 9",0.0
"2bqk2r/1ppp1pp1/2n1pn2/1P4B1/Qb5p/2NP1N2/2P1PPPP/4KB1R w Kk - 1 11",0.0
"2b2rk1/1pp2pp1/3ppn2/1P6/2PQ4/3P1N2/3KPPPP/1q3B1R w - - 1 21",0.0
"2b2rk1/Qpp2pp1/3p4/1P6/2P1n1P1/5N2/1q2PP1P/3K1B1R w - - 0 37",0.0
"5rk1/1pp2pp1/3pb3/1Pq5/2P2KP1/2Q2N2/4P2P/5B1n w - - 2 43",0.0
"5rk1/1pp3p1/3pbp2/1P6/2P1PKP1/3Q1N2/5q1P/5B1n w - - 0 45",0.0
"6k1/1pp5/3p4/1P6/2b1P1PK/8/8/5r1n w - - 0 51",0.0
"6k1/1pp5/3p2P1/1b6/4P2K/8/8/6rn w - - 1 53",0.0
"4b1k1/1pp5/6P1/4p2K/8/8/8/6rn w - - 0 55",0.0
"6k1/2p5/6b1/1p2p3/8/7K/8/6rn w - - 0 57",0.0
"6k1/2p5/6b1/4p3/1p6/7K/8/r6n w - - 0 59",0.0
"6k1/2p5/8/4p1K1/4q3/8/8/r6n w - - 2 63",0.0
"r1b1kb1r/ppq1pppp/2pp1n2/4N3/1n1P4/4P3/PPP1BPPP/RNBQ1RK1 w kq - 0 7",0.0
"r1b1kb1r/p1q1pppp/2pp1n2/1p1n4/3P4/3NP3/PPPBBPPP/RN1Q1RK1 w kq - 0 9",0.0
"r1b1kb1r/p1q1pppp/2pp4/1p6/3Pn3/2BNP3/PPP1BPPP/R2Q1RK1 w kq - 1 11",0.0
"r1b1kb1r/p3pppp/2pp4/qp6/3P2B1/2PNP3/P1P2PPP/R2Q1RK1 w kq - 1 13",0.0
"r1b1kb1r/p3pp1p/2Np4/1p4p1/3P2B1/2q1P3/P1P2PPP/R2Q1RK1 w kq - 0 15",0.0
"r3kb1r/pb2pp1p/2Np4/3P2p1/1p6/2q1PB2/P1P2PPP/R2Q1RK1 w kq - 0 17",0.0
"1r2k2r/p3ppbp/2Pp4/2q3p1/1p6/1R2PB2/P1P1QPPP/5RK1 w k - 3 21",0.0
"1r3rk1/p3pp1p/2Pp4/2q1b1p1/Pp6/1R1QPB2/2P2PPP/5RK1 w - - 1 23",0.0
"1r3r1k/p4p1p/2Ppp3/2q1b1p1/Pp2B3/1R1QP3/2P2PPP/3R2K1 w - - 0 25",0.0
"1rr4k/5p1p/2Ppp3/p1q1b1p1/PpP1B3/1R1QP3/5PPP/1R4K1 w - - 1 27",0.0
"1rr4k/7p/2Ppp3/p1q1bp2/PpP3p1/1R1QPB2/5PPP/2R3K1 w - - 0 29",0.0
"1r5k/2r4p/2qpp3/p3bp2/PpP3p1/1R1QP3/5PPP/2RB2K1 w - - 2 31",0.0
"1r4k1/2r4p/3pp3/p3bp2/PpP1q1p1/1B1QP3/5PPP/1RR3K1 w - - 6 33",0.0
"4r1k1/6rp/3pp3/p3bp2/PpP4q/1B2PP2/4Q2P/1RR4K w - - 3 37",0.0
"4r1k1/7p/3ppbr1/p4p2/PpP2P1q/1B2P3/4Q2P/1R4RK w - - 1 39",0.0
"3r3k/7p/2P1pb2/p2p1p2/Pp3P1q/1B2P3/4Q2P/6RK w - - 0 43",0.0
"r6k/2P4p/4pb2/pQ1p1p2/Pp3P2/1B2P3/5q1P/6RK w - - 1 45",0.0
"r1bqkb1r/pp1pppp1/2p5/2nn3p/2B5/4PN2/PPPPQPPP/RNB2RK1 w kq - 0 7",0.5
"r1bqkb1r/p2pppp1/2p5/1pn4p/2B5/2P1PN2/PPP1QPPP/R1B2RK1 w kq - 0 9",0.5
"r1b1kb1r/p1qpppp1/2p5/1p5p/8/1PP1PN2/1PP1QPPP/R1B2RK1 w kq - 1 11",0.5
"r1b1kb1r/2qpppp1/2p5/pp4N1/4P2p/1PP5/1PP1QPPP/R1B2RK1 w kq - 0 13",0.5
"r1b1kb1r/2qpp3/2p2p2/pp4p1/4P2p/1PP2Q1N/1PP2PPP/R1B2RK1 w kq - 0 15",0.5
"r1b1kb1r/3pp3/2pq1p2/pp4p1/3BP2p/1PP2Q1N/1PP2PPP/R4RK1 w kq - 4 17",0.5
"r3kb1r/3p4/b1pq1p2/Rp2p1p1/1P1BP2p/2P2Q1N/1PP2PPP/5RK1 w kq - 0 19",0.5
"r3kb1r/3p4/b7/1Rp1p1B1/1Pq1P3/2P5/1PP2PQP/R5K1 w kq - 1 25",0.5
"1rbqkb1r/1ppppp2/p1n2np1/7p/NP5P/P4N2/2PPPPP1/R1BQKB1R w KQk - 0 7",0.5
"1r1qk2r/2p1ppb1/p1ppbnp1/7p/NP1B3P/P7/2PPPPP1/R2QKB1R w KQk - 2 11",0.5
"1r1q1rk1/2p1pp2/p1ppbnpb/7p/NPPB3P/P7/3PPPP1/2RQKB1R w K - 1 13",0.5
"1r1q1rk1/2p1pp2/p1pp2pb/5b1p/NPPBn2P/P3P1P1/3P1P2/2RQKB1R w K - 1 15",0.5
"1r1q1rk1/2p2p2/p1pp2pb/4p2p/NPPBn2P/P3P1PR/3P1P2/2RQK3 w - - 0 17",0.5
"3r2k1/r1p2p2/p1pp1qpb/2P1p2p/NP2P2P/P3P1PR/3P4/2RQK3 w - - 1 21",0.5
"6k1/r1p2p2/2p3pb/4p2p/1q2P2P/2NrP1P1/2RP1K2/3Q3R w - - 2 27",0.5
"r5k1/2p2p2/2pq2pb/4p2p/4P2P/2NrP1P1/1R1P1K2/3QR3 w - - 6 29",0.5
"3r2k1/2p2p2/2pq2pb/4p2p/4P2P/2N1PQP1/1R1r4/4R1K1 w - - 0 31",0.5
"3r2k1/2p2p2/2p3pb/4p2p/4P2P/2NqPQP1/4R3/6K1 w - - 1 33",0.5
"6k1/2pr1p2/2p3pb/4p2p/4P2P/3qPQP1/N4R2/6K1 w - - 5 35",0.5
"6k1/2pr1p2/2p3pb/4p2p/4P2P/3qPQP1/N4R2/6K1 w - - 9 37",0.5
"6k1/2pr1p2/2p3pb/4p2p/4P2P/3qPQP1/N4R2/6K1 w - - 13 39",0.5
"3r2k1/2p2p2/2p3p1/4p2p/1q2P2P/4Q1P1/R6K/8 w - - 2 43",0.5
"3r2k1/2p2p2/2p3p1/4p2p/1q2P2P/4Q1P1/R6K/8 w - - 6 45",0.5
"6k1/2p5/2p2pp1/R3p2p/4P2P/6PK/3r4/8 w - - 0 49",0.5
"6k1/R1pr4/2p2pp1/4p2p/4P2P/6PK/8/8 w - - 4 51",0.5
"6k1/R1pr4/2p2pp1/4p2p/4P2P/6PK/8/8 w - - 8 53",0.5
"6k1/R1pr4/2p2pp1/4p2p/4P2P/6PK/8/8 w - - 12 55",0.5
"6k1/R1pr4/2p2pp1/4p2p/4P2P/6PK/8/8 w - - 16 57",0.5
"6k1/R1pr4/2p2pp1/4p2p/4P2P/6PK/8/8 w - - 20 59",0.5
"6k1/R1pr4/2p2pp1/4p2p/4P2P/6PK/8/8 w - - 24 61",0.5
"6k1/R1pr4/2p2pp1/4p2p/4P2P/6PK/8/8 w - - 28 63",0.5
"6k1/R1pr4/2p2pp1/4p2p/4P2P/6PK/8/8 w - - 32 65",0.5
"6k1/R1pr4/2p2pp1/4p2p/4P2P/6PK/8/8 w - - 36 67",0.5
"6k1/R1pr4/2p2pp1/4p2p/4P2P/6PK/8/8 w - - 40 69",0.5
"R7/2p2k2/2pr1pp1/4p2p/4P2P/6PK/8/8 w - - 44 71",0.5
"8/2p2k2/R1pr1pp1/4p2p/4P2P/6PK/8/8 w - - 48 73",0.5
"8/2p2k2/R1pr1pp1/4p2p/4P2P/6PK/8/8 w - - 52 75",0.5
"8/2p2k2/R1pr1pp1/4p2p/4P2P/6PK/8/8 w - - 56 77",0.5
"8/2p2k2/R1pr1pp1/4p2p/4P2P/6PK/8/8 w - - 60 79",0.5
"8/2p2k2/R1pr1pp1/4p2p/4P2P/6PK/8/8 w - - 64 81",0.5
"8/2p2k2/R1pr1pp1/4p2p/4P2P/6PK/8/8 w - - 68 83",0.5
"8/2p2k2/R1pr1pp1/4p2p/4P2P/6PK/8/8 w - - 72 85",0.5
"8/2p2k2/R1pr1pp1/4p2p/4P2P/6PK/8/8 w - - 76 87",0.5
"8/2p2k2/R1pr1pp1/4p2p/4P2P/6PK/8/8 w - - 80 89",0.5
"8/2p2k2/R1pr1pp1/4p2p/4P2P/6PK/8/8 w - - 84 91",0.5
"8/2p2k2/R1pr1pp1/4p2p/4P2P/6PK/8/8 w - - 88 93",0.5
"8/2p2k2/R1pr1pp1/4p2p/4P2P/6PK/8/8 w - - 92 95",0.5
"8/2p2k2/R1pr1pp1/4p2p/4P2P/6PK/8/8 w - - 96 97",0.5
"r1bqk2r/1ppppp1p/p4npb/8/1nP5/2N2N2/PP1PPPPP/RQB1KB1R w KQkq - 4 7",0.0
"r1bq1rk1/1ppppp1p/p1n2npb/8/2P4P/P1N2N2/1P1PPPP1/RQB1KB1R w KQ - 1 9",0.0
"r1bq1rk1/1pp1pp1p/p1n3pb/3n2N1/7P/P1N5/1P1PPPP1/RQB1KB1R w KQ - 0 11",0.0
"r1br2k1/1pp1pp1p/p5p1/6N1/2n2P1P/P1P5/1P2P1P1/R3KB1R w KQ - 1 17",0.0
"r2r2k1/1pp1pp1p/p5p1/5bN1/5P1P/PPP1n3/4P1P1/2R1KB1R w K - 3 19",0.0
"r2r2k1/2p1pp1p/p5p1/1p3bN1/5P1P/PPP5/4P1P1/2R2K1R w - - 0 21",0.0
"r5k1/2p1pp1p/p5p1/1p4N1/4PPbP/PPP5/3r2P1/2R3KR w - - 3 23",0.0
"r5k1/4pp1p/p1p3p1/1p2P1N1/1P3PbP/P1P5/1r4P1/2R3KR w - - 0 25",0.0
"r5k1/4pp1p/p5p1/1p2P1N1/1P3PbP/P7/r5P1/2R3KR w - - 0 27",0.0
"2r3k1/4pp1p/p5p1/1p2PbN1/1P3P1P/P5R1/r5P1/6KR w - - 4 29",0.0
"2r3k1/4pp1p/p5p1/1p2PbN1/1P3P1P/P5R1/r5P1/6KR w - - 8 31",0.0
"6k1/4pp2/p5pp/1p2Pb2/1Pr2P1P/PR3N2/r5P1/6KR w - - 2 33",0.0
"6k1/4pp2/p6p/1p2Pb1p/1P3r2/P1R2N2/6P1/7K w - - 0 37",0.0
"6k1/5p2/R3p2p/1p2P2p/1P1N4/P2b4/6PK/2r5 w - - 2 41",0.0
"3R4/5p1k/4p2p/1p2P2p/1P1N4/P1rb4/6PK/8 w - - 6 43",0.0
"8/7k/3N1p1p/P3p2p/P7/3b4/6PK/8 w - - 0 49",0.0
"8/7k/3N3p/P3p2p/P4p2/3b4/5KP1/8 w - - 0 51",0.0
"4N3/8/7p/P3k2K/P7/3bp3/8/8 w - - 2 57",0.0
"8/8/P4k1p/7K/P7/3b4/4p3/8 w - - 0 59",0.0
"q7/8/5k1p/5b2/8/8/5K2/8 w - - 0 65",0.0
"q7/8/5k2/5b2/7p/8/5K2/8 w - - 0 67",0.0
"q7/8/5k2/5b2/8/8/3K3p/8 w - - 0 69",0.0
"8/8/5k2/5b2/8/4K3/6q1/7q w - - 0 71",0.0
"8/8/5k2/2K2b2/q7/8/6q1/8 w - - 4 73",0.0
"r1bqkb1r/ppp1ppp1/2n2n2/3p4/8/3BPNPp/PPPP1P1P/RNBQ1RK1 w kq - 1 7",0.0
"r2qkb1r/1pp1ppp1/2n2n2/p2p4/P5b1/2NBPNPp/1PPP1P1P/R1BQ1RK1 w kq - 1 9",0.0
"r1kq1b1r/1pp1ppp1/2n2n2/p2p4/P5b1/BPNBPNPp/2PP1P1P/R2Q1RK1 w - - 3 11",0.0
"r1kq1b1r/1pp1ppp1/8/p2p4/P2P4/BP1B1bPp/2PQ1P1P/R4RK1 w - - 0 15",0.0
"r1k1qb1r/1pp1ppp1/8/p2p4/P2P1Q2/BP1B2Pp/2P2PbP/R3R1K1 w - - 4 17",0.0
"r1kr4/1p3p2/2p1pp2/p7/P1PP4/3B2Pp/5PbP/1R1R2K1 w - - 2 25",0.0
"r1kr4/1p3p2/2p1p3/p4p2/P1PP4/5bPp/2BR1P1P/1R4K1 w - - 0 27",0.0
"r1k5/1p6/2p2p2/p1Prpp2/P2P4/6Pp/3R1P1P/2R3K1 w - - 0 31",0.0
"r1k5/1p6/2p2p2/p1Pr4/P1RPppP1/7p/3R1P1P/6K1 w - - 0 33",0.0
"6r1/1p1k4/2p2p2/p1P5/P2PRpr1/2R4p/5P1P/7K w - - 4 37",0.0
"7r/1p1k4/2p2p2/p1P5/P2P1p2/2R2P1p/6rP/4R2K w - - 1 39",0.0
"2kr4/1p6/2p2p2/p1P5/r2P1R2/5P1p/7P/4R2K w - - 3 43",0.0
"2kr4/1p6/2p2p2/2P5/p2r4/5P1R/7P/4R2K w - - 0 45",0.0
"2kr4/1p6/2p2R2/2P5/3r4/5P2/p6P/4R2K w - - 0 47",0.0
"5R2/1p1k4/2p5/2P5/5P2/5K2/3r3P/q7 w - - 2 53",0.0
"r1bqk2r/pp1pppbp/2n3p1/2p5/2P1Q3/5N2/PP1PPPPP/R1B1KB1R w KQkq - 1 7",0.0
"r1b2rk1/pp1pppbp/2n3p1/q1p5/2P1Q1P1/5N1B/PP1PPP1P/R1B1K2R w KQ - 3 9",0.0
"r1b2rk1/pp2ppbp/2np2p1/2p5/PqP1Q1P1/5N1B/1P1PPP1P/R1B2RK1 w - - 1 11",0.0
"r4rk1/pp2ppbp/3pb1p1/2p1n3/PqP1Q1P1/3P1N1B/RP2PP1P/2B2RK1 w - - 1 13",0.0
"r4rk1/pp2ppbp/2bp2p1/P1p1n1N1/1qP1Q1P1/3P3B/RP2PP1P/2B2RK1 w - - 1 15",0.0
"r4rk1/pp2pp1p/3p1bp1/P1p1n3/1qP1Q1P1/R2P3B/1P2PP1P/2B2RK1 w - - 3 19",0.0
"1r3rk1/pp2ppbp/3p2p1/P1p1n1P1/1qP1Q3/R2P4/1P2PPBP/2B2RK1 w - - 3 21",0.0
"1r3rk1/4ppbp/1p1p2p1/2p1n1P1/1qP1Q3/RP1P4/4PPBP/2B2RK1 w - - 0 23",0.0
"1r3rk1/4Qp1p/1p1p2p1/2p3P1/1qP2P2/RP1P4/4PbBP/2B4K w - - 0 27",0.0
"1r1r2k1/5p1p/1p1Q2p1/2p3P1/2P2P2/qP1P4/4PK1P/5B2 w - - 1 31",0.0
"1r2r1k1/5p1p/1p4p1/2p1Q1P1/2P2P2/1q1P4/4P2P/5BK1 w - - 2 33",0.0
"4r1k1/2Q2p1p/1p4p1/2p3P1/2P1PP2/1q1P4/r6P/5BK1 w - - 1 35",0.0
"4r1k1/5p1p/1p1q2p1/2p2PP1/2P1P3/3P4/5r1P/2Q2B1K w - - 7 39",0.0
"4r1k1/5p1p/1p3Pp1/2p3P1/2P1P3/3q4/3r2BP/2Q4K w - - 1 41",0.0
"6k1/5p1p/1p3Pp1/2p1r1P1/2P5/3q4/6BP/3r2QK w - - 0 43",0.0
"6k1/5p1p/1p3Pp1/2p1r1P1/2P4P/6q1/6B1/6K1 w - - 1 45",0.0
"r2qkb1r/1bppppp1/1pn2n2/p6p/7P/BPN2NP1/P1PPPP2/R2QKB1R w KQkq - 1 7",1.0
"r2qkb1r/2pppp2/bpn2np1/p6p/7P/BPN2NPB/P1PPPP2/R2QK1R1 w Qkq - 0 9",1.0
"r2qk2r/2ppppb1/bpn3p1/p6p/6nP/BPN2NP1/P1PPPPB1/R2QK2R w Qkq - 4 11",1.0
"4k2r/r1pqpp2/bpp3p1/p5Np/3P3P/BPN3P1/P1P1PK2/R2Q4 w k - 1 17",1.0
"4k2r/r1pqpp2/bpp3p1/p5Np/3P3P/BPN3P1/P1P1P2K/R2Q4 w k - 5 19",1.0
"4k2r/r1p1p3/bpp2pp1/p6p/3P2qP/BPN2NP1/P1P1P2K/R4Q2 w k - 2 21",1.0
"r3k2r/2p5/bpp1ppp1/p6p/3P2qP/BPN2NP1/P1P1PQ1K/5R2 w k - 2 23",1.0
"r6r/2pk4/bpp1ppp1/p4q1p/3PN2P/BP2QNP1/P1P1P2K/5R2 w - - 6 25",1.0
"7r/k7/1pQ2Np1/p4p1p/3P3P/1P4P1/P1PNb2K/8 w - - 0 33",1.0
"1r6/k7/1p4Q1/p2N1p1p/3P2bP/1P4P1/P1PN3K/8 w - - 1 35",1.0
"4Q3/k7/1r6/Np5p/3P1N1P/1P4P1/P1P4K/3b4 w - - 3 39",1.0
"8/k7/2Q5/7p/1p1P1N1P/1P4P1/P1P4K/3b4 w - - 0 41",1.0
"8/8/k7/7p/1Q1P1N1P/1P3bP1/P1P4K/8 w - - 1 43",1.0
"8/k7/8/7b/1QPP3P/1P4P1/P6K/8 w - - 0 45",1.0
"8/k7/8/7b/1QPP3P/1P4P1/P6K/8 w - - 4 47",1.0
"8/1k6/8/7Q/2PP3P/1P4P1/P6K/8 w - - 1 49",1.0
"8/1k6/8/4Q3/P1PP3P/1P4P1/7K/8 w - - 3 51",1.0
"8/1k6/8/3PQ3/P1P4P/1P4P1/6K1/8 w - - 1 53",1.0
"8/1k6/3P4/4Q3/PPP4P/6P1/6K1/8 w - - 1 55",1.0
"3Q4/k7/8/4Q3/PPP4P/6P1/6K1/8 w - - 1 57",1.0
"r1b1kb1r/p2ppppp/n1p2n2/8/1q3B2/2N2N2/PPP1PPPP/R2QKB1R w KQkq - 2 7",1.0
"r1b1kb1r/p2ppppp/2p5/2n5/4q3/2B2N2/PPPQPPPP/R3KB1R w KQkq - 3 11",1.0
"2b1kb1r/p2ppppp/2p5/2n1B3/1r2q3/5N2/PPPQPPPP/2KR1B1R w k - 7 13",1.0
"2b1kb1r/p2pppp1/2p5/1r2B2p/n7/P2P1N2/1PP2PPP/2KR1B1R w k - 1 17",1.0
"2b1kb1r/p2pppp1/1rp5/4B2p/n1P5/P2P4/1P1N1PPP/2KR1B1R w k - 3 19",1.0
"2b1kb1r/p3ppp1/1rpp4/2n1B2p/2P5/PP1P4/3NBPPP/2KR3R w k - 1 21",1.0
"2b1kb1r/p3ppp1/1rp5/4p2p/1PP5/P2B4/3N1PPP/2KR3R w k - 0 23",1.0
"2b1k2r/p3pp2/2p3pb/4R2p/1PP5/r2B4/3N1PPP/2KR4 w k - 0 27",1.0
"2b1k2r/p3pp2/r1p3pb/4R2p/1PP1B3/8/2KN1PPP/3R4 w k - 4 29",1.0
"7r/p1bkpp2/b1p3p1/7p/1PP1B3/6P1/3N1P1P/2KR4 w - - 1 33",1.0
"2k4r/p1b1p3/b1p3p1/5p1p/1PP4P/6P1/2BN1P2/2KR4 w - - 2 35",1.0
"2k4r/pbb5/2p3p1/4pp1p/BPP4P/6P1/3N1P2/2K1R3 w - - 0 37",1.0
"2kr4/pbb5/2p3p1/2P1p2p/1P3p1P/1B4P1/3N1P2/2K1R3 w - - 0 39",1.0
"2k5/1bb5/2p5/p1P1p2B/1r5P/6P1/3N4/2K1R3 w - - 0 43",1.0
"2k5/1bb5/2p5/2P1p2B/p3N2P/6P1/8/2K5 w - - 0 45",1.0
"2k5/2b5/2p5/2P1p2B/p6P/2Nb2P1/1K6/8 w - - 4 47",1.0
"8/3k4/2p5/2P1p2P/8/2NbbBP1/1K6/8 w - - 3 51",1.0
"8/2k5/2p5/2P1pB1P/2b5/2N1b1P1/1K6/8 w - - 7 53",1.0
"8/2k1b3/2p4P/4pB2/2b3P1/2N5/1K6/8 w - - 1 55",1.0
"8/2k3bP/2p5/4pBP1/2b5/2N5/1K6/8 w - - 1 57",1.0
"8/6bP/1kp5/3bpBP1/4N3/2K5/8/8 w - - 5 59",1.0
"8/6bP/1k6/2p2BP1/2b1N3/4K3/8/8 w - - 0 63",1.0
"8/6bP/1k4P1/3b1B2/2p1NK2/8/8/8 w - - 0 65",1.0
"8/7P/1k4P1/3b1B2/2pbN3/8/4K3/8 w - - 4 67",1.0
"8/2k4P/2b3P1/5B2/2pb4/2N5/3K4/8 w - - 8 69",1.0
"8/3b3P/3k2P1/3N4/2pbB3/8/3K4/8 w - - 12 71",1.0
"8/7P/3kb1P1/4b3/2p1B3/8/3K4/3N4 w - - 16 73",1.0
"8/7P/4b1P1/2k5/2pbB3/2N5/2K5/8 w - - 20 75",1.0
"8/7P/4b1P1/4b3/1kp1B3/8/3KN3/8 w - - 24 77",1.0
"8/7P/6P1/4b3/1kb1B3/2p5/4N3/3K4 w - - 2 79",1.0
"8/7P/6P1/4b3/1kb1B3/2p5/8/2N1K3 w - - 6 81",1.0
"8/7P/6P1/2k1b3/4B3/1bp5/4NK2/8 w - - 10 83",1.0
"7Q/8/6P1/4N3/4k3/1bp5/5K2/8 w - - 1 87",1.0
"8/8/6P1/8/3Q4/1bp2N2/2k2K2/8 w - - 5 89",1.0
"8/6P1/8/8/3Q4/1bp2N2/2k5/6K1 w - - 1 91",1.0
"8/6P1/4b3/8/3QN3/2p5/1k6/6K1 w - - 5 93",1.0
"8/6P1/4Q3/8/4N3/8/2p5/2k3K1 w - - 0 95",1.0
"6Q1/8/8/8/4N1Q1/8/2p5/2k3K1 w - - 3 97",1.0
"1Q6/8/8/6Q1/4N3/8/2p5/k5K1 w - - 7 99",1.0
"r1b1kb1r/1pqpppp1/p1n2n2/2p4p/8/1PNBPN2/P1PP1PPP/R1BQ1RK1 w kq - 0 7",0.0
"r1b1kb1r/2qpppp1/ppn5/2p3Np/6n1/BPNBP3/P1PP1PPP/R2Q1RK1 w kq - 2 9",0.0
"r1bnkb1r/3pppp1/pp1q4/2p3Np/2B2Pn1/BPN1P3/P1PP2PP/R2Q1RK1 w kq - 3 11",0.0
"r2nkb1r/1bqpppp1/pp6/2p3Np/2B1NPn1/BP2PQ2/P1PP2PP/R4RK1 w kq - 7 13",0.0
"r2nkb1r/1b1pp1p1/pp4q1/2pB3p/4PP2/1P2PQ1P/PBP3P1/R4RK1 w kq - 3 19",0.0
"r2nkb1r/1b1pp1p1/1p6/p1pB1P2/P3PR1p/1P2P2P/1BP3P1/R5K1 w kq - 0 23",0.0
"r3kb2/1n1pp1p1/1p5r/p1p2P2/P3PR1p/1PB1P2P/2P3P1/R5K1 w q - 0 25",0.0
"r3k3/1n1pp3/1p2r2b/p1p5/P3P2B/1P2PR1P/2P3P1/R5K1 w q - 3 29",0.0
"r3k3/3pp3/1p1n3b/p1p5/P3r1PB/1P2PR1P/2P5/4R1K1 w q - 2 31",0.0
"2k4r/3pp3/1p1n3b/p1p5/P1P1r1PB/1P2PR1P/4R3/6K1 w - - 3 33",0.0
"2k4r/3p4/1p1n4/p1p1p1b1/P1P1r1P1/1PB1PR1P/4R3/6K1 w - - 2 35",0.0
"6r1/2kp4/1p1n4/p1p1p1b1/P1P1r1P1/1PB1PR1P/7K/4R3 w - - 6 37",0.0
"6r1/2kp4/1p1n4/p1p1p1b1/P1P1r1P1/1PB1PR1P/7K/4R3 w - - 10 39",0.0
"2kr4/3p4/1p1n4/p1p1p1b1/P1P1r1P1/1P2PR1P/3B4/4R1K1 w - - 14 41",0.0
"2k1r3/3p4/1p1n4/p1p1p1b1/P1P1r1P1/1P2PR1P/3B4/5RK1 w - - 18 43",0.0
"2kr4/3pb3/1p1n4/p1p1p3/P1P1r1P1/1P2PR1P/3B3K/5R2 w - - 22 45",0.0
"2k5/3pb3/1p1n3r/p1p1p3/P1P1r1P1/1PB1PR1P/8/5RK1 w - - 26 47",0.0
"8/1k1p4/1p1n3r/p1p1p1b1/P1P1r1P1/1PBRPR1P/8/6K1 w - - 30 49",0.0
"8/1k1p4/1p1n3r/p1p1p1b1/P1P1r1P1/1P1RPR1P/8/4B1K1 w - - 34 51",0.0
"8/1k1p4/1p1n3r/p1p1p1b1/P1P1r1P1/1P1RPR1P/8/4B1K1 w - - 38 53",0.0
"8/1k1p4/1p1n3r/p1p1p1b1/P1P1r1P1/1PBRPR1P/8/6K1 w - - 42 55",0.0
"8/2kp4/1p1n3r/p1p1p1b1/P1P1r1P1/1PBRPR1P/8/6K1 w - - 46 57",0.0
"8/1k1pb3/1p1n3r/p1p1p3/P1P1r1P1/1P1RP2P/3B4/5RK1 w - - 50 59",0.0
"8/1k1p4/1p1n2r1/p1p1p1b1/P1P1r1P1/1PBRPR1P/8/6K1 w - - 54 61",0.0
"8/1k1p4/1p1n2r1/p1pRp1b1/P1P1r1P1/1P2PR1P/3B4/6K1 w - - 58 63",0.0
"8/1k1p4/1p1n2r1/p1pRp1b1/P1P1r1P1/1P2PR1P/3B4/6K1 w - - 62 65",0.0
"8/2kp4/1p1nr3/p1pRp1b1/P1P1r1P1/1P2PR1P/3B4/6K1 w - - 66 67",0.0
"8/2kpb3/1p1n2r1/p1p1p3/P1P1r1P1/1P1RPR1P/8/2B3K1 w - - 70 69",0.0
"2k5/3pb3/1p1nr3/p1pRp3/P1P1r1P1/1P2PR1P/1B6/6K1 w - - 74 71",0.0
"2k1n3/3p4/1p2r3/p1pRp1b1/P1P1r1P1/1P2PR1P/3B4/6K1 w - - 78 73",0.0
"2k5/3p4/1p1n4/p1p1p1b1/P1P1r1P1/1P2PR1P/3B4/6K1 w - - 0 75",0.0
"8/2kp4/1p1n4/p1p1p1b1/P1P1r1P1/1P2PR1P/3B4/6K1 w - - 4 77",0.0
"8/1k1p4/1p6/p1p1p1b1/P1P3P1/4PR1P/3n2K1/8 w - - 0 81",0.0
"8/1k1p4/1p6/p1p1R3/P1n3P1/4b2P/6K1/8 w - - 0 83",0.0
"8/4R3/1pk5/p1pp4/P1n3PP/4b3/6K1/8 w - - 0 85",0.0
"8/5R2/1p2k3/p1pp2P1/P1n4P/4b3/6K1/8 w - - 3 87",0.0
"8/8/1p4R1/p1p2kP1/P1np3P/4b3/6K1/8 w - - 2 89",0.0
"8/8/1p3RPb/p1p5/P1np2kP/8/6K1/8 w - - 1 91",0.0
"8/5R2/1p4Pb/p1p2n2/P2p2kP/8/8/6K1 w - - 5 93",0.0
"8/3R4/1p4Pb/p1p2n1P/P5k1/8/3p4/6K1 w - - 0 95",0.0
"8/8/1p4Pb/p1pR3P/P2n2k1/8/5K2/3q4 w - - 0 97",0.0
"r1b1kb1r/p2ppppp/2p2n2/q7/8/2N1B3/PPP1PPPP/R2QKB1R w KQkq - 2 7",1.0
"r1b1kb1r/p2p1ppp/8/3pp3/8/4B3/PPP1PPPP/R1K2B1R w kq - 0 11",1.0
"r3kb1r/pb1p1ppp/8/4p1B1/3p2P1/8/PPP1PP1P/R1K2B1R w kq - 2 13",1.0
"r4rk1/pb1p1ppp/3b4/4p1B1/P2p2P1/5P2/1PP1P2P/R1K2B1R w - - 1 15",1.0
"r4rk1/p2p2pp/P2b1p2/3bp1B1/3p2P1/5P2/1PP1P2P/R1K2B1R w - - 0 17",1.0
"1r3rk1/p2p2pp/P1bb1p2/R3p3/3p2P1/5P2/1PPBP2P/2K2B1R w - - 4 19",1.0
"1r3rk1/p2p2pp/P2b1p2/R7/3pb1PP/8/1PPBP3/2K2B1R w - - 0 21",1.0
"1rr3k1/p2p2pp/P4p2/R3b3/3pb1PP/2P4R/1P1BP3/2K2B2 w - - 1 23",1.0
"7k/p2p2pp/P4p2/R5bP/2B1b3/1K2P2R/2r5/8 w - - 2 31",1.0
"7k/p2p2pp/P4p2/R2B2bP/4P3/1K1b3R/3r4/8 w - - 1 33",1.0
"7k/p2p2pp/P4p2/3B3P/4Pb2/2K4R/3rb3/R7 w - - 5 35",1.0
"6k1/p2p2pp/P4p2/7P/4P2R/1K6/8/8 w - - 1 47",1.0
"8/p2p1kp1/P4p1p/4P2P/5R2/1K6/8/8 w - - 0 49",1.0
"8/p2p2p1/P3k2p/4Pp1P/2K2R2/8/8/8 w - - 2 51",1.0
"8/p5p1/Pk5p/4R2P/3K4/8/8/8 w - - 3 55",1.0
"8/p3R3/k6p/2K3pP/8/8/8/8 w - g6 0 57",1.0
"8/p3R1P1/k7/2K5/7p/8/8/8 w - - 0 59",1.0
"r1b1kb1r/ppqppppp/5n2/4n3/3N1B2/2N5/PPP1PPPP/R2QKB1R w KQkq - 5 7",0.0
"r1b1kb1r/1p1ppppp/5n2/p3q3/3N4/2N3P1/PPP1PPBP/R2Q1RK1 w kq - 2 11",0.0
"r1b1kb1r/1p1ppp2/5np1/p3qN1p/8/2NQ2P1/PPP1PPBP/R4RK1 w kq - 0 13",0.0
"r1b1kb1r/1p1ppp2/5np1/p3q3/P6P/2NQN1P1/1PP1P1B1/R4RK1 w kq - 1 17",0.0
"r1b1k2r/1p1pppb1/5Rp1/p3Q3/P1q4P/2N3P1/1PP1P1B1/R5K1 w kq - 3 21",0.0
"r1b1k2r/1p1p1p2/4p1p1/p7/P2b3P/2N3P1/1PP1PRB1/5RK1 w kq - 0 25",0.0
"r3k2r/1p1b4/4p1p1/p2p1p2/P6P/2NBP1P1/1PP2R2/6K1 w kq - 1 29",0.0
"3r3r/1p3k2/4p1p1/pP3p2/2B4P/4P1P1/1P3R2/6K1 w - - 1 33",0.0
"2r4r/1p3k2/4p1p1/1P3p2/p1B4P/1P2P1P1/5R1K/8 w - - 0 35",0.0
"1r6/Rp2k3/1P2p3/5p2/2B5/1P2P3/1r6/4K3 w - - 1 43",0.0
"1r6/Rp2k3/1P2p3/5p2/2B5/1P2P2r/8/2K5 w - - 5 45",0.0
"1r6/RP6/4pk2/8/1P6/3r4/1K6/8 w - - 1 51",0.0
"8/1r6/5k2/1P2p3/2K5/8/8/8 w - - 0 55",0.0
"1r6/8/2K2k2/1P6/4p3/8/8/8 w - - 0 57",0.0
"8/2K5/5k2/1r6/8/4p3/8/8 w - - 0 59",0.0
"8/3K4/5k2/8/8/8/1r2p3/8 w - - 0 61",0.0
"8/8/2K1k3/8/8/8/1r6/4q3 w - - 2 63",0.0
"r1b1kb1r/1pqppp1p/p1n3p1/8/2pPB3/4PN2/PPP2PPP/R1BQ1RK1 w kq - 0 9",1.0
"r1b1kb1r/1p1pp2p/p1q3p1/5p2/2pP4/4PN2/PPP1QPPP/R1B2RK1 w kq - 0 11",1.0
"r1b1kb1r/1p1pp2p/p5p1/5p2/2NPq3/4P3/PPP1QPPP/R1B2RK1 w kq - 1 13",1.0
"1rb1kb1r/1p1pp2p/pN4p1/8/1P1Pqp2/4P3/P1P1QPPP/R1B2RK1 w k - 0 15",1.0
"2r1kb1r/3pp2p/p1p3p1/8/1P1P4/4PP2/P1P2P1P/R1B2RK1 w k - 0 19",1.0
"2r2rk1/3pp1bp/p1p3p1/8/PP1P4/4PP2/2PB1P1P/R4RK1 w - - 1 21",1.0
"1r3rk1/3pp2p/p1p2bp1/8/PPPP1P2/4P3/3B1P1P/R4RK1 w - - 1 23",1.0
"1r3rk1/4p2p/p4bp1/P2p4/1P1P1P2/4P3/3B1P1P/R4RK1 w - - 0 25",1.0
"6k1/7p/p3pbp1/P1Pp4/3P1P2/4P3/1r1B1P1P/3R2K1 w - - 0 29",1.0
"8/5k1p/p3pbp1/P1Pp4/3P1P2/4P3/2r2P1P/1R2B1K1 w - - 4 31",1.0
"8/5k2/R3pbp1/P1Pp4/3P1P1p/4P3/2r2P1P/4B1K1 w - - 0 33",1.0
"8/R3bk2/P3p1p1/2Pp4/3P1P1p/4P3/5P1P/2r1B1K1 w - - 1 35",1.0
"8/1R2bk2/P3p1p1/2Pp4/3P1P2/4P2p/2r2P1P/4BK2 w - - 2 37",1.0
"8/PR2bk2/2P1p1p1/3p4/r2P1P2/4P2p/5P1P/4BK2 w - - 1 39",1.0
"8/R1P1b3/4pkp1/3p4/3P1P2/4P2p/5P1P/4BK2 w - - 1 41",1.0
"2Q5/6R1/8/3pp3/3P3k/4P2p/5P1P/4BK2 w - - 0 45",1.0
"r1bq1rk1/1ppp1ppp/2nbpn2/p7/P7/2NBPN2/1PPP1PPP/R1BQ1RK1 w - - 0 7",1.0
"r1bq1r2/1ppp1kpp/4pn2/p7/P7/4PN2/1PPP1RPP/R1BQ2K1 w - - 0 11",1.0
"r1bq1rk1/1ppp2pp/4p3/p7/P2P2n1/3QPN2/1PP2RPP/R1B3K1 w - - 3 13",1.0
"r1bq1rk1/1pp3pp/4pn2/p2p4/P2P4/3QPN1P/1PP3P1/R1B2RK1 w - - 1 15",1.0
"r1b2rk1/1pp3pp/4pn2/p2p2N1/P2P4/3QP1qP/1PPB2P1/R4RK1 w - - 5 17",1.0
"r1b2rk1/1pp3p1/4pn1p/p2p2N1/P2PP3/3P3P/1P1B2P1/R4RK1 w - - 0 19",1.0
"r1br2k1/6p1/1p2pn2/p3N3/P3P3/3p3P/1P1B2P1/4RRK1 w - - 0 25",1.0
"r5k1/6p1/bp2p3/p7/r3n3/2BNRR1P/1P4P1/6K1 w - - 0 29",1.0
"2r3k1/4R1p1/8/p7/np6/5R1P/6P1/6K1 w - - 2 35",1.0
"2r4k/4R1R1/8/2n4P/1p6/p7/6P1/6K1 w - - 0 39",1.0
"2r2k2/6RR/8/2n4P/1p6/p7/6P1/6K1 w - - 4 41",1.0
"rnb1kb1r/2qppp1p/p4np1/1pp5/2B5/2N1PN2/PPPP1PPP/R1BQ1RK1 w kq - 0 7",0.0
"r1b1kb1r/2qppp1p/p1n3p1/1ppB4/8/4PN2/PPPP1PPP/R1BQ1RK1 w kq - 1 9",0.0
"r1b1kb1r/2q2p1p/p1n1p1p1/1ppp4/3PB3/4PN2/PPP2PPP/R1BQ1RK1 w kq - 0 11",0.0
"r1b1kb1r/2q2p2/p1n1p1p1/1p1p3p/2pP4/4PN2/PPP1BPPP/R1BQ1RK1 w kq - 0 13",0.0
"r1b1kb1r/2q2p2/p1n1p1p1/3p3p/Pp1P4/1Pp1PN2/2P1BPPP/R1BQ1RK1 w kq - 0 15",0.0
"r4rk1/2qbbp2/p1n1p1p1/4N2p/Pp1PB3/1Pp5/2P2PPP/R1BQ1RK1 w - - 3 19",0.0
"5rk1/3r1p2/p2qp1p1/P7/1p1P3p/1Pp5/2P1QPPP/R4RK1 w - - 0 25",0.0
"1r4k1/3r1p2/p2qp3/P5p1/Rp1P3p/1Pp5/2P1QPPP/3R2K1 w - - 2 27",0.0
"3r2k1/5p2/p2qp3/Pr4p1/1pQP3p/1Pp5/2P2PPP/R2R2K1 w - - 6 29",0.0
"3r2k1/5p2/p3p3/Pr6/Rp1P1qpp/1Pp5/2P1QPPP/3R2K1 w - - 2 31",0.0
"6k1/5p2/p7/P3p3/Rp1r4/1Pp3Pp/2P4P/4K3 w - - 0 39",0.0
"6k1/5p2/p7/P3p3/1R6/1Pp3Pp/7r/5K2 w - - 0 43",0.0
"2R5/5pk1/p7/P3p3/8/1P4Pp/2p4r/5K2 w - - 0 45",0.0
"8/5pk1/p1R5/P3p3/8/1P4P1/2p3rp/4K3 w - - 0 47",0.0
"r1b1kbr1/ppp1pppp/3q1n2/3p4/1n6/4PN2/PPPPBPPP/RNBQ1RK1 w q - 2 7",0.0
"r1b1kbr1/ppp1pppp/1q6/1N1p4/1n2n3/4PN2/PPPPBPPP/R1BQ1RK1 w q - 6 9",0.0
"r1b1kbr1/pp3ppp/1qp5/1N1pp3/4n3/2P1P3/PP1PBPPP/R1BQ1RK1 w q - 0 13",0.0
"r3k1r1/ppq2p1p/2p1b1p1/3pp3/4n3/P1PBP3/P2P1PPP/1RBQ1RK1 w q - 2 17",0.0
"2kr2r1/ppq2p1p/2p3p1/3ppb2/4n3/P1PBP3/P2PQPPP/1RB2RK1 w - - 6 19",0.0
"1k1r2r1/pp2qp1p/2p3p1/3ppb2/P3n3/2PBPQ2/P2P1PPP/1RB2RK1 w - - 1 21",0.0
"1k1r2r1/pp3p1p/B1p3p1/2nppb2/P6q/2P1PQ2/PR1P1PPP/2B2RK1 w - - 5 23",0.0
"1k1r2r1/pp3p1p/1np3p1/3p1b2/1R2p3/2P1P1P1/P2PB1PP/2B2RK1 w - - 2 27",0.0
"1k1r2r1/pp3p1p/1n2b1p1/1R1p4/2p3P1/2PBP3/P5PP/2B2RK1 w - - 0 31",0.0
"1k1rr3/pp3p2/1n2b1pp/1R1p4/2p3P1/B1P1P3/P3B1PP/5RK1 w - - 2 33",0.0
"k2rr3/pp3p2/4bRpp/1R1p4/nBp3P1/2P1P3/P3B1PP/6K1 w - - 6 35",0.0
"k2rr3/1p3p2/p3bRpp/R1Bp4/2p3P1/2P1P3/Pn2B1PP/6K1 w - - 0 37",0.0
"k3r3/1p1r1p2/pB2bRpp/R2p4/P1p3P1/2PnP3/4B1PP/6K1 w - - 1 39",0.0
"2k1r3/1p1r1p2/p3b1pp/R2p4/P1pB2P1/2PnP3/4B1PP/5RK1 w - - 5 41",0.0
"2k5/1p5r/p5p1/R2prbB1/P1p5/2PnP3/4B1PP/5RK1 w - - 3 45",0.0
"2k5/1p1r4/p3b1p1/R2pr1B1/P1p3PP/2PnP3/4B3/5RK1 w - - 1 47",0.0
"5R2/1pkr4/p3b1p1/R2pr1B1/P5PP/2PpP3/8/6K1 w - - 0 49",0.0
"8/3r4/pk4p1/3pB3/P5bP/2P1P3/3p4/5RK1 w - - 0 53",0.0
"8/3r4/p5p1/1k1pB3/6bP/2P1P3/3p4/R5K1 w - - 2 55",0.0
"8/7r/p1k3p1/3p4/7P/2P1P3/7B/3b1K2 w - - 2 59",0.0
"8/7r/2k3p1/p2p4/6bP/2P1P1B1/8/4K3 w - - 2 61",0.0
"8/7r/2k3p1/3p4/6bP/p1P1P3/3K1B2/8 w - - 0 63",0.0
"8/1r6/2k3p1/3p4/6bP/2P1P3/p7/2K1B3 w - - 0 65",0.0
"rn2kb1r/ppq1pppp/8/2pp1b2/4n3/1P1BPN2/P1PPQPPP/RNB2RK1 w kq - 3 7",1.0
"2k2b1r/pp2pppp/2nr4/2p5/8/1PP1PN2/P1P2PPP/R1BR2K1 w - - 0 13",1.0
"2k2b1r/pp4pp/2nr4/5pN1/1P2p3/4P3/P1PB1PPP/R2R2K1 w - - 0 17",1.0
"2k2b1r/1p4pp/p2n4/1P3pN1/P3p3/2B1P3/2P2PPP/R5K1 w - - 0 21",1.0
"2k2b1r/1p4p1/pP1nN3/5p2/P3p2p/2B1P3/2P2PPP/R5K1 w - - 0 23",1.0
"2k5/1p2b1Br/pP1nN3/5p2/P3p2p/4P3/2P2PPP/3R2K1 w - - 1 25",1.0
"2k5/1pB1b3/pP6/5p1r/P1nNp3/4P3/2P2P1P/3R2K1 w - - 2 29",1.0
"2k5/1pB1b3/pP3r2/5p2/P1nNp3/4P3/2P2P1P/3R2K1 w - - 6 31",1.0
"2k5/1p6/p5r1/2b2N2/P3p2P/4P3/2P2P2/3R1K2 w - - 3 35",1.0
"2k5/8/p5r1/2p2N2/P3p2P/4P3/2P2P2/5K2 w - - 0 37",1.0
"8/8/pk4N1/2p5/P3p2P/4P3/2P2P2/5K2 w - - 1 39",1.0
"8/8/p5NP/2p5/k3p3/4P3/2P2P2/5K2 w - - 0 41",1.0
"7Q/8/6N1/pkp5/4p3/4P3/2P2P2/5K2 w - - 1 43",1.0
"8/k7/6N1/p1p5/4Q3/4P3/2P2P2/5K2 w - - 1 45",1.0
"8/2k5/8/p1p5/2N1Q3/4P3/2P2P2/5K2 w - - 5 47",1.0
"8/2k5/8/p1p5/2N1Q3/4P3/2P2P2/5K2 w - - 9 49",1.0
"3k4/8/4Q3/N1p5/2P5/4P3/5P2/5K2 w - - 1 53",1.0
"1k6/8/4Q3/2N2P2/2P5/4P3/8/5K2 w - - 1 57",1.0
"r1b1kb1r/ppqppppp/5n2/8/1n1N3P/1PN5/P1P1PPP1/R1BQKB1R w KQkq - 1 7",0.0
"r1b1kb1r/pp1ppppp/8/qN6/1n2n2P/1PN5/P1P2PP1/R1BQKB1R w KQkq - 0 9",0.0
"r1b2k1r/pp3ppp/4p3/3p4/2B4P/1P6/P4PP1/3R2KR w - - 0 17",0.0
"r1b3kr/pp3ppp/8/3pp2P/8/1P1B4/P4PP1/3R2KR w - - 0 19",0.0
"r5kr/pp4pp/4p3/4R2P/8/1P1p4/P4PP1/6KR w - - 0 23",0.0
"3r2kr/pp4pp/4p3/7P/8/1P5R/P2p1PP1/4R1K1 w - - 0 25",0.0
"6kr/p5pp/4p3/1p1r3P/8/1P2R3/P2p1PP1/3R2K1 w - - 2 27",0.0
"7r/p4kpp/4R3/1p5r/8/1P6/P2p1PP1/3R2K1 w - - 1 29",0.0
"8/p4kpp/8/1p6/8/1P6/P3rPP1/3R2K1 w - - 3 33",0.0
"8/5kpp/p7/8/P7/8/4rPP1/3R2K1 w - - 0 35",0.0
"8/6p1/p3k3/P6p/5P2/8/4r1P1/3R2K1 w - - 1 37",0.0
"1R6/4k1p1/p7/P7/5P1p/8/4r1P1/6K1 w - - 0 39",0.0
"8/1R4p1/p4k2/P4P2/7p/8/r5P1/6K1 w - - 3 41",0.0
"8/8/R7/P4kp1/7p/8/r5P1/6K1 w - - 0 43",0.0
"8/R7/P7/6p1/7p/6k1/r5P1/6K1 w - - 1 47",0.0
"R7/8/P7/8/6pp/6k1/6r1/5K2 w - - 0 49",0.0
"8/8/P7/8/6pp/1R6/r6k/5K2 w - - 4 51",0.0
"8/8/P7/8/5kpp/1R6/r7/5K2 w - - 8 53",0.0
"8/8/P7/8/6pp/1R6/r6k/5K2 w - - 12 55",0.0
"8/8/PR6/8/7p/6pk/r7/5K2 w - - 0 57",0.0
"8/8/P7/8/7p/8/r5pk/1R2K3 w - - 0 59",0.0
"r1bq1rk1/pppppp1p/1n4p1/8/2PP4/P4NPB/1P2PP1P/R1Q2RK1 w - - 1 11",1.0
"r1bq1rk1/pppppp1p/5np1/2P5/3PP3/P4NPB/1P3P1P/R1Q2RK1 w - - 1 13",1.0
"r1b1kb1r/ppp1pppp/2n5/3q2N1/4p3/BP6/P1PPPPPP/R2QKB1R w KQkq - 2 7",0.0
"r3kb1r/p1p1pppp/b1n5/1p1q2N1/4p2P/BP6/P1PPPPP1/2RQKB1R w Kkq - 2 9",0.0
"r3kb1r/p1pbpppp/2n5/3q2N1/1p5P/1P1P4/PBQ1PPP1/2R1KB1R w Kkq - 3 13",0.0
"r3kb1r/2pbpppp/2n5/p5N1/1pR4P/1P1P4/PB2PPP1/4KB1R w Kkq - 0 15",0.0
"5b1r/2pkppp1/2n4p/7P/2R5/1p1P4/r3PPP1/2B1KB1R w K - 0 21",0.0
"5b1r/2pkppp1/2n4p/7P/2R5/1p1P4/r3PPP1/2B1KB1R w K - 4 23",0.0
"5b1r/2pkp1p1/5p1p/4n2P/5R2/3P2P1/1r2PPB1/4K2R w K - 2 27",0.0
"5b1r/2p3p1/4pp1p/3k3P/4RP2/3P2P1/3KP3/8 w - - 2 33",0.0
"7r/2p3p1/2k1pp1p/2b4P/R3PP2/3P2P1/3K4/8 w - - 1 35",0.0
"1r6/2pk2p1/R3pp1p/2b4P/4PPP1/3P4/3K4/8 w - - 3 37",0.0
"8/2p3p1/4pp1p/1k5P/1b1PPPP1/3K4/8/8 w - - 2 41",0.0
"8/6p1/2k2p1p/2b2P1P/6P1/2K5/8/8 w - - 2 45",0.0
"8/6p1/5p1p/2b2P1P/4k1P1/2K5/8/8 w - - 6 47",0.0
"8/6p1/5p1p/5P1P/2K2kP1/8/8/6b1 w - - 10 49",0.0
"8/6p1/4Kp1p/5P1k/8/8/8/6b1 w - - 0 51",0.0
"8/6K1/5p2/5Pkp/8/8/8/6b1 w - - 0 53",0.0
"5K2/8/5p2/5Pk1/8/7p/8/6b1 w - - 0 55",0.0
"8/3K4/5p2/5Pk1/3b4/8/7p/8 w - - 2 57",0.0
"8/2K5/5p2/3q1Pk1/3b4/8/8/8 w - - 2 59",0.0
"r1b1kb1r/pp1ppppp/5n2/qN6/Pn5P/1PN5/2P1PPP1/R1BQKB1R w KQkq - 3 9",0.0
"r1b1kb1r/pp1ppppp/8/8/PnB4P/1Pq5/2P2PP1/R1BQ1K1R w kq - 0 13",0.0
"r1b2k1r/pp1p1ppp/4p3/8/P1B4P/1P6/5PP1/3R1K1R w - - 0 17",0.0
"r1b4r/pp2kppp/4p3/3p4/P1BR3P/1P6/5PP1/5K1R w - - 0 19",0.0
"2r4r/pp1bkppp/4p3/3p4/P2R3P/1P1B4/5PP1/6KR w - - 4 21",0.0
"7r/pp1bkppp/4p3/P2p4/3R3P/1PrB4/5PPK/7R w - - 3 23",0.0
"7r/pp1b1kpp/4pp2/P2p4/1P1R3P/2rB4/5PPK/4R3 w - - 2 25",0.0
"6kr/1p1b2pp/p3pp2/P2p3P/1P1R4/2rB4/5PP1/4R1K1 w - - 0 27",0.0
"6kr/1prb2pp/p3pp2/P2p3P/1P1R1PP1/3B4/8/4R1K1 w - - 1 29",0.0
"6kr/1p1b2pp/p1r1p3/P2p1pPP/1P1R1P2/3B4/8/R5K1 w - - 2 31",0.0
"6kr/3b2pp/pr2p3/3p1pPP/1P1R1P2/3B4/8/1R4K1 w - - 0 33",0.0
"7r/5kpp/prb1p3/3p1pPP/1P1R1P2/8/4B3/2R3K1 w - - 4 35",0.0
"r7/7p/p3p2k/1r1p1p2/5P2/8/3R4/R5K1 w - - 0 41",0.0
"4r3/6kp/p3p3/1r1p1p2/5P2/8/7R/4R1K1 w - - 4 43",0.0
"8/7p/p3pkrR/3p1p2/1r3P2/8/8/4RK2 w - - 12 47",0.0
"8/7p/4pkr1/3p1p2/pr3P1R/8/8/2R2K2 w - - 0 49",0.0
"8/7R/4pk2/3p1p2/5Pr1/r7/4K3/8 w - - 6 57",0.0
"8/7R/3kp3/3p1p2/5Pr1/r7/4K3/8 w - - 10 59",0.0
"8/8/1R2p3/3k1p2/3p1Pr1/r7/4K3/8 w - - 2 61",0.0
"8/8/2k1p3/5p2/5P2/r5r1/3p1K2/1R6 w - - 0 65",0.0
"8/8/2k1p3/5p2/5P2/7r/r2pK3/3R4 w - - 4 67",0.0
"8/8/2k1p3/5p2/5P2/4r3/1r1p2K1/3R4 w - - 8 69",0.0
"8/8/2k5/4pp2/3r4/4K3/1r1p4/3R4 w - - 0 73",0.0
"8/8/2k5/4p3/3r1pK1/8/r2p4/3R4 w - - 2 75",0.0
"8/8/8/3kp3/1r3pK1/8/r2p4/3R4 w - - 6 77",0.0
"8/8/8/4p3/1r2kpK1/8/2rp4/3R4 w - - 10 79",0.0
"8/8/8/4p3/1r2kpK1/8/8/2q5 w - - 0 81",0.0
"8/8/8/4p3/4kp1K/8/6r1/2q5 w - - 4 83",0.0
"r1b1kb1r/1p1pppp1/1qn2n2/p1p4p/8/2N2NPB/PPPPPP1P/R1BQ1RK1 w kq - 0 7",1.0
"r1b1k2r/1p1pppb1/1qn2np1/p1p4p/P7/2NP1NPB/1PP1PP1P/R1BQ1RK1 w kq - 1 9",1.0
"r1b2rk1/1p1pppb1/2n2np1/pNp4p/Pq2P3/3P1NPB/1PP2P1P/R1BQ1RK1 w - - 3 11",1.0
"r1bn1rk1/1p1pppb1/5np1/pPp4p/4P3/2PP1NPB/1P3P1P/R1BQ1RK1 w - - 1 13",1.0
"r1br2k1/4ppb1/1p2pnp1/pPp3Bp/4P3/1QPP1NP1/1P3P1P/R4RK1 w - - 2 17",1.0
"3r2k1/r2bppb1/1p2pnp1/pPp4p/4PB2/1QPP1NP1/1P3P1P/R2R2K1 w - - 6 19",1.0
"4r1k1/3bppb1/1pN1p1p1/1Pp4p/Q3PBn1/2PP2P1/1P3P1P/3R2K1 w - - 1 23",1.0
"4r1k1/2P2pb1/8/2Q1p2p/4Pp2/2PP1K2/1P3P1P/3R4 w - - 0 31",1.0
"2Q5/5pbk/8/4p2p/4Pp2/2PP1K2/1P3P1P/3R4 w - - 1 33",1.0
"6k1/5pb1/8/4pQ2/4Pp1p/2PP1K2/1P3P1P/6R1 w - - 0 35",1.0
"r1bqkb1r/pp1pppp1/5n2/2p4p/8/2N2PPB/PPPP1P1P/R1BQ1RK1 w kq - 0 7",0.0
"r1b1kb1r/ppqpppp1/5n2/2p5/6Pp/2N2P1B/PPPPQP1P/R1B2RK1 w kq - 1 9",0.0
"r1b1kb1r/pp1pppp1/3q4/2pN2Pn/7p/5P1B/PPPPQP1P/R1B2RK1 w kq - 3 11",0.0
"r1b1kb1r/pp1p1p2/3qp1p1/2pN2Pn/4Q2p/5P1B/PPPP1P1P/R1B1R1K1 w kq - 0 13",0.0
"r1bk1b1r/pp1p1p2/4p1p1/2p3Pn/2P1Qq1p/2N2P1B/PP1P1P1P/R1B1R1K1 w - - 3 15",0.0
"r1bk1b1r/pp1p1pn1/4p1p1/2p3P1/2P1R2p/2NP1P1B/PP3P1P/R1B3K1 w - - 1 17",0.0
"r1bk3r/pp1p1pb1/4p3/1Np2pP1/2P2B2/3P1P1p/PP2RP1P/R5K1 w - - 0 21",0.0
"N1bk3r/pp1p1pb1/8/2p2pP1/2P2p2/3P1P1p/PP2RP1P/R5K1 w - - 0 23",0.0
"N2k2r1/pb1p1p2/8/1Pp2pP1/3b1p2/3P1P1p/PP2RP1P/4R1K1 w - - 3 27",0.0
"3k2r1/p2p1p2/8/1Pp2pP1/3b1p2/1P1P1b1p/P3RP1P/4RK2 w - - 0 29",0.0
"3k4/p2p1R2/8/1Pp2pr1/5p2/1P1P3p/P2b1PbP/2R3K1 w - - 0 33",0.0
"6r1/p2pk3/8/1Pp2p2/5p2/1P1P3p/P2b1PbP/2R3K1 w - - 0 35",0.0
"6r1/p2pk3/8/1Pp2p2/5p2/PP1P3p/3b1PbP/6K1 w - - 1 37",0.0
"r1b1kb1r/pp1ppp2/1qn2np1/2p4p/8/1PN2NPB/P1PPPP1P/R1BQ1RK1 w kq - 0 7",1.0
"r1b1kb1r/pp1ppp2/2n3p1/2p4p/1q4n1/1PNP1NPB/P1PBPP1P/R2Q1RK1 w kq - 3 9",1.0
"N1bk3r/pp1pppb1/q1n3p1/2p4p/6n1/1PPP1NPB/P2BPP1P/R2Q1RK1 w - - 1 13",1.0
"N1bk3r/pp1ppp2/q4bp1/2p1n2p/P5n1/1PPP1NPB/2QBPP1P/R4RK1 w - - 3 15",1.0
"N1bk3r/pp1ppp2/q1n2bp1/3Q4/P2N4/1PP3P1/3BPP2/R4RK1 w - - 3 21",1.0
"N1bk3r/pp2pp2/q2p1bp1/1N1Qn3/P1P5/1P4P1/3BPP2/R4RK1 w - - 0 23",1.0
"2bk3r/1pN1pp2/p1qp1bp1/1N1Qn3/P1P5/1P2B1P1/4PP2/R4RK1 w - - 0 25",1.0
"3k4/4pp2/2ppbnp1/8/P1PN1P2/1P4Pr/4P3/R4RK1 w - - 2 31",1.0
"8/3kpp2/2Npbnp1/7r/P1P2P2/1P4P1/4P1K1/R4R2 w - - 1 33",1.0
"8/3k1p2/5np1/4p2r/P1PN4/1P3KP1/4P3/5R2 w - - 0 37",1.0
"8/3k1p2/P5p1/1N2p3/2P5/6P1/4P3/n3K3 w - - 1 43",1.0
"8/P2k1p2/6p1/1N6/2P1p3/6P1/2n1PK2/8 w - - 0 45",1.0
"8/3k4/6p1/1N6/Q1P2P2/4p3/4P3/n4K2 w - - 1 49",1.0
"8/5k2/6p1/1N6/2P2P2/4p3/4P3/Q4K2 w - - 1 51",1.0
"8/5k2/6p1/1N6/2P2P2/4Q3/4P3/5K2 w - - 1 53",1.0
"8/2P2k2/8/1N4P1/8/4Q3/4P3/5K2 w - - 1 57",1.0
"2Q1Q3/7k/8/1N4P1/8/8/4P3/5K2 w - - 3 59",1.0
"r1q1kb1r/pp2pppp/2n2n2/2p5/3p4/2N2NP1/PPPPPP1P/R1BQ1RK1 w kq - 0 7",1.0
"r3kb1r/p3pppp/1pn2n2/2p5/N2p4/3P1NPq/PPP1PP1P/R1BQ1RK1 w kq - 1 9",1.0
"r3kb1r/p4pp1/1pn2n1p/2p1p3/N2pP3/3P1NP1/PPP2P1P/R1BR2K1 w kq - 0 13",1.0
"2r2rk1/p4pp1/1p1b1n1p/4p3/N1PpP3/P2P1NP1/5P1P/1R1R2K1 w - - 3 19",1.0
"2r1r1k1/p4pp1/1p1b1n2/1R2p2p/N1PpP3/P2P1NP1/5P1P/1R4K1 w - - 0 21",1.0
"2r1r1k1/p4pp1/1p1b1n2/1R2p1Np/N1PpP3/P2P2PP/5P2/1R4K1 w - - 3 23",1.0
"4r1k1/p4pp1/1p1b4/1R2p2p/N1rpP3/P4NPP/5P2/1R4K1 w - - 0 25",1.0
"4r1k1/p5p1/1p1b1p2/1R2p2p/3pP3/P1r2NPP/1N3PK1/1R6 w - - 0 27",1.0
"3r2k1/p7/1p1b1p2/3Rp1pp/P2pP3/2r2NPP/1N3PK1/1R6 w - - 2 29",1.0
"3r2k1/2b5/1p3p2/p2Rp3/P1NpP1p1/2r3P1/3N1PK1/7R w - - 0 33",1.0
"3r1k2/2b5/1p3p2/pR2p3/P1N1P1pR/2rp2P1/3N1PK1/8 w - - 2 35",1.0
"6k1/r7/5p2/3Rp3/2N1P1p1/6P1/3N1PK1/8 w - - 3 47",1.0
"5k2/6r1/5p2/3Rp3/4P1p1/4N1P1/3N1P2/6K1 w - - 7 49",1.0
"8/6k1/3R1pr1/3Np3/4P1p1/6P1/3N1P2/6K1 w - - 11 51",1.0
"8/3RN3/5p1k/4p1r1/4P1p1/6P1/3N1P2/6K1 w - - 15 53",1.0
"8/6k1/3R1p2/3Np1r1/4P1p1/6P1/3N1P2/6K1 w - - 19 55",1.0
"6k1/8/5R2/3Np2r/2N1P1p1/6P1/5P2/6K1 w - - 3 59",1.0
"8/5k2/8/3Np2r/2N1P1R1/6P1/5P2/6K1 w - - 1 61",1.0
"8/5k2/8/3Np2r/2N1P1R1/6P1/5P2/6K1 w - - 5 63",1.0
"8/8/6k1/3Np3/2N1P2P/8/5P2/6K1 w - - 1 65",1.0
"8/7k/8/3NN3/4PP1P/6K1/8/8 w - - 1 69",1.0
"8/7k/5P2/3NN3/4P2P/6K1/8/8 w - - 1 71",1.0
"8/5P2/5k2/4N3/4PN1P/6K1/8/8 w - - 3 73",1.0
"3Q4/8/8/8/4kN1P/6K1/8/8 w - - 0 75",1.0
"r3kb1r/pp2pppp/5n2/3p4/2qQ4/2N3P1/PPP1PP1P/R1B1K2R w KQkq - 1 9",1.0
"1r2kb1r/4pppp/5n2/pN1p4/3B4/6P1/PPP1PP1P/2KR3R w k - 1 13",1.0
"2r1kb1r/5ppp/4pn2/pN1pB3/P7/6P1/1PP1PP1P/2KR3R w k - 2 15",1.0
"2r1kb1r/5ppp/4pn2/pN1p4/P2B1P2/6P1/1PP1P2P/2KR3R w k - 3 17",1.0
"4k2r/N4p1p/4pp2/p2p4/Pb2rP1P/1P4P1/2P1P3/2KR3R w k - 1 21",1.0
"4k1r1/5p1p/4pp2/3p4/Pp2rP1P/1P4P1/2P1P3/2KR3R w - - 0 23",1.0
"4k1r1/5p1p/4pp2/P2p4/1p3P1P/1P1R2P1/2P3r1/2K4R w - - 1 25",1.0
"2r5/3k1p1p/5p2/P2pp3/1R3P1P/1P4P1/2rRK3/8 w - - 0 31",1.0
"2r5/P1k2p2/5p1p/3p4/1R2pPPP/1P6/3K4/8 w - - 0 35",1.0
"rk6/5R2/7p/3p4/4pPPP/1P6/3K4/8 w - - 1 39",1.0
"k7/8/7p/3p4/4pPPP/1P6/3K4/8 w - - 0 41",1.0
"8/8/2k4p/3p1P2/4p1PP/1P2K3/8/8 w - - 1 43",1.0
"8/2k5/7p/3p1P2/1P1Kp1PP/8/8/8 w - - 1 45",1.0
"8/8/3k4/3p1PP1/1P1Kp3/8/8/8 w - - 1 47",1.0
"8/3k4/5P2/1P4P1/3K4/8/8/8 w - - 1 51",1.0
"8/8/1P2kPP1/8/3K4/8/8/8 w - - 1 53",1.0
"5Q2/8/1P4k1/8/3K4/8/8/8 w - - 0 55",1.0
"8/8/1P3k2/7Q/3K4/8/8/8 w - - 4 57",1.0
"1Q6/4k3/8/7Q/3K4/8/8/8 w - - 1 59",1.0
"r1bqkb1r/1pp1pppp/5n2/p7/1np5/2N2N2/PP1PPPPP/RQB1KB1R w KQkq - 0 7",1.0
"r1bqkb1r/1pp1pppp/1n3n2/p7/2p1P3/P1N2N2/1P1P1PPP/RQB1KB1R w KQkq - 1 9",1.0
"r2qkb1r/1pp1pppp/1n2bn2/8/p1p1P3/P1N2N2/1P1PBPPP/RQB2RK1 w kq - 0 11",1.0
"r1q1kb1r/1pp1pppp/1n2b3/4P3/p1p1Q1n1/P1N2N2/1P1PBPPP/R1B2RK1 w kq - 3 13",1.0
"4kb1r/1pp1ppp1/1n2q3/r3P2p/p1p1Q3/P1N5/1P1PBPPK/R1B1R3 w k - 1 17",1.0
"4kb1r/1Qp1ppp1/1n6/r3q3/p1p4p/P1N5/1P1PBPP1/R1B1R1K1 w k - 0 19",1.0
"1Q3b1r/2pk2p1/1n2p3/4rp2/p1p4p/P1N5/1P1PBPP1/R1B3K1 w - - 0 23",1.0
"1Q3b1r/2pk4/4p3/5pp1/n6p/P7/1P3PP1/R1B1rBK1 w - - 0 27",1.0
"1k3b1r/2p5/4p3/5pp1/Q6p/P7/1P3PP1/R1B1rBK1 w - - 1 29",1.0
"5Q2/k1pr4/8/5pB1/8/P6p/1P3PP1/R4K2 w - - 0 37",1.0
"8/1kpQ4/8/6B1/8/P6P/1P3P2/R4K2 w - - 1 41",1.0
"8/2RQ4/8/k5B1/8/P6P/1P3P2/5K2 w - - 1 43",1.0
"rnbqkb1r/pp2ppp1/5n2/2pp4/8/3BPNPp/PPPP1P1P/RNBQ1RK1 w kq - 0 7",1.0
"r2qkb1r/pp2ppp1/2n2n2/2pp4/6b1/1PNBPNPp/P1PP1P1P/R1BQ1RK1 w kq - 3 9",1.0
"r2qkb1r/pp2pp2/2n2n2/2p3p1/P2p2b1/BPNBPNPp/2PP1P1P/R2Q1RK1 w kq - 0 11",1.0
"r3kb1r/pp2pp2/1qn5/2p3p1/P2pB1b1/BP2PNPp/2PP1P1P/R2Q1RK1 w kq - 1 13",1.0
"2kr1b1r/ppq1p3/2n5/P4pp1/3p2b1/BP1BPNPp/3P1P1P/R2Q1RK1 w - - 1 17",1.0
"3r1B1r/pkq5/2n5/4ppp1/8/1P1BpQPp/3P1P1P/R4RK1 w - - 0 21",1.0
"3r3r/pkq5/2n5/2B2pp1/4p3/1P1B1QPp/3P1R1P/R5K1 w - - 0 23",1.0
"k6r/p7/B7/2Br4/1P2p1p1/5nPp/R2P1R1P/7K w - - 0 29",1.0
"1kr5/R7/8/1BBr4/1P2p1p1/5nPp/3P1R1P/7K w - - 1 31",1.0
"1k6/6R1/8/1Br5/4p1p1/5nPp/3P1R1P/7K w - - 0 33",1.0
"1k6/6R1/8/4nR2/4p1p1/6Pp/3P3P/2r2B1K w - - 8 37",1.0
"1k6/2r5/8/6R1/4pRp1/3n2Pp/3P3P/5B1K w - - 12 39",1.0
"5R2/2k5/3n4/8/4R3/6Pp/2rP3P/5B1K w - - 3 45",1.0
"5R2/4R3/1k1n4/8/8/3P2Pp/3r3P/5B1K w - - 1 47",1.0
"5R2/8/1k6/8/3n4/3P2PR/3r3P/5B1K w - - 1 49",1.0
"5R2/k7/8/8/3n2P1/3PR3/r6P/5B1K w - - 3 51",1.0
"5R2/4R3/rk6/6P1/3n4/3P4/7P/5B1K w - - 3 53",1.0
"5R2/7R/1kn3P1/8/8/3P4/r6P/5B1K w - - 3 55",1.0
"7R/4R1P1/1k6/8/8/3P4/7P/r4B1K w - - 3 59",1.0
"6Q1/4R3/7R/2k5/r7/3P4/7P/5B1K w - - 1 61",1.0
"8/4R3/1R6/6Q1/r7/k2P4/7P/5B1K w - - 5 63",1.0
"r1bq1rk1/pppp1ppp/2n1pn2/P7/1bP5/2N2N2/1PQPPPPP/R1B1KB1R w KQ - 3 7",0.5
"r1bq1rk1/pppp1ppp/4pn2/b6P/1nP5/2N2N2/1PQPPPP1/R1B1KB1R w KQ - 1 9",0.5
"r1bq1rk1/ppp2p1p/2n2n1R/b2p4/8/1QN2N2/1P1PPPP1/R1B1KB2 w Q - 0 13",0.5
"1r1q1rk1/ppp2p1p/2n1b2n/1Q6/8/2N2N2/1P1PP1P1/R1B2BK1 w - - 3 19",0.5
"1r1qr1k1/ppp2p1p/2n1b3/2Q5/4P1n1/2N2N2/1P1P2P1/R1B2BK1 w - - 3 21",0.5
"1r2r1k1/ppp1np1p/4b3/8/3PP1n1/2N2N2/1P4P1/R1B2BK1 w - - 0 23",0.5
"r3r1k1/ppBb1p1p/3P2n1/8/4P3/2N1nN2/1P4P1/R4BK1 w - - 1 27",0.5
"r3r1k1/ppBb1p1p/3P4/3P4/5n2/5N2/1P4P1/R4BK1 w - - 1 29",0.5
"r5k1/p1Bb1p1p/3P4/1p1P4/5n2/1B3N2/1P2r1P1/R5K1 w - - 2 31",0.5
"r5k1/p1Bb1p1p/3P4/1p1P4/5n2/1B3Nr1/1P6/R6K w - - 0 33",0.5
"4r1k1/p1Bb1p1p/3P4/1p1P4/5n2/1B3N2/1P6/6K1 w - - 1 35",0.5
"4r1k1/p2b4/3P4/Bp1P1p1p/3N1n2/1B6/1P6/6K1 w - - 0 37",0.5
"6k1/3b4/p1NP4/1p1P1p1p/2r5/8/1PBBnK2/8 w - - 2 41",0.5
"8/3b1k2/p2P4/1p1P4/1P6/2BBN2p/7r/4K3 w - - 0 49",0.5
"8/3b1k2/3P4/r2PB3/1p6/4N2p/2B5/5K2 w - - 0 53",0.5
"8/3b1k2/3P4/3PB3/1p6/4N2p/r1B2K2/8 w - - 4 55",0.5
"8/3b1k2/3P4/3P4/1p6/r3NK2/1BB4p/8 w - - 0 57",0.5
"8/3b1k2/3P4/3P4/1p1B4/6K1/3r4/8 w - - 2 61",0.5
"8/3b1k2/3P4/3r4/5B2/1p4K1/8/8 w - - 0 63",0.5
"8/3b1k2/8/8/8/1p4K1/1Br5/8 w - - 6 67",0.5
"8/3b1k2/8/8/8/6K1/1r6/8 w - - 0 69",0.5
"8/8/8/4kb2/8/2K5/r7/8 w - - 12 75",0.5
"8/8/8/4k3/2K1b3/8/1r6/8 w - - 16 77",0.5
"8/8/8/4k3/2K1b3/8/1r6/8 w - - 20 79",0.5
"8/8/8/4k3/2K1b3/8/1r6/8 w - - 24 81",0.5
"8/8/8/4k3/2K1b3/8/1r6/8 w - - 28 83",0.5
"8/8/8/4k3/2K1b3/8/1r6/8 w - - 32 85",0.5
"8/8/8/8/3kb3/1K6/2r5/8 w - - 36 87",0.5
"8/K7/8/3b4/3k4/8/1r6/8 w - - 44 91",0.5
"8/K7/8/3b4/3k4/8/1r6/8 w - - 48 93",0.5
"8/K7/8/3b4/3k4/8/1r6/8 w - - 52 95",0.5
"8/K7/8/3b4/3k4/8/1r6/8 w - - 56 97",0.5
"8/K7/8/3b4/3k4/8/1r6/8 w - - 60 99",0.5
"8/K7/8/3b4/3k4/8/1r6/8 w - - 64 101",0.5
"8/K7/8/3b4/3k4/8/1r6/8 w - - 68 103",0.5
"8/K7/8/3b4/3k4/8/1r6/8 w - - 72 105",0.5
"8/K7/8/3b4/3k4/8/1r6/8 w - - 76 107",0.5
"8/K7/8/3b4/3k4/8/1r6/8 w - - 80 109",0.5
"8/K7/8/3b4/3k4/8/1r6/8 w - - 84 111",0.5
"8/K7/8/3b4/3k4/8/1r6/8 w - - 88 113",0.5
"8/K7/8/3b4/3k4/8/1r6/8 w - - 92 115",0.5
"8/K7/8/3b4/3k4/8/1r6/8 w - - 96 117",0.5
"r1bq1rk1/pppp1ppp/2n1pn2/2P5/1P3b2/P1N2N2/3PPPPP/R1BQKB1R w KQ - 1 7",0.5
"r1bq1rk1/ppppnppp/4pn1b/1PP5/8/P1N2NP1/3PPP1P/R1BQKB1R w KQ - 1 9",0.5
"r1bq1rk1/1pppnppp/p3pn2/1PP5/3P4/P1N2NP1/4PP1P/2RQKB1R w K - 0 11",0.5
"r1bq1rk1/1pppnppp/4p3/1NPn4/3P4/P2Q1NP1/4PP1P/2R1KB1R w K - 1 13",0.5
"2bq1rk1/1p1pnppp/2p1p3/2Pn4/3P4/r1NQ1NPB/4PP1P/2R1K2R w K - 0 15",0.5
"2b2rk1/1p1pn1pp/2p1p3/2P2p2/3P4/n5PB/4PP1P/2R3KR w - - 0 21",0.5
"2b2rk1/1p1p2pp/2p1p3/1nPn1p2/3P4/4P1P1/5P1P/2R2BKR w - - 1 23",0.5
"2b2rk1/1p1p2p1/2p1p3/2Pn1p1p/3P4/2nBP1P1/5P1P/R5KR w - - 0 25",0.5
"2br2k1/1p1p2p1/2p1p3/2Pn1p1p/3P4/2nBP1P1/5P1P/R5KR w - - 4 27",0.5
"R1b1r1k1/1p1p2p1/2p1p3/2Pn1p1p/3Pn2P/3BP1P1/5P2/6KR w - - 1 29",0.5
"R1b1r1k1/3p2p1/1np1p3/5p1p/3Pn2P/3BP1P1/5P1R/6K1 w - - 0 31",0.5
"2b1r1k1/R2p4/2p1p1p1/3n1p1p/3Pn2P/4P1P1/4BP1R/6K1 w - - 0 33",0.5
"2b1r1k1/R7/3pp1p1/2pn1p1p/2BPn2P/4P1PR/5P2/6K1 w - - 0 35",0.5
"2br2k1/R7/4p1p1/1B1n1p1p/2p4P/4PPPR/3n1K2/8 w - - 0 39",0.5
"2br2k1/R7/4p1p1/1B1n1p1p/7P/4PPP1/2pn1K2/3R4 w - - 0 41",0.5
"2br2k1/R7/2B1p1p1/5p1p/2n4P/4nPP1/2R1K3/8 w - - 0 45",0.5
"2br2k1/2R5/2B1p1p1/5p1p/2n4P/4nPP1/R3K3/8 w - - 4 47",0.5
"2br2k1/2R5/3np1p1/3n1p1p/7P/3B1PP1/R3K3/8 w - - 8 49",0.5
"3r2k1/8/3nb1p1/R2npp1p/7P/3B1PP1/4K3/2R5 w - - 2 51",0.5
"3r2k1/8/3nb1p1/R2n3p/4p2P/3B2P1/5K2/2R5 w - - 0 53",0.5
"3r2k1/8/4b1p1/R2n3p/4n2P/4p1P1/4B3/2R3K1 w - - 2 55",0.5
"8/8/5k2/6Rp/6bP/4K3/8/8 w - - 1 65",0.5
"8/8/5k2/6Rp/6bP/4K3/8/8 w - - 5 67",0.5
"8/8/5k2/6Rp/6bP/4K3/8/8 w - - 9 69",0.5
"8/8/5k2/6Rp/6bP/4K3/8/8 w - - 13 71",0.5
"8/8/5k2/6Rp/6bP/4K3/8/8 w - - 17 73",0.5
"8/8/5k2/6Rp/6bP/4K3/8/8 w - - 21 75",0.5
"8/8/5k2/6Rp/6bP/4K3/8/8 w - - 25 77",0.5
"8/8/5k2/6Rp/6bP/4K3/8/8 w - - 29 79",0.5
"8/8/5k2/6Rp/6bP/4K3/8/8 w - - 33 81",0.5
"8/8/5k2/6Rp/6bP/4K3/8/8 w - - 37 83",0.5
"8/8/5k2/6Rp/6bP/4K3/8/8 w - - 41 85",0.5
"8/8/5k2/8/7P/5K2/8/8 w - - 3 91",0.5
"8/6k1/8/8/6KP/8/8/8 w - - 7 93",0.5
"8/6k1/8/6KP/8/8/8/8 w - - 1 95",0.5
"6k1/8/7P/5K2/8/8/8/8 w - - 3 97",0.5
"8/5k2/7P/8/4K3/8/8/8 w - - 7 99",0.5
"5k2/8/7P/8/5K2/8/8/8 w - - 11 101",0.5
"5k2/8/7P/8/5K2/8/8/8 w - - 15 103",0.5
"8/5k2/7P/8/5K2/8/8/8 w - - 19 105",0.5
"8/5k2/7P/4K3/8/8/8/8 w - - 23 107",0.5
"8/5k2/7P/4K3/8/8/8/8 w - - 27 109",0.5
"8/5k2/7P/4K3/8/8/8/8 w - - 31 111",0.5
"8/5k2/7P/4K3/8/8/8/8 w - - 35 113",0.5
"8/5k2/7P/4K3/8/8/8/8 w - - 39 115",0.5
"8/5k2/7P/4K3/8/8/8/8 w - - 43 117",0.5
"8/5k2/7P/4K3/8/8/8/8 w - - 47 119",0.5
"r1bqkb1r/2p1pppp/1p3n2/pN1p4/PnP5/5N2/1PQPPPPP/R1B1KB1R w KQkq - 2 7",0.0
"r2qkb1r/2p1pppp/1p3n2/p2p4/PnPN2b1/2Q2N2/1P1PPPPP/R1B1KB1R w KQkq - 6 9",0.0
"r2qkb1r/2p1ppp1/1p6/p2pN2p/PnPNn1b1/4Q3/1P1PPPPP/R1B1KB1R w KQkq - 0 11",0.0
"r4rk1/4pp2/1p3p1b/p6p/Pn6/3BPN2/1P3KPP/2B4R w - - 3 25",0.0
"3r1rk1/5p2/1p3p1b/p3p2p/Pn2B3/4PN2/1P2K1PP/2B4R w - - 0 27",0.0
"5rk1/5p2/1pB2p1b/p3p2p/P6P/3nPN2/1P4P1/2BK4 w - - 3 31",0.0
"2r3k1/5p2/1pB2p1b/p3p2p/P6P/4PN2/1n1BK1P1/8 w - - 2 33",0.0
"6k1/2r2p2/1p3p1b/pB2p2p/P1n4P/4PN2/3BK1P1/8 w - - 6 35",0.0
"5bk1/2r2p2/1pB5/p4p1p/P2Np2P/4P1P1/3K4/8 w - - 0 39",0.0
"8/5pk1/1pB5/p4p1p/P2Pp2P/4K1b1/8/8 w - - 2 45",0.0
"8/3P1pk1/1pB5/p4p2/P4K2/7p/8/4q3 w - - 0 53",0.0
"6k1/4Q3/1pq2p2/p4p2/P7/7K/8/8 w - - 2 57",0.0
"3Q4/6k1/1p3p2/p4p2/q7/6K1/8/8 w - - 2 59",0.0
"8/8/3Q1pk1/5p2/p7/7q/5K2/8 w - - 2 65",0.0
"8/8/3Q1pk1/8/p4p2/4q3/8/5K2 w - - 0 67",0.0
"8/8/5p1k/8/5p2/p3q3/6Q1/5K2 w - - 2 69",0.0
"8/8/5p2/8/5p1k/p3q3/6Q1/5K2 w - - 6 71",0.0
"8/8/5p2/8/5p2/p6k/8/5K2 w - - 0 73",0.0
"8/8/5p2/8/5pk1/8/p2K4/8 w - - 0 75",0.0
"8/8/5p2/8/6k1/5p2/3K4/q7 w - - 0 77",0.0
"8/8/5p2/8/6k1/8/2K5/q4q2 w - - 0 79",0.0
"r1bq1rk1/p1ppbppp/1pn1pn2/1N6/2P4P/5N2/PPQPPPP1/R1B1KB1R w KQ - 1 7",0.0
"r2q1rk1/pbppbppp/1p2pn2/1N5P/1nP5/5N2/PP1PPPP1/RQB1KB1R w KQ - 3 9",0.0
"r2q1rk1/1bp1bppp/pp2pn2/3p2NP/1nP5/2N5/PP1PPPP1/RQB1KB1R w KQ - 0 11",0.0
"r2q1rk1/1bp1bppp/ppn2n2/3p2NP/8/P1N5/1P1PPPP1/RQB1KB1R w KQ - 0 13",0.0
"r2q1rk1/1bp1bp1p/ppn2npP/6N1/3p4/P1NQ4/1P1PPPP1/R1B1KB1R w KQ - 0 15",0.0
"r2q1rk1/1bp2p1p/pp3bpP/4n1N1/3p4/P2Q4/1P1PPPP1/R1B1KB1R w KQ - 0 17",0.0
"r4rk1/2p2p1p/pp1q1bpP/3bn1N1/3p1Q2/P7/1P1PPPP1/R1B1KB1R w KQ - 4 19",0.0
"5rk1/2p1qp1p/pp1r2pP/3bn1b1/1Q6/P6R/1P1PPPP1/R1B1KB2 w Q - 3 23",0.0
"5rk1/4qp1p/pp1r2pP/3bn1b1/1Pp5/P1Q4R/3PPPP1/R1B1KB2 w Q - 0 25",0.0
"5rk1/4qp1p/pp1r1bpP/3b4/PPp5/2QR4/3PPPP1/R1B1KB2 w Q - 1 27",0.0
"5rk1/1b3p1p/pp1r3P/4q1p1/PP6/7R/3PPPP1/R1B1KB2 w Q - 2 31",0.0
"5rk1/5p1p/ppbr3P/5qp1/PP6/1R5R/3PPPP1/2B1KB2 w - - 6 33",0.0
"5rk1/5p1p/pp1r3P/6p1/bP6/2R4R/3PPPP1/1qB1KB2 w - - 0 35",0.0
"5rk1/5p1p/pp4rP/5qp1/bP6/2RP2R1/4PPP1/2B1KB2 w - - 1 37",0.0
"4r1k1/2R2p1p/pp4rP/5q2/bP4p1/3PB1R1/4PPP1/4KB2 w - - 2 39",0.0
"4r1k1/5p1p/pB5P/8/bP4q1/3P4/4PPP1/4KB2 w - - 0 43",0.0
"4r1k1/5p1p/p6q/2B5/bP6/3PP3/5PP1/4KB2 w - - 0 45",0.0
"4r1k1/3b1p1p/p7/2B5/1P4Pq/3PP3/4BP2/4K3 w - - 3 47",0.0
"6k1/3b1p1p/p3r3/2B3P1/1P1P3q/4P3/4BP2/4K3 w - - 1 49",0.0
"6k1/3b1p1p/p5r1/2B3q1/1PBP4/4P3/3K1P2/8 w - - 2 51",0.0
"6k1/5p1p/p2P2r1/2B5/1P1K4/3bP3/3q4/8 w - - 0 61",0.0
"6k1/5p1p/p2Pr3/2BK4/1P6/2qbP3/8/8 w - - 4 63",0.0
"6k1/1K3p2/p2Pr3/1bB4p/1P6/2q1P3/8/8 w - - 2 65",0.0
"6k1/1K3p2/p2Pr3/1bB5/1P5p/4P3/3q4/8 w - - 0 67",0.0
"2K3k1/5p2/p2Pr3/1bB5/1P2P3/8/3q3p/8 w - - 0 69",0.0
"1K4k1/5p2/p2P4/1bB1r3/1P6/8/3q4/7q w - - 0 71",0.0
"r1b1kb1r/pp1ppp2/1q3np1/2p2B2/P7/2N1P1Q1/1PPP1P1P/R1B2RK1 w kq - 0 11",0.0
"r1b1kb2/1p1p1p2/5pp1/PppB3r/8/4P3/1PPP1P1P/R1B2RK1 w q - 1 17",0.0
"r1b1k3/1p1p1p2/3b1pp1/Ppp5/7r/3PPB2/1PP2P1P/R1B2RK1 w q - 1 19",0.0
"r1b1k3/1p1p1p2/3b1pp1/PppB3r/8/3PP3/1PP2P2/R1B2RK1 w q - 2 21",0.0
"2b1k3/3p1p2/5pp1/ppB5/4P3/3P1B2/1bP2P2/7K w - - 0 29",0.0
"4k3/1b1p1p2/8/p1B2p2/1p6/3P1P2/1bP1B1K1/8 w - - 0 33",0.0
"4k3/1b1p1p2/8/p1B2p2/1p3P2/2bP2K1/2P1B3/8 w - - 1 35",0.0
"4k3/1b1p1p2/8/p1B2p2/1p3P2/2bP2K1/2P1B3/8 w - - 5 37",0.0
"4k3/3p1p2/8/2B2p2/pp3P2/2bP1K2/2P5/8 w - - 0 39",0.0
"4k3/3p1p2/8/5p2/1b3P2/p2P1K2/2P5/8 w - - 0 41",0.0
"4k3/3p1p2/8/5p2/5P2/2bP4/p3K3/8 w - - 0 43",0.0
"4k3/5p2/8/3p1p2/3b1P2/8/3K4/1q6 w - - 2 47",0.0
"4k3/8/5p2/3p1p2/3b1P2/8/2q5/4K3 w - - 0 49",0.0
"r1bqkb1r/2pppp2/1pn2np1/p6p/Q1P4P/1PN2N2/P2PPPP1/R1B1KB1R w KQkq - 0 7",0.5
"r2qkb1r/1bpppp2/1p3np1/p5Np/QnP4P/1PN5/P2PPPP1/R1BK1B1R w kq - 4 9",0.5
"r2qk2r/1b1pppb1/1p3np1/p1p3Np/1nP4P/QPN5/PB1PPPP1/R2K1B1R w kq - 2 11",0.5
"r3k2r/1b1pppb1/1p1q1np1/p1p3Np/1nP4P/QPN1P3/PB1P1PP1/R1K2B1R w kq - 1 13",0.5
"r3k2r/3pppB1/1p1q2p1/p1p4p/2P1bP1P/QP2P3/P1nP2P1/R1K2B1R w kq - 1 17",0.5
"r3k2B/3ppp2/1p1q2p1/p1p4p/2P1bP1P/1P2P3/PQnP2P1/2K2B1R w q - 1 19",0.5
"2kr4/3pp3/1p3pp1/p1p4p/P1P1qP1P/1PB5/1Q4P1/2K2R2 w - - 1 25",0.5
"2k5/8/1p3pp1/p1prpq1p/P4P1P/1PB5/5QP1/2K1R3 w - - 0 29",0.5
"4R3/3k4/1p3pp1/p1pr1q1p/P4p1P/1PB2Q2/6P1/2K5 w - - 2 31",0.5
"8/3k4/1R4p1/p1p4p/P4p1P/1PBK4/6r1/8 w - - 3 37",0.5
"8/6R1/4k3/7p/P1p2K2/1r6/3B4/8 w - - 0 43",0.5
"8/2R5/4k3/7p/P1p2K2/2r1B3/8/8 w - - 4 45",0.5
"8/8/4k3/2R5/P1pB1K1p/8/2r5/8 w - - 0 47",0.5
"8/8/8/3k4/P1RB2Kp/8/3r4/8 w - - 1 49",0.5
"8/8/8/3k4/P5RK/8/4r3/8 w - - 2 53",0.5
"8/8/8/P2k4/6R1/6K1/r7/8 w - - 3 55",0.5
"8/8/8/r1k5/4R2K/8/8/8 w - - 0 57",0.5
"r3kb1r/pp1qpppp/2n2n2/1N1p4/8/2N3P1/PPP1PP1P/R1BQK2R w KQkq - 3 9",1.0
"1k1r3r/Np3p1p/2n1qN2/4p3/3p4/2P3P1/P3PP1P/R2QK2R w KQ - 1 17",1.0
"1k5r/np3p1p/4q3/4p3/3rN3/6P1/P3PP1P/R2QK2R w KQ - 0 19",1.0
"1k5r/np5p/2q5/4pp2/3rN3/5PP1/P3P2P/RQ2K2R w KQ - 0 21",1.0
"1k1r4/1p1r3p/2n5/4pQ2/8/1Nq2PP1/P3PK1P/R6R w - - 3 25",1.0
"1k1r4/1prq3p/2n1N3/4pQ2/8/5PP1/P3P1KP/2R4R w - - 11 29",1.0
"8/1pkr3Q/2n5/4p3/8/5PP1/P3P1KP/8 w - - 1 33",1.0
"8/1pk5/2n5/4p3/P2rQ3/5PP1/4P1KP/8 w - - 1 35",1.0
"1k6/1p6/2n5/3rp3/P6P/5PP1/2Q1P1K1/8 w - - 1 37",1.0
"2k5/1p6/2nr4/4p2P/P3P3/5PP1/2Q3K1/8 w - - 1 39",1.0
"1k6/1p6/3r4/4p1PP/Pn2P3/5P2/2Q3K1/8 w - - 1 41",1.0
"1k1r4/1p6/8/4p1PP/P3P3/2Qn1P2/8/6K1 w - - 5 43",1.0
"8/kp1r4/7P/P3p1P1/4P3/2Qn1P2/8/6K1 w - - 1 45",1.0
"8/k2r2P1/7P/P3p3/1p2P3/2Qn1P2/8/6K1 w - - 0 47",1.0
"6Q1/kr6/2Q4P/P3p3/1p2P3/5P2/8/4n1K1 w - - 1 49",1.0
"r1b1kb1r/2qpppp1/1p3n2/p6p/Qn5P/2N2N2/PP1PPPP1/R1B1KB1R w KQkq - 1 9",1.0
"r1b1kb1r/2qpppp1/1p6/p2n3p/Q6P/P4N2/1P1PPPP1/R1B1KB1R w KQkq - 0 11",1.0
"r3kb1r/1bqpppp1/1p6/p6p/1n2Q2P/P4NP1/1P1PPP2/R1B1KB1R w KQkq - 1 13",1.0
"2r1kb1r/2qpppp1/1p6/p6p/4b2P/P4NP1/1P1PPP2/1QBK1B1R w k - 3 17",1.0
"2r1kb1r/3pppp1/1pq5/p6p/7P/P2P1PP1/1P3P2/1QBK1B1R w k - 1 19",1.0
"2r1kb1r/3p1pp1/1pq5/4p2p/p6P/P2P1PP1/1P2KPB1/1QB4R w k - 0 21",1.0
"2r1k2r/3p1pp1/1p1b4/1q2p2p/p6P/P2PBPP1/QP2KPB1/7R w k - 4 23",1.0
"5rk1/3p1pp1/1p1b4/1q2p2p/p6P/P2P1PP1/QP2KPB1/2B5 w - - 1 25",1.0
"q4rk1/3p1pp1/1p1b4/4p2p/p1Q4P/P2P1PP1/1P1BKPB1/8 w - - 5 27",1.0
"3r2k1/q2p1pp1/1p1b4/1Q2p2p/p6P/P2P1PPB/1P1BKP2/8 w - - 9 29",1.0
"3r2k1/3p1pp1/1p1b4/3qp2p/Q6P/P1BP1PPB/1P2KP2/8 w - - 1 31",1.0
"3r2k1/1q1p1pp1/3b4/1p2pB1p/2Q4P/P1BP1PP1/1P2KP2/8 w - - 0 33",1.0
"3r2k1/5pp1/2pb4/1p2pB1p/7P/P1BP1PP1/1P2KP2/8 w - - 0 35",1.0
"2r3k1/5p2/3b2p1/1p2p2p/1P2B1PP/2BP1P2/4KP2/8 w - - 1 39",1.0
"6k1/r4p2/3b2p1/1p2p1Pp/1P2B2P/2BP1P2/3K1P2/8 w - - 1 41",1.0
"5k2/5p2/3b2p1/1p1Bp1Pp/1P5P/r1BP1P2/2K2P2/8 w - - 5 43",1.0
"8/4k3/3b2p1/1p1BppPp/1P5P/r1BP1P2/2K2P2/8 w - f6 0 45",1.0
"8/4k3/r2b2p1/1p1BppPp/1P5P/1KBP1P2/5P2/8 w - - 4 47",1.0
"5k2/8/r2b2p1/1p1B1pPp/1P1B3P/1K3P2/5P2/8 w - - 1 49",1.0
"5k2/1B6/3b2p1/1p4Pp/rP3p1P/1KB2P2/5P2/8 w - - 0 51",1.0
"8/r4k2/3b2p1/1B4Pp/1P3p1P/1KB2P2/5P2/8 w - - 1 53",1.0
"4r3/5k2/3b2p1/6Pp/1P1B1p1P/1K1B1P2/5P2/8 w - - 5 55",1.0
"r7/4k3/3b2p1/1P4Pp/2BB1p1P/1K3P2/5P2/8 w - - 1 57",1.0
"8/3k4/1P1b2p1/6Pp/2BB1p1P/r4P2/2K2P2/8 w - - 3 59",1.0
"8/3k4/1P1b2p1/r5Pp/3B1p1P/3B1P2/5P2/3K4 w - - 7 61",1.0
"8/3k4/1P1b1Bp1/6Pp/1r2Bp1P/5P2/5P2/3K4 w - - 11 63",1.0
"8/2k5/3b1B2/1r4PB/5p1P/5P2/4KP2/8 w - - 3 67",1.0
"8/2k3r1/8/6PP/5pB1/3K1P2/5P2/8 w - - 1 71",1.0
"r7/2k5/6P1/5B1P/5K2/5P2/5P2/8 w - - 3 75",1.0
"4r3/6P1/3k4/7P/4BK2/5P2/5P2/8 w - - 3 77",1.0
"6Q1/7P/1k6/8/4PK2/8/5P2/8 w - - 1 81",1.0
"7Q/8/8/k7/4PK2/1Q6/5P2/8 w - - 3 83",1.0
"r1bq1rk1/1ppp1ppp/2n1pn2/p7/PbP4P/2N2N2/1PQPPPP1/R1B1KB1R w KQ - 1 7",1.0
"r1bq1rk1/1ppp2pp/2n1p3/p4p1P/PbP1Q1n1/2N2N2/1P1PPPP1/R1B1KB1R w KQ - 0 9",1.0
"r1bq1rk1/1ppp2pp/4p3/p1b2p1P/PnPP1Qn1/2N2N2/1P2PPP1/R1B1KB1R w KQ - 1 11",1.0
"r1bq1rk1/1pppb1pp/4p3/p1P2p1P/Pn1P2n1/2N2N2/1P1QPPP1/R1B1KB1R w KQ - 1 13",1.0
"r1bq1rk1/1pppb1pp/4p2n/p1P4P/Pn1P1p2/2N5/1P2PPPN/R1BQKB1R w KQ - 2 15",1.0
"r1b2rk1/1pp1b1pp/1q2p3/pN5P/Pn1P1pn1/5N2/1P1BPPP1/R2QKB1R w KQ - 2 19",1.0
"r1b2rk1/1p2b1pp/1qp1p3/pN5P/Pn1P1p2/8/1P1BPPPR/R2QKB2 w Q - 0 21",1.0
"r1b2r2/1p2b1kp/1q2p3/pp6/Pn1P1p2/8/1P1BPPPR/R2QKB2 w Q - 0 23",1.0
"r4r1k/1p1bb2p/1q2p3/pp6/Pn1P1pQ1/4P3/1P1B1PPR/R3KB2 w Q - 3 25",1.0
"r6k/1p1bb2p/1q2p3/pp3r2/P2P1p2/4P3/1PQB1PPR/R3KB2 w Q - 1 27",1.0
"2r4k/1p1bb2p/1q6/pp3p2/P2P1p2/4P3/1PQB1PPR/R3K3 w Q - 0 29",1.0
"7k/1p1bbQ2/3q3p/B4p2/p2P1P2/8/1Pr2PPR/R3K3 w Q - 1 33",1.0
"7k/1p2bQ2/7p/1b1P1pq1/p7/2P4R/5PP1/R3K3 w Q - 2 37",1.0
"8/1p1bb1k1/7p/3P4/8/p1P2R2/5PP1/R3K3 w Q - 0 41",1.0
"8/3b2k1/3b3p/1p1P4/8/p1P2RP1/3K1P2/R7 w - - 0 43",1.0
"8/6k1/3b4/1p1P3p/6bR/p1P3P1/3K1P2/R7 w - - 2 45",1.0
"6k1/8/3b4/1p1P3p/7R/p1P2bP1/2K2P2/R7 w - - 6 47",1.0
"6k1/8/3b4/1p1P3p/8/p1P2bP1/2KR1P2/R7 w - - 10 49",1.0
"6k1/8/8/1p1P4/5b1P/pKP2b2/3R1P2/R7 w - - 1 51",1.0
"6k1/8/3P4/1p6/3R3P/K1P4b/5P2/8 w - - 1 57",1.0
"5k2/3R4/8/1p6/7P/K1P5/5P2/8 w - - 1 59",1.0
"8/4k3/1R6/8/5P1P/K1P5/8/8 w - - 3 63",1.0
"8/2k5/1R5P/8/5P2/K1P5/8/8 w - - 1 65",1.0
"8/4k2P/6R1/8/5P2/K1P5/8/8 w - - 1 67",1.0
"7Q/4k3/6R1/5P2/8/K1P5/8/8 w - - 1 69",1.0
"r1bq1br1/ppp1pk1p/2n2n2/3p4/2B5/2N1P3/PPPP1PPP/R1BQK2R w KQ - 0 7",0.0
"r1bq1b2/ppp1pk1p/2n2n2/3p4/8/2NBP3/PPPP1PrP/R1BQK2R w KQ - 0 9",0.0
"r2q1b2/ppp1pkrp/2n2n2/3p4/4P1b1/2NB1Q2/PPPP1P1P/R1B1K2R w KQ - 1 11",0.0
"r2q1b2/ppp1pkrp/2n1bn2/3N4/3pP3/3B4/PPPP1PQP/R1B1K2R w KQ - 2 13",0.0
"r2q1b2/ppp1pk1p/5n2/3b4/3pP1r1/3P1Q2/PP1P1P1P/R1B1K2R w KQ - 0 17",0.0
"r2q1bk1/ppp1p2p/4rn2/8/3p4/3P1Q1P/PP3P2/R1BK3R w - - 1 21",0.0
"r2q1b1k/pQp1p2p/1r3n2/8/3p4/3P3P/PP3P2/R1BK2R1 w - - 1 23",0.0
"r2q1b1k/p1p5/1r3n1p/4p1B1/3p4/3P1Q1P/PP3P2/R2K2R1 w - - 0 25",0.0
"r4b1k/2p5/1r1q1n1p/p3pQ2/3p3B/3P3P/PP3P2/R2K2R1 w - - 2 27",0.0
"r4k2/2p5/1r1q1bR1/p3pQ2/3p4/3P3P/PP3P2/R2K4 w - - 3 31",0.0
"1r6/2p2k2/2r2bR1/p3p3/3p4/1P1P3P/P2K1P2/R7 w - - 2 35",0.0
"8/2p5/2r1kb2/4p3/P2p4/3P3P/r4P2/3KR1R1 w - - 0 39",0.0
"8/2p5/4k3/4b3/P2p4/2rP3P/r7/3KR1R1 w - - 0 41",0.0
"8/2p5/8/3kb3/P2p3P/3r4/r7/2K1R1R1 w - - 2 43",0.0
"8/2p5/7P/3kb1R1/P7/3p4/4r2r/3K4 w - - 0 49",0.0
"r1bqkb1r/1pppppp1/2n2n2/p7/2B5/2N1PNPp/PPPP1P1P/R1BQ1RK1 w kq - 0 7",1.0
"r2qkb1r/1pp1ppp1/2n2n2/p2p4/3P2b1/2NBPNPp/PPP2P1P/R1BQ1RK1 w kq - 2 9",1.0
"r1k2b1r/1ppq4/5p2/p2p2p1/3N2R1/P5Pp/1PP1QP1P/R1B3K1 w - - 0 19",1.0
"2k2b1r/1ppq4/r4p2/3p2p1/p2N2R1/P4QPp/1PPB1P1P/R5K1 w - - 0 21",1.0
"2k2b1r/1ppq4/r4p2/B2p2p1/p2N2R1/P4QPp/1PP2P1P/1R4K1 w - - 4 23",1.0
"2k2b1r/1ppq4/r4p2/B2p2p1/p2N2R1/P4QPp/1PP2P1P/1R4K1 w - - 8 25",1.0
"2k2b1r/1ppq4/r4p2/B2p2p1/p2N2R1/P4QPp/1PP2P1P/1R4K1 w - - 12 27",1.0
"2k2b1r/1ppq4/r4p2/B2p2p1/p2N2R1/P4QPp/1PP2P1P/1R4K1 w - - 16 29",1.0
"2k2b1r/1ppq4/r4p2/B2p2p1/p2N2R1/P4QPp/1PP2P1P/1R4K1 w - - 20 31",1.0
"2k2b1r/1ppq4/r4p2/B2p2p1/p2N2R1/P4QPp/1PP2P1P/1R4K1 w - - 24 33",1.0
"2k2b1r/1ppq4/r4p2/B2p2p1/p2N2R1/P4QPp/1PP2P1P/1R4K1 w - - 28 35",1.0
"2k2b1r/1ppq4/r4p2/B2p2p1/p2N2R1/P4QPp/1PP2P1P/1R4K1 w - - 32 37",1.0
"2k2b1r/1ppq4/r4p2/B2p2p1/p2N2R1/P4QPp/1PP2P1P/1R4K1 w - - 36 39",1.0
"2k2b1r/1ppq4/r4p2/B2p2p1/p2N2R1/P4QPp/1PP2P1P/1R4K1 w - - 40 41",1.0
"2k2b1r/1ppq4/r4p2/B2p2p1/p2N2R1/P4QPp/1PP2P1P/1R4K1 w - - 44 43",1.0
"2k2b1r/1ppq4/r4p2/B2p2p1/p2N2R1/P4QPp/1PP2P1P/1R4K1 w - - 48 45",1.0
"2k2b1r/1ppq4/r4p2/B2p2p1/p2N2R1/P4QPp/1PP2P1P/1R4K1 w - - 52 47",1.0
"2k2b1r/1ppq4/r4p2/B2p2p1/p2N2R1/P4QPp/1PP2P1P/1R4K1 w - - 56 49",1.0
"2k2b1r/1ppq4/r4p2/B2p2p1/p2N2R1/P4QPp/1PP2P1P/1R4K1 w - - 60 51",1.0
"2k4r/1ppqb3/r4p2/3p2p1/p2N2R1/P1B2QPp/1PP2P1P/4R1K1 w - - 64 53",1.0
"5Q1B/kpp1R3/r7/1q1p2p1/p7/P5Pp/1PP2P1P/6K1 w - - 3 59",1.0
"1k6/1p6/1Q6/2Bp4/p5p1/P5Pp/1PP2P1P/6K1 w - - 1 65",1.0
"r3kb1r/p1qppppp/bp3n2/2p5/2N5/3PPN2/PP1PQPPP/R1B2RK1 w kq - 2 9",1.0
"r3kb1r/p1qpppp1/bp3n2/2p1N3/7p/1P1PPN2/P2PQPPP/R1B2RK1 w kq - 0 11",1.0
"r3kb2/p1qppNp1/bp3n2/7r/P1P5/1P2PN2/3PQP1P/R1B2RK1 w q - 1 15",1.0
"r3kb2/p2pp1p1/bp3n2/4q1N1/P1P5/1P2P3/3PQP1P/R1B2RK1 w q - 1 17",1.0
"r3kb2/p2pp1p1/bp3n2/5q2/P1PP4/1P2P3/4QP1P/R1B2RK1 w q - 1 19",1.0
"r3kb2/p2pp1p1/bp4q1/8/P1PPnP2/1P2P3/4Q2P/R1B2R1K w q - 3 21",1.0
"r3kb2/p2pp2q/bp4p1/8/P1PPnP2/BP2P3/4Q2P/R5RK w q - 0 23",1.0
"r3kb2/pb1pp3/1p6/2nP2P1/P1P4q/BP2P3/6QP/5RRK w q - 3 27",1.0
"r3kb2/pb1pp3/1p4P1/3P3q/P1P2R2/Bn2P3/6QP/6RK w q - 2 29",1.0
"1k1r4/R7/1p1p4/2n5/P7/B1Q5/7P/6RK w - - 1 37",1.0
"1kr5/3n1R2/Q2p4/8/P7/B7/7P/6RK w - - 3 41",1.0
"r2qkb1r/p1pppppp/1p3n2/8/1n1P4/4PN2/PP1P1PPP/RNBQ1RK1 w kq - 1 7",1.0
"r3kb1r/p1qppppp/1p3n2/2p5/1n1P4/1QN1PN2/PP1P1PPP/R1B2RK1 w kq - 2 9",1.0
"r3kb1r/3ppppp/ppq2n2/1Np5/Pn1P4/1Q2PN2/1P1P1PPP/R1B2RK1 w kq - 0 11",1.0
"r2k1b1r/1q1ppQpp/pp3n2/1Np1N3/Pn1P4/4P3/1P1P1PPP/R1B2RK1 w - - 1 13",1.0
"r1k2b1r/3ppNpp/pp3n2/1Npq4/Pn1P4/1Q2P3/1P1P1PPP/R1B2RK1 w - - 5 15",1.0
"r1k2b1N/3p2pp/pp1p4/3n4/P2p4/4P3/1PnP1PPP/1RB2RK1 w - - 0 19",1.0
"r1k2b2/3p1N1p/pp1p2p1/8/P3PP2/3p4/1PnPn1PP/1RB2R1K w - - 0 23",1.0
"r1k2b2/3p1N2/p2p2p1/1p6/P3P3/3p4/1PnPn1PP/1RB2R1K w - - 0 25",1.0
"r1k5/3pbN2/p2p4/Pp4p1/4P3/1P1p4/2nPn1PP/1RB2R1K w - - 0 27",1.0
"r1k5/3pbN2/p2p4/Pp6/1n2P1p1/1P1p1R2/1B1Pn1PP/1R5K w - - 0 29",1.0
"rk6/3pbN2/p2p4/Pp6/1n2P3/1P1pR1pP/1B1Pn1P1/1R5K w - - 0 31",1.0
"r1k5/3pbN2/p7/Pp1pP3/1n6/1P1p1RpP/1B1Pn1P1/1R5K w - - 2 33",1.0
"r1k5/3p4/p2P4/np6/3p4/1P3RpP/1B1Pn1P1/1R5K w - - 0 37",1.0
"r1k5/3p4/p2P4/np6/5n2/1P1R2pP/1B1P2P1/4R2K w - - 1 39",1.0
"r1k5/3p4/p1nPn3/1p6/8/1P4RP/1B1P2P1/4R2K w - - 1 41",1.0
"r1k5/3p4/p2P4/1p6/1n3n1P/1P4R1/1B1P2P1/4R1K1 w - - 3 43",1.0
"r1k5/3pR3/3P4/pp6/3B1n1P/1P1n2R1/3P2P1/6K1 w - - 0 45",1.0
"8/8/7P/Rpk5/8/1P2P3/6P1/2n3K1 w - - 1 55",1.0
"R7/7P/8/2k5/1p6/1n2P3/6P1/6K1 w - - 0 57",1.0
"RQ6/8/8/8/1pk5/1n2P3/6P1/6K1 w - - 3 59",1.0
"8/8/8/3Q4/8/1R2P3/4k1P1/6K1 w - - 3 65",1.0
"r1bq1b2/ppp1pkp1/2n2n1r/3p4/7p/4P3/PPPPBPPP/RNBQ1RK1 w - - 2 9",0.0
"r2q1bk1/ppp1p1p1/2n2n1r/3p4/3P2b1/3BP3/PPP2P1P/RNBQR1K1 w - - 2 13",0.0
"r2q1bk1/1pp1p1p1/2n1bn1r/p2p4/3P4/2NBPP2/PPP4P/R1BQR1K1 w - - 0 15",0.0
"r4bk1/1ppqp1p1/4bn1r/p2p4/Pn1P4/2NBPP2/1PPB3P/R2QR1K1 w - - 3 17",0.0
"3r1bk1/1ppqp1p1/4bn1r/p2p4/P2P4/2NQPP2/1PPB3P/R3R1K1 w - - 1 19",0.0
"3r1bk1/3qp1p1/1pp1bn1r/pN1p4/PP1P4/3QPP2/2PB3P/R3R1K1 w - - 0 21",0.0
"3r1bk1/4p1p1/1ppqbn1r/3p4/Pp1P1P2/N2QP3/2PB3P/R3R1K1 w - - 0 23",0.0
"3r1bk1/4p1p1/1ppq3r/3p1b2/Pp1PnP2/3QP3/2PB3P/RN3RK1 w - - 4 25",0.0
"3r1bk1/6p1/1ppqp2r/3p1Q2/Pp1P1P2/4P3/2PB1n1P/RN4K1 w - - 0 27",0.0
"3r1bk1/6p1/1pp1p2r/3pP3/Pp1Pn3/4P3/2PB3P/RN4K1 w - - 1 29",0.0
"5rk1/R3b1p1/4p3/2ppP3/1p1Pn3/3KP3/2PB2rP/1N6 w - - 0 35",0.0
"5r2/6k1/4p3/3pP3/2pPn3/4P3/2Kp2rP/1N6 w - - 0 39",0.0
"r7/6k1/4p3/3pP3/2pPn3/4P3/1K1N2rP/3r4 w - - 2 41",0.0
"rnbq1rk1/ppp2ppp/4pn2/3p4/8/2PBPN2/PPP2PPP/R1BQ1RK1 w - - 0 7",1.0
"rnb2rk1/ppp2ppp/4p3/3q2N1/P3p3/2P1P3/1PPB1PPP/R2Q1RK1 w - - 2 11",1.0
"r1br1k2/ppp2pp1/2n1p3/6N1/P3QP2/2P1P3/1PPq2PP/R4RK1 w - - 1 15",1.0
"r1br1k2/ppp1nppQ/4p3/3q2N1/P4P2/2P1P3/1PP2RPP/R5K1 w - - 5 17",1.0
"r1br2n1/1pp1kpQ1/4p3/p4qN1/P4P2/2P1P3/1PP2RPP/R5K1 w - - 2 21",1.0
"r5n1/1p2kp2/8/p1p1PQ2/P3P3/2P5/1PPK2PP/R7 w - - 2 29",1.0
"r3k1n1/1p3p2/8/p3PQ2/P1p1P2P/2P5/1PP3P1/R1K5 w - - 1 31",1.0
"3k4/1p2n3/r7/p1Q5/P3P2P/2P5/1PP3P1/R1K5 w - - 3 35",1.0
"2k5/1p6/r1n1P3/p1Q5/P6P/2P5/1PP3P1/R1K5 w - - 1 37",1.0
"5Q2/2k5/rpn1P3/p7/P5PP/2P5/1PP5/R1K5 w - - 0 39",1.0
"1k6/4Q3/rp6/p7/P5PP/2P5/1PP5/R1K5 w - - 1 41",1.0
"1k6/3Q4/rp6/p7/P5PP/2P5/1PP5/R1K5 w - - 5 43",1.0
"8/rk6/1p1Q4/p6P/P5P1/2P5/1PP5/R1K5 w - - 3 45",1.0
"r7/k7/1p5P/p2Q4/P5P1/2P5/1PP5/R1K5 w - - 3 47",1.0
"3r4/5Q2/1p5P/kP6/P5P1/8/2P5/R1K5 w - - 1 51",1.0
"3r4/Q7/1p5P/1Pk5/P5P1/8/2P5/1RK5 w - - 5 53",1.0
"8/4Q2P/1p1r4/1P1k4/P5P1/8/2P5/1RK5 w - - 1 55",1.0
"6Q1/7P/1p1r4/1Pk5/P5P1/8/2P5/1RK5 w - - 5 57",1.0
"r1bq1rk1/1ppp2pp/p1nbp3/5p2/3PB3/4PN2/PPP2PPP/R1BQ1RK1 w - - 0 9",1.0
"r1b2rk1/1ppp2pp/p1nbp1q1/5p2/P2P4/3BPN2/1PP2PPP/R1BQ1RK1 w - - 1 11",1.0
"r1b2rk1/2pp2pp/ppnb2q1/4pp2/P1PP4/3BPN2/1P1B1PPP/R2Q1RK1 w - - 0 13",1.0
"r1b3k1/2p2rpp/pppb2q1/5p2/P1P5/1Q1BPpP1/1P1B1P1P/R4RK1 w - - 0 17",1.0
"1rb3k1/2p2rpp/pppb4/P4p1q/2P5/1Q1BPpP1/1P1B1P1P/R2R2K1 w - - 3 19",1.0
"1rb3k1/2p3pp/pppb1r2/P4p2/2P1P3/2QB1pPq/1P1B1P1P/R2R2K1 w - - 1 21",1.0
"6k1/1r1b2pp/pPpB3r/5p1q/2P5/2Q2pP1/1P3P1P/R2R1BK1 w - - 1 27",1.0
"6k1/1r1b2pp/pPpB2r1/5p2/2P3q1/2Q2p2/1P3P1P/R2R1B1K w - - 2 29",1.0
"6k1/1r1b2pp/pPp3r1/5q2/2P2p2/2Q2pBP/1P3P2/R2R1B1K w - - 1 31",1.0
"8/1R4p1/1Pp5/2Pk3p/8/6r1/1P6/5B1K w - - 1 41",1.0
"8/3R2p1/1Pp1k3/2P5/1P5p/6r1/8/5B1K w - - 2 43",1.0
"8/1P4p1/2pR4/2P2k2/1P5p/5r2/8/5B1K w - - 1 45",1.0
"5Q2/8/2pR2p1/2P3k1/1P5p/8/6BK/4r3 w - - 2 49",1.0
"rnb1kb1r/pp2pp1p/3q1np1/3p4/2p5/4PN2/PPPPBPPP/RNBQ1RK1 w kq - 2 7",1.0
"r3kb1r/pp2pp1p/2n1qnp1/8/2p5/4P3/P1PPBPPP/RNBQ1RK1 w kq - 0 11",1.0
"2r1kb1r/pp2pp1p/4qnp1/8/8/2NPP3/P4PPP/R1BQ1RK1 w k - 1 15",1.0
"2r1kb1r/pp1qpp1p/5np1/8/4P3/2NP4/P2B1PPP/R2Q1RK1 w k - 1 17",1.0
"2r1k2r/pp1qppbp/6p1/4P3/6n1/2NP4/P2BQPPP/R4RK1 w k - 3 19",1.0
"2rr2k1/pp1qppbp/6p1/4P3/5Pn1/P1NP4/3BQ1PP/R4RK1 w - - 1 21",1.0
"2rr2k1/pp1qppbp/8/4P3/4Npn1/P2P4/3BQ1PP/3R1RK1 w - - 0 23",1.0
"2rr2k1/p4pbp/1p2p3/4n3/1B1qNR2/P2P4/4Q1PP/3R3K w - - 0 27",1.0
"2rq2k1/p4pbp/1pn1p3/8/4NR2/P2P4/4Q1PP/3R3K w - - 0 29",1.0
"2r2k2/p5bQ/1pnq4/6N1/8/P2P4/6PP/3R3K w - - 3 35",1.0
"2Qn2k1/p5b1/1p1q4/6N1/8/P2P4/6PP/3R3K w - - 1 37",1.0
"2QnR3/p5k1/1p1q1b2/6N1/8/P2P4/6PP/7K w - - 5 39",1.0
"4R3/p2Q1nk1/1p3b2/8/4Nq2/P2P4/6PP/7K w - - 9 41",1.0
"8/Q4nk1/1p6/8/3q2N1/P2P3P/6PK/8 w - - 15 59",1.0
"3q2k1/1Q3n2/1p6/8/P5NP/3P4/6P1/7K w - - 1 63",1.0
"8/5k2/1p6/8/P5NP/3q2P1/8/7K w - - 0 65",1.0
"8/8/1p6/3k4/P6P/3N2P1/8/7K w - - 1 67",1.0
"8/8/1p3k2/7P/P4N2/6P1/8/7K w - - 3 69",1.0
"8/8/1p3k1P/8/P4N2/6P1/8/6K1 w - - 3 71",1.0
"6k1/8/1p5P/8/P4N2/6P1/8/4K3 w - - 7 73",1.0
"8/7k/1p5P/6P1/P4N2/8/8/4K3 w - - 1 75",1.0
"5k2/8/1p4PP/8/P4N2/8/3K4/8 w - - 1 77",1.0
"5k2/8/1p3NPP/8/P7/8/3K4/8 w - - 5 79",1.0
"6Q1/8/1p3k1P/8/P7/8/3K4/8 w - - 0 81",1.0
"6QQ/8/1p1k4/8/P7/8/3K4/8 w - - 1 83",1.0
"8/5Q2/1pk5/8/P2Q4/8/3K4/8 w - - 5 85",1.0
"r1bq1rk1/p1pp1ppp/p2bpn2/8/3P4/4PN2/PPP2PPP/RNBQ1RK1 w - - 1 7",0.5
"r2q1rk1/pbpp1ppp/p2bp3/8/3P2n1/3QPN2/PPPN1PPP/R1B2RK1 w - - 5 9",0.5
"r4rk1/p1p3pp/p3p2n/8/2NP4/5P1P/PPP2P2/2R2RK1 w - - 0 17",0.5
"r5k1/p1p3p1/R7/3P1n1p/2N5/7r/PPP2P2/2R3K1 w - - 0 21",0.5
"3r2k1/p1p1R1p1/R7/3P3p/2Nn4/7r/PPP2P2/6K1 w - - 4 23",0.5
"6k1/R3R1p1/8/7p/6r1/2Prn2K/PP3P2/8 w - - 0 31",0.5
"R7/4R1pk/8/7p/6r1/2P1P2K/PP6/3r4 w - - 1 33",0.5
"R7/4R1pk/8/7p/6r1/2P1P2K/PP6/3r4 w - - 5 35",0.5
"R7/4R1pk/8/7p/6r1/2P1P2K/PP6/3r4 w - - 9 37",0.5
"R7/4R1pk/8/7p/6r1/2P1P2K/PP6/3r4 w - - 13 39",0.5
"R7/4R1pk/8/7p/6r1/2P1P2K/PP6/3r4 w - - 17 41",0.5
"R7/4R1pk/8/7p/6r1/2P1P2K/PP6/3r4 w - - 21 43",0.5
"R7/4R1pk/8/7p/6r1/2P1P2K/PP6/3r4 w - - 25 45",0.5
"R7/4R1pk/8/7p/6r1/2P1P2K/PP6/3r4 w - - 29 47",0.5
"R7/4R1pk/8/7p/6r1/2P1P2K/PP6/3r4 w - - 33 49",0.5
"R7/4R1pk/8/7p/6r1/2P1P2K/PP6/3r4 w - - 37 51",0.5
"R7/4R1pk/8/7p/6r1/2P1P2K/PP6/3r4 w - - 41 53",0.5
"R7/4R1pk/8/7p/6r1/2P1P2K/PP6/3r4 w - - 45 55",0.5
"R7/4R1pk/8/7p/6r1/2P1P2K/PP6/3r4 w - - 49 57",0.5
"R7/4R1pk/8/7p/6r1/2P1P2K/PP6/3r4 w - - 53 59",0.5
"R7/4R1pk/8/7p/6r1/2P1P2K/PP6/3r4 w - - 57 61",0.5
"R7/4R1pk/8/7p/6r1/2P1P2K/PP6/3r4 w - - 61 63",0.5
"R7/4R1pk/8/7p/6r1/2P1P2K/PP6/3r4 w - - 65 65",0.5
"R7/4R1pk/8/7p/6r1/2P1P2K/PP6/3r4 w - - 69 67",0.5
"R7/4R1pk/8/7p/6r1/2P1P2K/PP6/3r4 w - - 73 69",0.5
"R7/4R1pk/8/7p/6r1/2P1P2K/PP6/3r4 w - - 77 71",0.5
"R7/4R1pk/8/7p/6r1/2P1P2K/PP6/3r4 w - - 81 73",0.5
"R7/4R1pk/8/7p/6r1/2P1P2K/Pr6/8 w - - 0 75",0.5
"R7/4R1pk/8/7p/P1r5/2P1P3/7K/1r6 w - - 3 77",0.5
"R7/7k/4K1p1/P3R3/4P3/5r2/3r4/8 w - - 1 115",0.5
"R7/P5k1/4K1p1/4R3/4P3/5r2/3r4/8 w - - 1 117",0.5
"Q4rk1/8/4K1p1/4R3/4P3/8/3r4/8 w - - 1 119",0.5
"r1b1kb1r/pp2pppp/2np1n2/q1pN1Q2/2P5/5N2/PP1PPPPP/R1B1KB1R w KQkq - 2 7",1.0
"r3kb1r/pp2pp2/2npbp1p/2p5/PqP2Q2/5N2/1P1PPPPP/R1B1KB1R w KQkq - 2 11",1.0
"r3kb1r/pp2pp2/2np1p1p/2p5/P1b5/5NP1/1P1PPP1P/R1B1KB1R w KQkq - 0 13",1.0
"r3kb1r/pp2pp2/3p1p1p/2p5/Pn6/3P1NP1/bP2PP1P/1RB1KB1R w Kkq - 3 15",1.0
"r3kb1r/1p2pp2/3p1p1p/p1p5/P2n4/2NP2P1/1P2PP1P/2BK1B1R w kq - 0 19",1.0
"1r2kb1r/1p2pp2/3p1p2/p1pN3p/P2n3P/3P2P1/1P2PP2/2BK1B1R w k - 0 21",1.0
"1r3b1r/2Nkpp2/1p1p1p2/p1p4p/P2n3P/3P2P1/1P1BPP2/3K1B1R w - - 2 23",1.0
"1r3b1r/4pp2/1pkp4/p1pN1p1p/P2n3P/3PP1P1/1P1B1P2/3K1B1R w - - 1 25",1.0
"1r5r/5pb1/1pk1pN2/p2p1pBp/P2p3P/3P2P1/1P3PB1/3K3R w - - 0 29",1.0
"2r3r1/1k3p2/1p2pB2/p1bp1p2/P2p1N1P/3P1BP1/1P3P2/3K3R w - - 7 35",1.0
"2r5/1k6/1p2ppr1/p1bpBp2/P2p3P/3P1BP1/1P2NP2/3K3R w - - 0 37",1.0
"8/k7/5p1r/p2Npp1P/P1r5/5BP1/1P3P2/3K3R w - - 0 43",1.0
"8/k6r/5p1P/p3pN2/P7/1Pr2BP1/5P2/3K3R w - - 1 47",1.0
"8/k6r/5p1P/p3pN2/Pr6/5BP1/4KP2/3R4 w - - 2 49",1.0
"8/k7/1r1R1p1P/p3pN2/P1r1B3/6P1/5P2/5K2 w - - 10 53",1.0
"1r6/3R3P/1k3p2/p3pN2/P1r1B3/6P1/5P2/5K2 w - - 3 55",1.0
"1r6/3R3P/1k3p2/p3pN2/P1r1B3/6P1/5P2/5K2 w - - 7 57",1.0
"1r6/7P/5p2/p3pN2/P3B1P1/1k6/5P2/5K2 w - - 1 61",1.0
"6N1/7P/5p2/p3p3/kr2B1P1/8/5P2/5K2 w - - 2 63",1.0
"6N1/8/5Q2/p2Bp3/k2r2P1/6K1/5P2/8 w - - 3 69",1.0
"6N1/8/k7/p3Q3/1r2B1P1/6K1/5P2/8 w - - 3 73",1.0
"6N1/1k6/3Q4/p7/1r4P1/3B2K1/5P2/8 w - - 7 75",1.0
"8/2k1N3/8/8/1Q4P1/3B2K1/5P2/8 w - - 1 79",1.0
"8/4N3/4k3/6P1/1Q3P2/3B2K1/8/8 w - - 1 81",1.0
"8/2k1N1P1/8/8/1Q3P2/3B2K1/8/8 w - - 1 83",1.0
"r3kb1r/1ppqpp2/2n2np1/pN1p3p/P7/5NP1/1PPPPP1P/R1BQ1RK1 w kq - 2 9",0.5
"2krnb1r/1ppqpp2/2n3p1/pN1p3p/P4B2/3P1NP1/1PP1PP1P/R2Q1RK1 w - - 3 11",0.5
"2krnb1r/1pp1pp2/2n3p1/pN5p/P1P2B2/5NPq/1P2PP1P/R2Q1RK1 w - - 1 13",0.5
"2krn3/1pp1pp2/2n3pr/pN5p/P1P5/5NPq/1PQ1PP1P/R4RK1 w - - 0 15",0.5
"2knn3/1pp1p3/4r3/pN3p1p/P1P5/6P1/1P2PP1P/R4RK1 w - - 0 19",0.5
"2kn4/1pp1p3/3n1r2/p4p1p/P1PN4/6P1/1P2PP1P/R2R2K1 w - - 4 21",0.5
"2k5/1pp1p3/2n2r2/p1P2p1p/P2Nn3/6P1/1P2PP1P/2RR2K1 w - - 3 23",0.5
"2k5/1pp1p3/2n2r2/pNP2p1p/P3nP2/6P1/1P2P2P/2RR2K1 w - - 1 25",0.5
"2k5/1pp1p3/2n2r2/pNP1Rp1p/P3nP2/6P1/1P2P2P/2R3K1 w - - 5 27",0.5
"2k5/1pp1p3/2n2r2/pNP1Rp1p/P3nP2/6P1/1P2P2P/2R3K1 w - - 9 29",0.5
"2k5/1pp5/2n1p1r1/pNP2p1p/P3nP2/3R2P1/1P2P2P/2R3K1 w - - 2 31",0.5
"2k5/1pp5/4p1r1/p1P2p2/Pn1NnP1p/4R1P1/1P2P2P/2R3K1 w - - 0 33",0.5
"2k5/2p5/2N1p1r1/p2n1p2/P3nP1p/4R1P1/1P2P2P/2R3K1 w - - 1 35",0.5
"2k5/2p5/2N1p1r1/p2n1p2/P4P2/5Rn1/1P2P3/2R3K1 w - - 0 37",0.5
"8/N1k5/4p3/p4p2/P4n2/6r1/1P2P2K/8 w - - 0 41",0.5
"8/3k4/8/p3pp2/P7/N4K2/1P6/2n5 w - - 0 45",0.5
"8/3k4/8/p4p2/P1N1p3/1n2K3/1P6/8 w - - 2 47",0.5
"8/4n3/4k3/p7/P3K3/8/1P6/8 w - - 1 51",0.5
"8/4n3/2k5/p7/P1K5/8/1P6/8 w - - 5 53",0.5
"8/4n3/1k6/8/PK6/8/8/8 w - - 1 55",0.5
"2n5/8/8/k7/P7/K7/8/8 w - - 5 57",0.5
"r1bq1rk1/p1pp1p1p/1pn2p1b/6pP/2P5/1Q3N2/PP1PPPP1/R1B1KB1R w KQ - 0 9",0.0
"r1bqr1k1/p1p2p1p/1pnp1p1b/6pP/2P3P1/1Q3N1B/PP1PPP2/R1B1K2R w KQ - 2 11",0.0
"r1b1r1k1/p1p1qp1p/1p1p1p1b/6pP/1nP3P1/5N1B/PP1PPP2/RQB1K2R w KQ - 6 13",0.0
"r1b1r1k1/p1p2p1p/1p3p1b/3pq1pP/1nPN2P1/8/PP1PPPB1/RQB1K2R w KQ - 0 15",0.0
"r1b1r1k1/p1p2p1p/1p3p1b/3p2pP/1PP3q1/8/1P1PPPB1/RQB1K2R w KQ - 0 17",0.0
"r3r1k1/p1p2p1p/1p3p1b/5bpP/1Pp3q1/8/1PQPPP2/R1B1KB1R w KQ - 2 19",0.0
"r3r1k1/p1p1bp1p/1p3p2/1P3bpP/2p3q1/2Q5/1P1PPP2/R1B1KB1R w KQ - 1 21",0.0
"r5k1/p1p1bp1p/1p3p1P/1P1r1bp1/1Pp3q1/2Q5/3PPP2/R1B1KB1R w KQ - 1 23",0.0
"r5k1/p1p1bp1p/1p3p1P/5bp1/r1B5/B3P3/3P1P2/R3K2R w KQ - 2 27",0.0
"3B2k1/p4p1p/1pB2p1r/6p1/8/3bPK2/3P1P2/8 w - - 0 33",0.0
"3B2k1/p4p1p/5pr1/1p1B2p1/8/3bP1K1/3P1P2/8 w - - 2 35",0.0
"6k1/4Bp1p/5pr1/p2B2p1/1p4K1/3bP3/3P1P2/8 w - - 0 37",0.0
"8/4Bpk1/5pr1/p2B1Kpp/1p2P3/3b4/3P1P2/8 w - - 2 39",0.0
"3B4/3b1pk1/6r1/3BPppp/pp6/4K3/3P1P2/8 w - - 0 43",0.0
"8/3b1p2/5k2/3B1ppp/p7/3PKP2/1p6/8 w - - 0 47",0.0
"8/5p2/4bk2/5ppp/8/p2PKP2/1p6/1B6 w - - 2 49",0.0
"8/5p2/5k2/5p1p/8/3PK3/b7/1q6 w - - 0 53",0.0
"8/5p2/5k2/3b1p2/3P3p/8/3q4/5K2 w - - 0 57",0.0
"r2qkb1r/p1pppp2/1p3n1p/6p1/P2n4/2NP1PPB/1PP2P1P/R1BQ1RK1 w kq - 0 9",0.0
"r2qkb1r/3ppp2/1p3n1p/p1p3p1/P2n4/2NP1PPB/1PPB1P1P/R2QR1K1 w kq - 0 11",0.0
"r2q1rk1/3p1p2/1p1bpn1p/pPp3p1/8/1PBP1PPB/2P2P1P/R2QR1K1 w - - 1 15",0.0
"r2q1rk1/2np1p2/1p1bp2p/pPp3p1/R7/1PBP1PPB/2PQ1P1P/4R1K1 w - - 5 17",0.0
"r2q1rk1/3p1p2/1p1bp3/pnp3pp/R7/1P1PQPPB/1BP2P1P/4R1K1 w - - 0 19",0.0
"r2q1rk1/2np4/1p1bpp2/p1p3pp/R1P5/1P1PQPPB/5P1P/2B1R1K1 w - - 0 21",0.0
"r4rk1/2np3q/1p1bpp2/p1p3p1/R1P2P2/1PBPQ1PB/5P2/4R1K1 w - - 1 25",0.0
"r4rk1/2np4/1p1bpp1q/p1p5/R1P2PB1/1PBPQ3/5P2/4R1K1 w - - 1 27",0.0
"r4r2/2np1k2/1p2pp1q/p1p5/R1P2bB1/1PBP4/5PQ1/4R1K1 w - - 2 29",0.0
"6r1/r1np1k2/1p2pp1q/p1p5/R1P2bB1/1PBP4/5PQ1/4R1K1 w - - 6 31",0.0
"6r1/r1np1k2/1p2p3/p1p2p2/R1P2bBq/1PBP1P2/6Q1/4RK2 w - - 2 33",0.0
"6r1/r1np1k2/1p2p3/p1p5/R1P2b1q/1PBP1Pp1/6Q1/4RK2 w - - 0 35",0.0
"6r1/r1n2k2/1p2p3/p1pp4/R1P2b2/1PBP1Pp1/4K1Qq/6R1 w - - 0 37",0.0
"6r1/r1n2k2/4p3/pppp4/R1P5/1P1P1Pp1/3K2Qq/6R1 w - - 0 39",0.0
"6r1/r1n2k2/4p2q/2p5/p1P5/5Pp1/2K3Q1/R5R1 w - - 0 43",0.0
"6r1/r1n2k2/4p3/2p5/p1P2q2/5P2/2K1Q1p1/R6R w - - 0 45",0.0
"5kr1/r1n4R/4p3/2p5/2P2q2/p4P2/2K1Q1p1/6R1 w - - 0 47",0.0
"2R3r1/4k3/4p3/1np1q3/2P5/1K3P2/5rp1/6R1 w - - 2 71",0.0
"r1b1kb1r/ppp1ppp1/2n2n2/P2q3p/3p4/1P3N2/2PPPPPP/RNBQKB1R w KQkq - 0 7",0.0
"r3kb1r/ppp1ppp1/2n2n2/P1q2b1p/2Pp4/1P3N2/2QPPPPP/RNB1KB1R w KQkq - 3 9",0.0
"r3kb1r/ppp1ppp1/2n5/P1q2b1p/2P3n1/1P1P1N2/Q2P1PPP/RNB1KB1R w KQkq - 1 11",0.0
"r3kb1r/ppp1ppp1/8/P4b1p/2Pq2n1/1P6/Q2P1PPP/RNB1KB1R w KQkq - 0 13",0.0
"r3kb1r/ppp1ppp1/8/P4b1p/2P5/1P3P2/Q2P1qPn/RNBK1B1R w kq - 0 15",0.0
"r3kb1r/pp2ppp1/2p5/P6p/Q1P5/1P1b1P2/3P1qPn/RNBK3R w kq - 0 17",0.0
"r3kb1r/pp2ppp1/2p5/P6p/Q1P5/1PNb1n2/3P2q1/R1BKR3 w kq - 0 19",0.0
"r3kb1r/pp2ppp1/2p5/P1PN3p/Q7/1P1b4/3P3q/R1BKn3 w kq - 0 21",0.0
"r4b1r/ppNkppp1/2p5/P1P4p/Q7/1P1b4/1BnP3q/R2K4 w - - 4 23",0.0
"4kb1r/Np2pppp/1r3n2/3p4/8/6Pq/PPP1PP1P/R1BQK2R w KQk - 1 11",1.0
"4kb1r/Np2ppp1/r4n2/2Qp3p/8/6Pq/PPP1PP1P/R1B1K2R w KQk - 0 13",1.0
"3k1b1r/4ppp1/rpQ2n2/1N1p3p/8/6Pq/PPP1PP1P/R1B1K2R w KQ - 2 15",1.0
"4kb1r/2Q1ppp1/rp2qn2/1N1p3p/8/4B1P1/PPP1PP1P/R3K2R w KQ - 6 17",1.0
"5b1r/3kppp1/QB2q3/1N1p3p/4n3/6P1/PPP1PP1P/R3K2R w KQ - 1 21",1.0
"1Q3b1r/3kppp1/1B2q3/1N1p3p/4n3/6P1/PPP1PP1P/R3K2R w KQ - 5 23",1.0
"r2qkb1r/p2ppppp/1pn2n2/2p5/8/2NPPN2/PP1P1PPP/R1BQ1RK1 w kq - 2 7",1.0
"r2qkb1r/3ppppp/1p3n2/p1p5/Nn6/1Q1PPN2/PP1P1PPP/R1B2RK1 w kq - 2 9",1.0
"r3kb1r/3ppppp/1q3n2/pp6/1P2P3/1Q1P1N2/1P1P1PPP/R1B2RK1 w kq - 1 13",1.0
"4kb1r/3p1ppp/1q2pn2/rp2N3/4P3/1Q1P4/1P1P1PPP/R1B2RK1 w k - 0 15",1.0
"4kb1r/3p1ppp/1Q2pn2/8/2p1P3/3P4/1P1P1PPP/r1B2RK1 w k - 0 17",1.0
"1Q3b1r/3pkppp/4p3/8/2P1n3/8/1P1P1PPP/r1B2RK1 w - - 0 19",1.0
"1Q3b1r/3pkpp1/4pn2/2P4p/8/3P4/1P3PPP/r1B2RK1 w - - 0 21",1.0
"5b1r/3pkpp1/4pn2/2P1Q3/1P5p/3P4/r4PPP/2B2RK1 w - - 2 23",1.0
"5b2/3pkpp1/4pn2/1PP1Q3/8/3P3r/r4P1P/2B2RK1 w - - 0 25",1.0
"1Q3b2/3pkpp1/4pn2/1PP5/8/3PB2r/r4P1P/5RK1 w - - 4 27",1.0
"r4B2/5pp1/4pn2/4k3/2Q5/3P3r/5P1P/5RK1 w - - 3 33",1.0
"6r1/5pB1/4pn2/5k2/2Q5/3P3r/5P1P/4R1K1 w - - 1 35",1.0
"6r1/5p2/4pk2/2Qr4/5P2/8/7P/4R2K w - - 1 39",1.0
"8/5p2/4pk2/8/1Q3Pr1/3r4/7P/4R2K w - - 5 41",1.0
"8/5p2/4pk2/8/1Q3Pr1/3r4/7P/2R4K w - - 9 43",1.0
"6r1/5p2/4pk2/3r4/1Q3P2/8/7P/2R4K w - - 13 45",1.0
"8/5p2/4pk2/8/1Q3P2/3r2rP/7K/2R5 w - - 3 47",1.0
"8/5p2/4p3/5k2/5P2/7K/8/2R5 w - - 1 51",1.0
"8/8/4pp2/8/4kP2/6K1/8/R7 w - - 0 53",1.0
"8/8/R4p2/4p3/5P2/4k1K1/8/8 w - - 0 55",1.0
"8/8/4Rp2/5P2/4p3/3k2K1/8/8 w - - 2 57",1.0
"8/8/5p2/5P2/3k1K2/4R3/8/8 w - - 1 59",1.0
"8/8/5R2/5P2/2k2K2/8/8/8 w - - 1 61",1.0
"4R3/8/8/2k2P2/5K2/8/8/8 w - - 5 63",1.0
"4R3/5P2/2k5/8/5K2/8/8/8 w - - 1 65",1.0
"4R3/8/8/5Q2/1k3K2/8/8/8 w - - 3 67",1.0
"8/8/8/3Q4/4RK2/8/1k6/8 w - - 7 69",1.0
"8/8/8/8/5K2/4R3/6Q1/3k4 w - - 11 71",1.0
"r1bq1rk1/1ppp1ppp/2nbpn2/p7/P7/2NBPN2/1PPP1PPP/R1BQ1RK1 w - - 0 7",0.0
"r1b2rk1/2p2ppp/2pqpn2/p1bp4/P2N4/3BP3/1PPP1PPP/R1BQ1RK1 w - - 2 11",0.0
"5rk1/2p2ppp/1rpqpn2/p2p4/P2P4/4P3/1P1PQPPP/R1B2RK1 w - - 2 15",0.0
"5rk1/2p2ppp/1r2pn2/p1qp4/P4P2/4P3/1P1PQ1PP/R1B2RK1 w - - 0 17",0.0
"r5k1/2p2ppp/1rq1pn2/p2p4/P2P1P2/4P3/1P1Q2PP/R1B2RK1 w - - 3 19",0.0
"r5k1/2p2ppp/1r2p3/p2p4/P2PnP2/2P1P3/6PP/R1B2RK1 w - - 1 21",0.0
"1r4k1/5p1p/1r2pp2/p1np4/P7/R1P1P3/6PP/2B2RK1 w - - 0 25",0.0
"1r4k1/5p1p/1r2pp2/p2p3P/P7/R1P1P1n1/6P1/2B2RK1 w - - 1 27",0.0
"1r4k1/5p1p/1r2pp2/p2p4/P7/2P1P1n1/R5P1/2BR2K1 w - - 2 29",0.0
"1r4k1/5p1p/4pp2/p2p4/P3n3/BrP1P3/2R3P1/3R2K1 w - - 6 31",0.0
"6k1/2r2p1p/4pp2/p2p4/P3n1P1/BrP1P3/2R5/R5K1 w - - 1 33",0.0
"6k1/5p2/4pp2/p2p3p/P3n1r1/4P3/1BR5/5K2 w - - 0 39",0.0
"6k1/5p2/5p2/p2pp2p/P2B2r1/4P1n1/2R2K2/8 w - - 0 41",0.0
"8/5p1k/5p2/p1BRp3/8/4P2p/4K3/r6n w - - 0 47",0.0
"8/3R1pk1/5p2/2B1p3/p7/4PK1p/8/r6n w - - 0 49",0.0
"8/5pk1/5p2/2B1p3/p7/4P2K/2r5/8 w - - 1 53",0.0
"8/5pk1/5p2/4p3/8/pr6/3B1K2/8 w - - 0 57",0.0
"8/5pk1/5p2/4p3/8/2r5/p7/4K3 w - - 0 59",0.0
"r1bq1rk1/pppp1ppp/3bpn2/8/Pn6/2NBPN2/1PPP1PPP/R1BQ1RK1 w - - 5 7",1.0
"r1bq2k1/ppp2rpp/4p3/2np4/P7/3PPN2/1PP3PP/R1BQ1RK1 w - - 1 13",1.0
"r1bq2k1/ppp3pp/8/2npNp2/P7/3PP3/1PP3PP/R1BQ2K1 w - - 0 15",1.0
"r1b3k1/ppp1q1pp/8/3pNp1Q/P2Pn3/4P3/1PP3PP/R1B3K1 w - - 1 17",1.0
"r5k1/ppp3pp/4b3/P2pNp1Q/1q1Pn3/1P2P3/2P3PP/R1B3K1 w - - 1 19",1.0
"r5k1/1pp3pp/p3b3/P2p1p1Q/3Pn3/1PqNP3/R1P3PP/2B3K1 w - - 0 21",1.0
"r5k1/2p1Q1pp/p1q1b3/Pp1p1p2/3Pn3/1P1NP3/R1P3PP/2B3K1 w - - 2 23",1.0
"4r1k1/2p4p/p3b3/Pp1pNpp1/1B1Pn3/1P2P3/R1P3PP/6K1 w - - 0 27",1.0
"4r1k1/2p5/p3b2p/Pp1pNp2/1B1Pn1p1/1P2P3/2P3PP/5RK1 w - - 0 29",1.0
"4r1k1/2p5/p2nb1Np/Pp1p1p2/1B1P3P/1P2P1p1/2P3P1/5RK1 w - - 2 31",1.0
"4r1k1/1n6/p3b1Np/PpBp1p2/3P3P/1P2PRp1/2P3P1/6K1 w - - 1 33",1.0
"4r3/1n5k/p3b1N1/Pp1p1p1p/1B1P3P/1P2P1R1/2P3P1/6K1 w - - 1 35",1.0
"4rB2/1n5k/p3b1N1/Pp1p1pRp/3P3P/1P2P3/2P3P1/6K1 w - - 5 37",1.0
"3nr3/8/p5bk/Pp1N1R1p/1B1P3P/1P2P3/2P3P1/6K1 w - - 1 41",1.0
"3n1B2/7k/p3r1b1/Pp1N3p/3P3P/1P2P3/2P2RP1/6K1 w - - 5 43",1.0
"8/7k/p1n1r1b1/P1PN3p/1B1P3P/4P3/5RP1/6K1 w - - 1 47",1.0
"5R2/4n3/p3r1bk/P1PN3p/3P3P/2B1P3/6P1/6K1 w - - 5 49",1.0
"5R2/6k1/p5b1/P1PP3p/4r2P/4B3/6P1/6K1 w - - 0 53",1.0
"4b3/6k1/p2P4/P1P4p/7r/4BR2/6P1/6K1 w - - 1 55",1.0
"8/6k1/p1bP4/P1P4p/1r6/4B1P1/5R2/6K1 w - - 3 57",1.0
"8/6k1/p1bP4/P1P4p/8/1r4P1/8/2B2RK1 w - - 7 59",1.0
"6k1/8/p1bP4/PrP4p/5B2/6P1/8/3R2K1 w - - 11 61",1.0
"6k1/3R4/p7/P1r4p/5B2/6P1/8/6K1 w - - 0 63",1.0
"3R4/5k2/p7/P6p/8/6P1/2rB4/6K1 w - - 4 65",1.0
"8/4k3/p7/P2R3p/8/4BKP1/7r/8 w - - 20 73",1.0
"8/5k2/p7/P3R2p/3B4/5KP1/7r/8 w - - 24 75",1.0
"8/8/p3k3/P6p/3B4/6P1/4K3/8 w - - 1 77",1.0
"8/8/p1k5/P6p/3B4/3K2P1/8/8 w - - 5 79",1.0
"8/8/p1k5/P6p/3B4/3K2P1/8/8 w - - 9 81",1.0
"8/8/p1k5/P6p/3B4/3K2P1/8/8 w - - 13 83",1.0
"8/8/p3k3/P6p/2K5/2B3P1/8/8 w - - 17 85",1.0
"8/8/p7/P2K3p/3B2k1/6P1/8/8 w - - 21 87",1.0
"8/8/p3k3/P3B2p/3K4/6P1/8/8 w - - 25 89",1.0
"8/8/p1k5/P3B2p/3K4/6P1/8/8 w - - 29 91",1.0
"8/8/p3k3/P1K1B2p/8/6P1/8/8 w - - 33 93",1.0
"8/8/pK1Bk3/P6p/8/6P1/8/8 w - - 37 95",1.0
"8/8/K7/P6p/1Bk5/6P1/8/8 w - - 1 97",1.0
"5B2/8/4k3/PK5p/8/6P1/8/8 w - - 5 99",1.0
"8/8/P5k1/1KB4p/8/6P1/8/8 w - - 3 101",1.0
"Q7/8/6k1/1KB5/8/6p1/8/8 w - - 0 103",1.0
"8/8/4k3/1KB5/8/6Q1/8/8 w - - 1 105",1.0
"2k5/8/3Q4/1KB5/8/8/8/8 w - - 5 107",1.0
"r1bq1rk1/1ppp1ppp/2nbpn2/p7/P7/2NBPN2/1PPP1PPP/R1BQ1RK1 w - - 0 7",0.0
"r1bq1rk1/1p1p1ppp/3ppn2/p7/Pn6/3BPN2/1PPP1PPP/R1BQ1RK1 w - - 0 9",0.0
"r1bq1rk1/1p1p1ppp/4pn2/p2p4/P7/3QPN2/1PPP1PPP/R1B2RK1 w - - 0 11",0.0
"r1bq1rk1/1p3ppp/3p1n2/p2pp3/P7/3QPN2/1PPP1PPP/R1B2RK1 w - - 0 13",0.0
"r4rk1/1pqb1ppp/3p1n2/pQ1pp3/P7/2P1PN2/1P1P1PPP/R1B2RK1 w - - 1 15",0.0
"r4rk1/1pq2ppp/3p1n2/pQ1pp3/P5b1/2P1PN2/1P1P1PPP/R1B2RK1 w - - 5 17",0.0
"r4rk1/2q2pp1/1p1p1n2/pQ1pp2p/P7/2PPPP2/1P3P1P/R1B2RK1 w - - 0 21",0.0
"r4rk1/2qn1pp1/1p1p4/pQ2p3/P3P3/2PPB2p/1P3P1P/R4RK1 w - - 2 25",0.0
"4rrk1/2q2pp1/1pnp4/p7/P2RP3/2P1B2p/1P2QP1P/R5K1 w - - 3 29",0.0
"5rk1/5pp1/1pnp4/p7/P1Q1r3/2P1B2p/1P2KPqP/R2R4 w - - 0 33",0.0
"5rk1/5pp1/1R6/pQ2r3/P5n1/2PKB2p/1P3P1q/R7 w - - 3 37",0.0
"4r1k1/3Q1pp1/1R6/p1B1r3/P5n1/2PK3p/1P3P1q/R7 w - - 7 39",0.0
"4r1k1/3Q1pp1/1R6/p1B5/P7/1KP4p/1P2rn1q/R7 w - - 0 41",0.0
"4r1k1/2q2pp1/1R6/Q1B5/PP6/K1P5/4rn1p/R7 w - - 1 45",0.0
"4r1k1/5pp1/8/P1B5/P7/K1P5/8/7n w - - 0 49",0.0
"4r1k1/P4pp1/8/2B5/P3n3/K1P5/8/8 w - - 1 51",0.0
"4r1k1/P5p1/8/P7/3Bnp2/K1P5/8/8 w - - 0 53",0.0
"4r1k1/P7/8/P5p1/3Bn3/K1P2p2/8/8 w - - 0 55",0.0
"4r1k1/P7/P7/8/2PBn3/K4pp1/8/8 w - - 0 57",0.0
"4r1k1/P7/P7/2P5/K2Bn3/6p1/8/5q2 w - - 0 59",0.0
"3q2k1/P7/P7/2r5/4n3/K5p1/8/8 w - - 0 63",0.0
"r1bq1rk1/pppp1ppp/2nbp3/3n4/P7/N2BPN2/1PPP1PPP/R1BQ1RK1 w - - 5 7",0.0
"r1bq1rk1/1ppp1ppp/2nbp3/p7/PnP5/N3PN2/1P1P1PPP/RBBQ1RK1 w - - 0 9",0.0
"r1b2rk1/2pp2pp/1pnqp3/p4pN1/PnP1B3/4P3/1P1P1PPP/R1BQ1RK1 w - - 0 13",0.0
"r4rk1/2pp2p1/b1nqp2p/p1p2p1Q/P7/4PN2/1P1P1PPP/R1B2RK1 w - - 2 17",0.0
"1r3rk1/2pp2p1/2nqp2p/p4p1Q/P1p5/4P3/1P1P1PPP/R1B1R1K1 w - - 2 21",0.0
"1r3rk1/2pp2p1/3qp2p/p4p2/P1p5/3nP1Q1/1P1P1PPP/R1B1R1K1 w - - 6 23",0.0
"1r3rk1/2pp2p1/4p2p/p4p2/P1p5/4P1P1/1n1P2PP/R1B2RK1 w - - 0 25",0.0
"1r3rk1/2p3p1/7p/p2ppp2/P1p2R1P/4P1P1/1n1P2P1/R1B3K1 w - - 0 27",0.0
"1r3rk1/6p1/7p/p1pppp2/P1p4P/B2nP1P1/3P2P1/R4RK1 w - - 0 29",0.0
"5rk1/6p1/8/p1pppp1p/P1p4P/Br1nP1P1/3P2P1/R4RK1 w - - 0 31",0.0
"6k1/5rp1/8/p1pp1p1p/P1p1p2P/Br1nP1P1/3P2P1/R4RK1 w - - 2 33",0.0
"6k1/5rp1/8/p4p1p/P1ppp2P/Br1n2P1/R2P2P1/5RK1 w - - 0 35",0.0
"6k1/5rp1/3B4/p4p1p/P1p4P/1r1np1P1/R5P1/5RK1 w - - 0 37",0.0
"6k1/5rp1/8/p4p1p/P4P1P/1rp1p3/R5P1/5RK1 w - - 0 39",0.0
"6k1/6p1/8/p6p/P3pP1P/1r6/2p3P1/4R1K1 w - - 0 43",0.0
"6k1/6p1/8/p6p/P3RP1P/8/5KP1/1rq5 w - - 0 45",0.0
"8/5kp1/8/p6p/P3qP1P/8/1r4P1/6K1 w - - 2 51",0.0
"rnb2rk1/pp1pqppp/3bpn2/2p5/P7/2NBPN2/1PPP1PPP/R1BQ1RK1 w - - 4 7",0.5
"r1b2rk1/1pqp1ppp/p1n1pn2/P1p3N1/8/3BP3/1PPP1PPP/R1BQ1RK1 w - - 2 11",0.5
"r1b2rk1/1pqp2pp/p3p3/n4p2/2p4Q/3BP3/1PPP1PPP/R1B2RK1 w - - 0 15",0.5
"r4rk1/1pqb2pp/p3p3/3p1p2/2n4Q/3BP3/1PPB1PPP/R4RK1 w - - 3 19",0.5
"r4rk1/1pqb2pp/8/p2pppQ1/2n5/2BBP3/1PP2PPP/R4RK1 w - - 0 21",0.5
"4rrk1/1p5p/6p1/pb1pPBQ1/8/8/1PP2RPP/6K1 w - - 0 27",0.5
"5r1k/1p5p/4P1p1/p2p2Q1/2b5/3B4/1PP3PP/6K1 w - - 3 31",0.5
"4r3/1p2P1kp/4Q1p1/p7/2p5/8/1PP3PP/6K1 w - - 2 35",0.5
"4r3/4P1k1/4Q1p1/pp5p/2p4P/2P5/1P4P1/6K1 w - - 0 37",0.5
"4r3/4P1k1/4Q1p1/7p/1pp4P/6P1/1P6/6K1 w - - 0 39",0.5
"4r3/4P1k1/4Q1p1/7p/7P/2p3P1/6K1/8 w - - 0 41",0.5
"4r3/4Pk2/6p1/4Q2p/7P/6P1/2p3K1/8 w - - 2 43",0.5
"8/4r1k1/6p1/7p/7P/3Q2P1/6K1/8 w - - 3 47",0.5
"8/2r4k/6p1/7p/3Q3P/6P1/8/5K2 w - - 7 49",0.5
"8/3Q4/6pk/7p/7P/6PK/r7/8 w - - 27 59",0.5
"7Q/7r/6pk/7p/7P/6PK/8/8 w - - 31 61",0.5
"7Q/7r/6pk/7p/7P/6PK/8/8 w - - 35 63",0.5
"7Q/7r/6pk/7p/7P/6PK/8/8 w - - 39 65",0.5
"8/6rk/5Qp1/7p/6PP/7K/8/8 w - - 1 67",0.5
"5Q2/6rk/6p1/6Pp/7P/7K/8/8 w - - 3 69",0.5
"8/2r4k/4Q1p1/6Pp/7P/7K/8/8 w - - 7 71",0.5
"8/6rk/6p1/6Pp/2Q4P/7K/8/8 w - - 11 73",0.5
"8/2r4k/6p1/3Q2Pp/7P/8/6K1/8 w - - 15 75",0.5
"8/2r4k/6p1/6Pp/7P/5Q1K/8/8 w - - 19 77",0.5
"8/r6k/4Q1p1/6Pp/7P/6K1/8/8 w - - 47 91",0.5
"8/r6k/6p1/3Q2Pp/5K1P/8/8/8 w - - 51 93",0.5
"8/r6k/6p1/3Q2Pp/5K1P/8/8/8 w - - 55 95",0.5
"8/4r1k1/6p1/6Pp/2Q4P/5K2/8/8 w - - 59 97",0.5
"8/6k1/6p1/5rPp/7P/3Q2K1/8/8 w - - 63 99",0.5
"5rk1/8/6p1/6Pp/3Q3P/8/6K1/8 w - - 67 101",0.5
"8/6k1/3Q2p1/5rPp/7P/8/8/6K1 w - - 71 103",0.5
"8/5r1k/2Q3p1/6Pp/7P/8/8/6K1 w - - 75 105",0.5
"8/r6k/6p1/6Pp/2Q4P/8/6K1/8 w - - 79 107",0.5
"8/2r4k/6p1/3Q2Pp/5K1P/8/8/8 w - - 87 111",0.5
"8/2r4k/6p1/3Q2Pp/5K1P/8/8/8 w - - 91 113",0.5
"8/2r4k/6p1/3Q2Pp/5K1P/8/8/8 w - - 95 115",0.5
"r1bq1rk1/pp1p1ppp/2nbpn2/2p5/P7/2NBPN2/1PPP1PPP/R1BQ1RK1 w - - 2 7",1.0
"r1b2rk1/pp1p1ppp/2nqpn2/2p5/P7/3BPN2/1PPP1PPP/R1BQ1RK1 w - - 0 9",1.0
"r1b3k1/1p1p2p1/2nqpr2/p1p2pNQ/P7/1P2P3/1BPP1PPP/R4RK1 w - - 2 15",1.0
"r1b2k2/1p1pn1pQ/3qpB2/p1p2pN1/P7/1P2P3/2PP1PPP/R4RK1 w - - 1 17",1.0
"r1b1k1n1/1p1p2Q1/3qpB2/p1p2pN1/P7/1P2P3/2PP1PPP/R4RK1 w - - 1 19",1.0
"r1b1kb1r/ppqppppp/5n2/2pn4/8/P1N1PN2/1PPPBPPP/R1BQ1RK1 w kq - 3 7",0.5
"r1b1kb1r/ppqpppp1/5n1p/2p5/2B5/P1P1PN2/1PP2PPP/R1BQ1RK1 w kq - 0 9",0.5
"r1b1kb1r/1pqppp2/5n1p/p1p3p1/2B5/P1PQPN2/1PPB1PPP/R4RK1 w kq - 0 11",0.5
"r3kb1r/1pqbpp2/5n1p/pBpp1Qp1/8/P1P1PN2/1PPB1PPP/R4RK1 w kq - 2 13",0.5
"r3kb1r/1p1npp2/7p/pPpp4/2P3p1/4PN2/1PPB1PPP/R4RK1 w kq - 0 17",0.5
"R2bk2r/3n1p2/1p5p/1Pp1p3/2p3pN/2B1P3/1PP2PPP/6K1 w k - 3 23",0.5
"3bk2r/R2n4/1p3p2/1Pp1pN1p/2p3p1/2B1P3/1PP2PPP/6K1 w k - 0 25",0.5
"3b3r/R2n4/1p2kp2/1Pp1p2p/2N3p1/2B1P3/1PP2PPP/6K1 w - - 1 27",0.5
"3b3r/R2n4/4k3/1Pp1pp1p/2N3p1/2B1P3/2P2PPP/6K1 w - - 0 29",0.5
"6r1/4k3/1P1R4/2p4p/2N2p2/2b2P2/2P4P/7K w - - 2 37",0.5
"1r6/1P2k3/3R4/2p4p/2Nb1p1P/5P2/2P5/7K w - - 1 39",0.5
"1r6/1Pk5/7R/N1p4p/3b1p1P/5P2/2P5/7K w - - 5 41",0.5
"4r3/1P5R/1k6/N1p4p/2Pb1p1P/5P2/8/7K w - - 3 43",0.5
"1r6/1P1R4/1k6/2p4p/2P2p1P/1N3P2/5b2/7K w - - 15 49",0.5
"1r6/1P1R4/1k6/2p4p/2P2p2/1N3PbK/8/8 w - - 2 51",0.5
"8/2r5/1k6/2NR3p/2P2p2/5PbK/8/8 w - - 1 53",0.5
"8/8/1krR4/8/2P1Np1p/5PbK/8/8 w - - 2 55",0.5
"8/8/2k5/8/2P1NpKp/5Pb1/8/8 w - - 0 57",0.5
"8/8/4k3/8/2P1NpKp/5Pb1/8/8 w - - 4 59",0.5
"8/8/8/4k1NK/2P2p1p/5Pb1/8/8 w - - 8 61",0.5
"8/5N2/8/8/2k2pKp/5Pb1/8/8 w - - 0 63",0.5
"8/8/8/5N2/5pKp/5Pb1/4k3/8 w - - 4 65",0.5
"8/8/8/8/3Nkp2/6bK/8/8 w - - 2 69",0.5
"8/8/8/8/3Nkp2/6bK/8/8 w - - 6 71",0.5
"8/8/8/8/4kpK1/4bN2/8/8 w - - 10 73",0.5
"8/8/8/6N1/3k1p2/4bK2/8/8 w - - 14 75",0.5
"8/8/8/4k3/5pK1/7N/3b4/8 w - - 18 77",0.5
"8/8/8/4k3/5pK1/7N/3b4/8 w - - 22 79",0.5
"8/8/8/4k3/5pK1/7N/3b4/8 w - - 26 81",0.5
"8/8/8/4k3/5pK1/7N/3b4/8 w - - 30 83",0.5
"8/8/8/4k3/5pK1/7N/3b4/8 w - - 34 85",0.5
"8/8/8/4k3/5pK1/7N/3b4/8 w - - 38 87",0.5
"8/8/8/4k3/5pK1/7N/3b4/8 w - - 42 89",0.5
"8/8/8/4k3/5pK1/7N/3b4/8 w - - 46 91",0.5
"8/8/8/4k3/5pK1/7N/3b4/8 w - - 50 93",0.5
"8/8/8/4k3/5pK1/7N/3b4/8 w - - 54 95",0.5
"8/8/8/4k3/5pK1/7N/3b4/8 w - - 58 97",0.5
"8/8/8/4k3/5pK1/7N/3b4/8 w - - 62 99",0.5
"8/8/8/4k3/5pK1/7N/8/2b5 w - - 66 101",0.5
"8/8/8/4k3/5pK1/7N/3b4/8 w - - 70 103",0.5
"8/8/8/4k3/5pK1/7N/3b4/8 w - - 74 105",0.5
"8/8/8/4k3/5pK1/7N/3b4/8 w - - 78 107",0.5
"8/8/8/4k3/5pK1/7N/3b4/8 w - - 82 109",0.5
"8/8/8/4k3/5pK1/7N/3b4/8 w - - 86 111",0.5
"8/8/8/4k3/5pK1/7N/3b4/8 w - - 90 113",0.5
"8/8/8/4k3/5pK1/7N/3b4/8 w - - 94 115",0.5
"8/8/8/5kN1/5p2/5K2/8/2b5 w - - 98 117",0.5
"r1bqkb1r/pp1ppp1p/5np1/2p5/8/2NPPN2/PP1P1PPP/R1BQ1RK1 w kq - 0 7",0.0
"r1bqkb1r/pp1ppp2/5np1/7p/3N4/2N1P3/PP1P1PPP/R1BQ1RK1 w kq - 0 9",0.0
"r1b1kb1r/ppqppp2/5np1/8/3N3p/1QNPP3/PP3PPP/R1B2RK1 w kq - 0 11",0.0
"r1b1kb1r/pp1ppp2/5np1/1Nq5/3N1P1p/1Q1PP3/PP4PP/R1B2RK1 w kq - 1 13",0.0
"r1b1kb2/pp1ppp2/5np1/2q5/3N1P2/1QNPP2r/PP5P/R1B2RK1 w q - 0 15",0.0
"r1b1kb2/pp1ppp2/6p1/7q/3N1Pn1/1QNPP2r/PP1B1R1P/R5K1 w q - 4 17",0.0
"1rbk1b2/ppNppp2/8/6Pq/3N2R1/1Q1PP3/PP1B1K2/r7 w - - 0 23",0.0
"r1bq1rk1/1ppp1ppp/2nbpn2/p7/3P4/2N1PN2/PPP1BPPP/R1BQ1RK1 w - - 0 7",0.5
"r1bq1rk1/1ppp1ppp/3bp3/p7/1nPP4/4PN2/PP2BPPP/R1BQ1RK1 w - - 1 11",0.5
"r1bq1rk1/1pppbppp/4p3/p1Pn4/3P4/P3PN2/1P2BPPP/R1BQ1RK1 w - - 1 13",0.5
"r1bq1rk1/1pp1bpp1/5n1p/p1Pp2N1/3P4/P7/1PQ1BPPP/R1B2RK1 w - - 0 17",0.5
"r2q1rk1/1pp1bpp1/7p/p1PpNb2/3Pn3/P7/1PQ1BPPP/R1B2RK1 w - - 4 19",0.5
"r4rk1/1ppqb1p1/5p1p/p1Pp1b2/3Pn3/P4N2/1PQ1BPPP/R1B1R1K1 w - - 2 21",0.5
"r4rk1/2p1b1p1/1pP1qp1p/p2p1b2/3Pn3/P2B1N2/1PQ2PPP/R1B1R1K1 w - - 1 23",0.5
"r2q1rk1/2p3pn/1pP2p1p/p2p1N2/3P4/P4P2/1PQ3PP/R3R1K1 w - - 2 29",0.5
"r5k1/2p3pn/1pPq1p1p/p2p4/P2P4/5P2/1PQ3PP/R3R1K1 w - - 1 33",0.5
"5rk1/2p3p1/1pPq1p1p/p2p2n1/P2P4/4RP2/1PQ3PP/4R1K1 w - - 5 35",0.5
"3n1rk1/2p3p1/1pPq1p1p/p2p3P/P2P4/4RP2/1PQ3P1/4R1K1 w - - 1 37",0.5
"r5k1/2p3p1/1pPqnp1p/p2p3P/P2P4/2RQ1P2/1P4P1/4R1K1 w - - 5 39",0.5
"6k1/2p1r1p1/1pPqnp1p/p2p3P/P2P4/1P1Q1P2/2R3P1/4R1K1 w - - 1 41",0.5
"6k1/2p3p1/1pPq1p1p/p2p3n/P2P4/1P3P2/3Q2P1/2R3K1 w - - 2 45",0.5
"4Qqk1/2p3p1/1pP2p1p/p2p4/P2P1n2/1P3P2/6P1/2R3K1 w - - 6 47",0.5
"4R3/2p2kp1/1pP2p1p/p2p4/P2P1n2/1P3P2/6P1/6K1 w - - 1 49",0.5
"2R5/2p2k2/1pP1np1p/p2p2p1/P2P4/1P3P2/5KP1/8 w - - 0 51",0.5
"4R3/2p2k2/1pP1n2p/p2p2p1/P2P1pP1/1P1K1P2/8/8 w - - 4 55",0.5
"4R3/2p2k2/1pP1n2p/p2p2p1/P2P1pP1/1P1K1P2/8/8 w - - 8 57",0.5
"4R3/2p2k2/1pP1n2p/p2p2p1/P2P1pP1/1P1K1P2/8/8 w - - 12 59",0.5
"4R3/2p2k2/1pP1n2p/p2p2p1/P2P1pP1/1P1K1P2/8/8 w - - 16 61",0.5
"4R3/2p2k2/1pP1n2p/p2p2p1/P2P1pP1/1P1K1P2/8/8 w - - 20 63",0.5
"4R3/2p2k2/1pP1n2p/p2p2p1/P2P1pP1/1P1K1P2/8/8 w - - 24 65",0.5
"4R3/2p2k2/1pP1n2p/p2p2p1/P2P1pP1/1P1K1P2/8/8 w - - 28 67",0.5
"4R3/2p2k2/1pP1n2p/p2p2p1/P2P1pP1/1P1K1P2/8/8 w - - 32 69",0.5
"4R3/2p2k2/1pP1n2p/p2p2p1/P2P1pP1/1P1K1P2/8/8 w - - 36 71",0.5
"4R3/2p2k2/1pP1n2p/p2p2p1/P2P1pP1/1P1K1P2/8/8 w - - 40 73",0.5
"4R3/2p2k2/1pP1n2p/p2p2p1/P2P1pP1/1P1K1P2/8/8 w - - 44 75",0.5
"4R3/2p2k2/1pP1n2p/p2p2p1/P2P1pP1/1P1K1P2/8/8 w - - 48 77",0.5
"4R3/2p2k2/1pP1n2p/p2p2p1/P2P1pP1/1P1K1P2/8/8 w - - 52 79",0.5
"4R3/2p2k2/1pP1n2p/p2p2p1/P2P1pP1/1P1K1P2/8/8 w - - 56 81",0.5
"4R3/2p2k2/1pP1n2p/p2p2p1/P2P1pP1/1P1K1P2/8/8 w - - 60 83",0.5
"4R3/2p2k2/1pP1n2p/p2p2p1/P2P1pP1/1P1K1P2/8/8 w - - 64 85",0.5
"4R3/2p2k2/1pP1n2p/p2p2p1/P2P1pP1/1P1K1P2/8/8 w - - 68 87",0.5
"4R3/2p2k2/1pP1n2p/p2p2p1/P2P1pP1/1P1K1P2/8/8 w - - 72 89",0.5
"4R3/2p2k2/1pP1n2p/p2p2p1/P2P1pP1/1P1K1P2/8/8 w - - 76 91",0.5
"4R3/2p2k2/1pP1n2p/p2p2p1/P2P1pP1/1P1K1P2/8/8 w - - 80 93",0.5
"4R3/2p2k2/1pP1n2p/p2p2p1/P2P1pP1/1P1K1P2/8/8 w - - 84 95",0.5
"4R3/2p2k2/1pP1n2p/p2p2p1/P2P1pP1/1P1K1P2/8/8 w - - 88 97",0.5
"4R3/2p2k2/1pP1n2p/p2p2p1/P2P1pP1/1P1K1P2/8/8 w - - 92 99",0.5
"4R3/2p2k2/1pP1n2p/p2p2p1/P2P1pP1/1P1K1P2/8/8 w - - 96 101",0.5
"r1b2rk1/1pp2ppp/p1p1p3/3nP3/8/2N1P3/PPP2PPP/R1BR2K1 w - - 1 11",0.0
"r1br2k1/2p2ppp/p1p1p3/1p1nP3/P3N3/4P3/1PP2PPP/R1BR2K1 w - - 1 13",0.0
"r2r2k1/2pb1ppp/p1p1p3/P2nP3/2p1N3/4P3/1P3PPP/R1BR2K1 w - - 0 15",0.0
"1r1r2k1/2pb1ppp/p1p1p3/P2nP3/R7/2N1P3/1P3PPP/2BR2K1 w - - 1 17",0.0
"3r2k1/2pb1ppp/p1p1p3/P3P3/1R2P3/2P5/5PPP/r1BR2K1 w - - 3 21",0.0
"6k1/2pr1ppp/p3p3/P1p1P3/4P3/2P5/5PPP/r1BR2K1 w - - 0 23",0.0
"6k1/2p2ppp/p3p3/r1p1P3/4PB2/2Pr4/5PPP/5RK1 w - - 2 25",0.0
"6k1/2p2ppp/p3p3/1r2P3/2p1P3/2PrB3/5PPP/1R4K1 w - - 2 27",0.0
"6k1/2p2ppp/p3p3/1r2P3/2p1P3/4B3/2r2PPP/R4K2 w - - 2 29",0.0
"r5k1/B1p2ppp/p3p3/4P3/2p1P3/8/2r2PPP/3R1K2 w - - 6 31",0.0
"r5k1/2p2ppp/p3p3/2B1P3/4P3/2p5/1r3PPP/3R2K1 w - - 2 33",0.0
"3r2k1/2p2ppp/p3p3/4P3/4P3/4B3/1rp2PPP/2R3K1 w - - 2 35",0.0
"6k1/2p2ppp/p3p3/4P3/4P3/4B3/2p2PPP/1r1rRK2 w - - 6 37",0.0
"r1bq1rk1/pppp1ppp/3bpn2/4n1N1/8/2NBP3/PPPP1PPP/R1BQ1RK1 w - - 8 7",0.5
"r1bq1rk1/1ppp1ppp/3bpn2/p5N1/8/2NPP3/PP1PQPPP/R1B2RK1 w - - 0 9",0.5
"r1b2rk1/1pqp1ppp/2pbpn2/p5N1/P2P4/2N1P3/1P1PQPPP/R1B2RK1 w - - 1 11",0.5
"r1b2rk1/1pqp1ppp/2pbp2n/p7/P2P4/2N1PN1P/1P1PQPP1/R1B2RK1 w - - 1 13",0.5
"r1b2rk1/2qpbppp/1pp1p2n/p3P3/P2P4/2N2N1P/1P1PQPP1/R1B2RK1 w - - 1 15",0.5
"r1b2rk1/2q1bppp/1pp1p3/p2pPn2/P2P1B2/2NP1N1P/1P2QPP1/R4RK1 w - d6 0 17",0.5
"r1b2rk1/2q2ppp/1pp1p3/p2pP3/P2P1BPb/2NP3P/1P2QP2/R4RK1 w - - 0 19",0.5
"r4rk1/2qb2pp/1pp1pp2/p2pP3/P2P2Pb/2NPBQ1P/1P3P2/R4RK1 w - - 0 21",0.5
"5rk1/r1qb2pp/1pp1p3/p2pQ3/P2P2Pb/2NPB2P/1P3P2/R4RK1 w - - 1 23",0.5
"6k1/2rb2pp/1pp1p3/p2p2P1/P2P3b/2NPBr1P/1P3P2/R4RK1 w - - 0 25",0.5
"6k1/2rb2pp/1pp1p3/p2p2P1/P2P3b/2NPBr1P/1P3P2/R4RK1 w - - 4 27",0.5
"6k1/3b2pp/4p3/pNBp1rP1/P6b/3P3P/1P3PK1/R7 w - - 1 33",0.5
"6k1/3b2pp/1B2p3/pN1p2P1/Pr5b/3P3P/1P4K1/R7 w - - 2 35",0.5
"6k1/6pp/1B2p3/pr1p2P1/7b/3P3P/RP4K1/8 w - - 0 37",0.5
"6k1/6pp/8/pr2p1P1/3p3b/3PB2P/RP6/6K1 w - - 0 39",0.5
"6k1/6pp/8/2r1p1P1/p2p3b/3P3P/1P6/R1B3K1 w - - 0 41",0.5
"6k1/6pp/8/4p1P1/p2p4/3P1K1P/1Pr5/R1B1b3 w - - 4 43",0.5
"6k1/6pp/8/4p1P1/p2p4/3P1K1P/1Pr5/R1B1b3 w - - 8 45",0.5
"6k1/7p/6p1/4p1P1/p2p2KP/3P4/1Pr2b2/R1B5 w - - 0 47",0.5
"8/6k1/6pp/4R1PP/8/3P3K/1r2p3/8 w - - 1 53",0.5
"8/6k1/6pp/4R1PP/8/3P3K/1r2p3/8 w - - 5 55",0.5
"8/6k1/6pp/4R1PP/8/3P3K/1r2p3/8 w - - 9 57",0.5
"8/6k1/6pp/4R1PP/8/3P3K/1r2p3/8 w - - 13 59",0.5
"8/6k1/6pp/4R1PP/8/3P3K/1r2p3/8 w - - 17 61",0.5
"8/8/6k1/4R1p1/8/3P2K1/1r2p3/8 w - - 0 65",0.5
"8/8/6k1/6p1/8/3r4/4RK2/8 w - - 0 67",0.5
"8/8/1R6/5k2/6p1/3r4/5K2/8 w - - 0 69",0.5
"8/8/8/5k2/1R4p1/3r4/5K2/8 w - - 4 71",0.5
"8/8/8/5k2/1R4p1/3r4/5K2/8 w - - 8 73",0.5
"8/8/8/5k2/1R4p1/3r4/5K2/8 w - - 12 75",0.5
"8/8/8/5k2/1R4p1/3r4/5K2/8 w - - 16 77",0.5
"8/8/8/6k1/1R4p1/3r4/5K2/8 w - - 20 79",0.5
"8/8/8/8/1R4p1/3r3k/5K2/8 w - - 24 81",0.5
"8/8/1R6/8/8/r5pk/4K3/8 w - - 2 83",0.5
"8/8/6R1/8/5k2/r5p1/4K3/8 w - - 6 85",0.5
"8/6R1/8/8/5k2/6p1/3r4/5K2 w - - 10 87",0.5
"8/5R2/8/8/6k1/6p1/3r4/5K2 w - - 18 91",0.5
"8/5R2/8/8/6k1/6p1/3r4/5K2 w - - 22 93",0.5
"8/5R2/8/8/6k1/6p1/3r4/5K2 w - - 26 95",0.5
"8/5R2/8/8/6k1/6p1/3r4/5K2 w - - 30 97",0.5
"8/5R2/8/8/6k1/6p1/3r4/5K2 w - - 34 99",0.5
"8/5R2/8/8/6k1/6p1/3r4/5K2 w - - 38 101",0.5
"8/5R2/8/8/6k1/6p1/3r4/5K2 w - - 42 103",0.5
"8/5R2/8/8/6k1/6p1/3r4/5K2 w - - 46 105",0.5
"8/5R2/8/8/6k1/6p1/3r4/5K2 w - - 50 107",0.5
"8/5R2/8/8/6k1/6p1/3r4/5K2 w - - 54 109",0.5
"8/5R2/8/8/6k1/6p1/3r4/5K2 w - - 58 111",0.5
"8/5R2/8/8/6k1/6p1/3r4/5K2 w - - 62 113",0.5
"8/5R2/8/8/6k1/6p1/3r4/5K2 w - - 66 115",0.5
"8/5R2/8/8/6k1/6p1/3r4/5K2 w - - 70 117",0.5
"r1bq1rk1/1p1p1ppp/3ppn2/p7/5P2/2PBP3/PP1P2PP/R1BQ1RK1 w - - 0 11",0.0
"r2q1rk1/1b1p1ppp/1p1ppn2/p7/PP3P2/2PBP3/3P2PP/R1BQ1RK1 w - - 1 13",0.0
"5rk1/1bqp1ppp/1p1ppn2/r7/P4P2/2PBP3/2QP2PP/R1B2RK1 w - - 0 15",0.0
"5rk1/1b1p1ppp/1pqppn2/8/r4P2/B1PBPR2/2QP2PP/R5K1 w - - 0 17",0.0
"r5k1/1b1p1ppp/2qppn2/1p6/r1P2P2/B2BPR2/3P2PP/R1Q3K1 w - - 0 19",0.0
"r5k1/3p1pp1/3pp3/3n3p/2BB1P2/4PP2/3P3P/6K1 w - - 0 25",0.0
"2r3k1/3p1pp1/3p4/3p1P1p/3B4/4PP2/3P3P/6K1 w - - 0 27",0.0
"6k1/3p1p2/3p1P2/3p2pp/2rBP3/5P2/3P3P/6K1 w - - 1 29",0.0
"6k1/3p1p2/3p1P2/6pp/4r3/4B3/3P3P/6K1 w - - 0 31",0.0
"6k1/3p1p2/3p1P2/7p/r5p1/3PB3/5K1P/8 w - - 1 33",0.0
"6k1/3p1p2/3p1P2/3P4/6pp/r3B3/5K1P/8 w - - 1 35",0.0
"6k1/3p1p2/3p1P2/5r2/3B4/3K4/6p1/8 w - - 0 41",0.0
"6k1/3p1p2/3p4/8/4K3/8/6p1/5rB1 w - - 2 43",0.0
"6k1/3p4/3p4/3K1p2/3B4/8/6p1/3r4 w - - 2 45",0.0
"6k1/3p4/3p4/1K6/5p2/4q3/8/8 w - - 0 49",0.0
"6k1/3p4/3p4/2q5/8/1K6/5p2/8 w - - 0 53",0.0
"r2qkb1r/2pppppp/b1p2n2/p7/8/2N1PN2/PPPP1PPP/R1BQ1RK1 w kq - 2 7",1.0
"r2qkb1r/2ppppp1/b1p2n2/p3N3/7p/2NPP3/PPP2PPP/R1BQ1RK1 w kq - 0 9",1.0
"rq2kb2/2ppppp1/2p2n2/7r/p1P1P3/2N5/PPP2PQP/R1BR2K1 w q - 1 15",1.0
"r3kb2/2ppppp1/2p2n2/7r/1qP1P3/1PN5/P4PQP/R1BR2K1 w q - 1 17",1.0
"r3kb2/2ppppp1/2p2n2/4q2r/2P1P3/1PNRB3/P4PQP/R5K1 w q - 5 19",1.0
"r3kb2/2pppp2/2p1qnp1/7r/P1P1PP2/1PNRB3/6QP/R5K1 w q - 0 21",1.0
"2r1kb2/2pppp2/2p1q1p1/1N2P2r/P1P2Pn1/1P1RB3/6QP/R5K1 w - - 3 23",1.0
"2r1kb2/2pppp2/2p1N1p1/7r/P1P2P2/1P1nB3/6QP/R5K1 w - - 0 25",1.0
"2rk1b2/2p1pp2/2Q3p1/3PP3/P7/1PR1B3/7P/6K1 w - - 3 31",1.0
"2rk3b/2p1pp2/2Q3p1/P2PP3/3B4/1PR5/7P/6K1 w - - 3 33",1.0
"2rk4/2p3b1/P3Q3/2B1P1p1/8/1PR5/7P/6K1 w - - 2 37",1.0
"rnbqkb1r/pp2ppp1/2p2n2/3p4/8/2NBPN1p/PPPP1PPP/R1BQK2R w KQkq - 0 7",1.0
"r2qkb1r/pp2ppp1/n1p2n2/3p4/6b1/2NBPNPp/PPPP1P1P/R1BQ1RK1 w kq - 3 9",1.0
"r2qkb1r/pp2ppp1/2p2n2/8/1P2p3/4PBPp/P1PP1P1P/R1BQ1RK1 w kq - 0 13",1.0
"r2qkb1r/1p2pp2/2p2n2/pP4p1/4p3/4P1Pp/P1PPBP1P/R1BQ1RK1 w kq - 0 15",1.0
"r3kb1r/1p2pp2/2p2n2/1P1q2p1/p2Bp3/4P1Pp/P1PPBP1P/R2Q1RK1 w kq - 2 17",1.0
"r3k2r/1p2ppb1/1Pp2n2/3q2p1/3Bp3/p1P1P1Pp/P2PBP1P/R2Q1RK1 w kq - 1 19",1.0
"2kr3r/1p2ppb1/1Pp2n2/q5p1/2PBp3/p3P1Pp/P2PBP1P/1R1Q1RK1 w - - 3 21",1.0
"2krn2r/1p3pb1/1Pp1p3/q1P3p1/3Bp1B1/p3P1Pp/P2P1P1P/1R1Q1RK1 w - - 0 23",1.0
"2krn3/1p3p1r/1Pp1p3/q1P3pB/3Pp3/p5Pp/P2P1P1P/1R1Q1RK1 w - - 1 25",1.0
"2k1n3/1p3p1r/1Pp1p3/q1P3pB/4p3/p1Rr2Pp/P2P1P1P/3Q1RK1 w - - 2 27",1.0
"2k1n3/1p3p1r/1qp1p3/6p1/4p3/p5Pp/P2PBP1P/3Q1RK1 w - - 0 31",1.0
"2k5/1p3p1r/1qp1p3/3n2p1/4p3/Q5Pp/P2PBP1P/5RK1 w - - 1 33",1.0
"8/1p1k3r/2p1p3/3n1p2/P3p3/4P1Pp/3PB2P/5RK1 w - - 0 39",1.0
"8/1p1k2r1/2p5/P2npp2/4p3/4P1Pp/3PB2P/2R3K1 w - - 0 41",1.0
"8/r7/2pk4/3npp2/2B1p3/4P1Pp/3P3P/2R3K1 w - - 3 45",1.0
"8/7r/3k4/2pnpp2/2B1p3/4P1Pp/3P3P/2R3K1 w - - 0 47",1.0
"8/7r/3k4/2pnpp2/4p3/4P1Pp/3P3P/R4BK1 w - - 4 49",1.0
"8/3kn2r/R7/2p1pp2/2B1p3/4P1Pp/3P3P/6K1 w - - 8 51",1.0
"R1n5/2k2r2/8/2p1p3/4B3/4P1Pp/3P3P/6K1 w - - 1 55",1.0
"3r4/2k5/3n4/2p5/R3p3/4P1PB/3P3P/6K1 w - - 0 59",1.0
"3r4/8/1k2B3/Rnp5/4p3/4P1P1/3P3P/6K1 w - - 4 61",1.0
"5r2/8/1k6/1np5/2B1p3/4P1P1/R2P3P/6K1 w - - 8 63",1.0
"r7/8/2k5/1Rp5/2B1p3/4P1P1/3P3P/6K1 w - - 1 65",1.0
"8/8/2k5/1R6/2r4P/4P1P1/8/6K1 w - - 0 69",1.0
"8/8/2k5/8/4P2P/2r3P1/1R6/6K1 w - - 1 71",1.0
"8/8/2k5/8/2r1P1PP/8/1R3K2/8 w - - 1 73",1.0
"8/8/8/2k3P1/4P1KP/4r3/1R6/8 w - - 5 77",1.0
"8/8/8/2k3P1/4P1KP/4r3/1R6/8 w - - 9 79",1.0
"8/8/8/2k3P1/4P1KP/4r3/1R6/8 w - - 13 81",1.0
"8/8/8/2k3P1/4P1KP/4r3/1R6/8 w - - 17 83",1.0
"8/8/8/2k3P1/4P1KP/4r3/1R6/8 w - - 21 85",1.0
"8/4r3/6P1/2k2K2/7P/8/1R6/8 w - - 2 87",1.0
"8/6P1/8/2k2K1P/8/8/1R6/6r1 w - - 1 89",1.0
"8/6P1/8/2k2K1P/8/8/3R4/6r1 w - - 5 91",1.0
"3R4/6P1/7P/8/2k5/5K2/8/6r1 w - - 7 95",1.0
"3R4/8/8/4Q3/1rk5/8/6K1/8 w - - 5 99",1.0
"8/3R4/8/4Q3/r7/1k6/6K1/8 w - - 9 101",1.0
"8/8/8/k7/r2R4/4Q3/6K1/8 w - - 13 103",1.0
"8/1k6/8/4Q3/R7/8/6K1/8 w - - 1 105",1.0
"k7/8/8/2Q5/1R6/8/6K1/8 w - - 5 107",1.0
"r1bqk2r/1pp2ppp/p1pbpn2/8/8/2N1PN2/PPPP1PPP/R1BQ1RK1 w kq - 0 7",1.0
"r1bqk2r/1ppn1ppp/p2bp3/2p5/3NP3/2N5/PPPP1PPP/R1BQ1RK1 w kq - 0 9",1.0
"r1b2rk1/1ppn1ppp/p2bpq2/2p5/4P1Q1/1NN5/PPPP1PPP/R1B2RK1 w - - 4 11",1.0
"r1br2k1/1ppn1ppp/p2b1q2/2p1p3/4PPQ1/1NNP4/PPP3PP/R1B2RK1 w - - 1 13",1.0
"2br2k1/rpNn1ppp/p7/2p1pP2/4P2b/1N1P4/PPP3PP/R1B2RK1 w - - 1 17",1.0
"3r2k1/rb1n1ppp/pp6/2pNpP2/4P2b/1N1PB3/PPP3PP/R4RK1 w - - 2 19",1.0
"3r2k1/rb1n1ppp/1p3b2/p1pNpP2/P3P3/1N1PB1P1/1PP4P/R4RK1 w - - 1 21",1.0
"3r2k1/r2n1pp1/1pb2b2/p1pNpP1p/P1P1P3/3PB1P1/1P1N3P/R4RK1 w - - 2 23",1.0
"3br1k1/r2n1pp1/1pb5/p1pNpP1p/P1P1P3/1P1PBNP1/7P/R4RK1 w - - 1 25",1.0
"4r1k1/rb1n1pp1/1p6/p1pNpPNp/P1P1P3/1P1P2P1/7P/R4RK1 w - - 1 27",1.0
"4r1k1/rb1n1pp1/1p6/p1pNpPNp/P1P1P3/1P1P2P1/7P/R4RK1 w - - 5 29",1.0
"3r2k1/1b1n1pp1/rp6/pNp1pPNp/P1P1P3/1P1P2P1/7P/R4RK1 w - - 9 31",1.0
"r2r2k1/1b1n1pp1/1p6/pNp1pPNp/P1P1P3/1P1P2P1/7P/R4RK1 w - - 13 33",1.0
"rr4k1/3n1Np1/1pbN4/p1p1pP1p/P1P1P3/1P1P2P1/7P/R4RK1 w - - 1 35",1.0
"1r4k1/r5p1/1pbNNn2/p1p1pP1p/P1P1P3/1P1P2P1/7P/R4RK1 w - - 5 37",1.0
"1r4k1/3r2p1/1pb1N3/pNp1pP1p/P1P1P1n1/1P1P2P1/7P/3R1RK1 w - - 9 39",1.0
"1r2n1k1/3r2p1/1pb1N3/p1p1pP1p/P1P1P3/1PNP2P1/7P/3RR1K1 w - - 13 41",1.0
"1r4k1/r5p1/1pbnN3/p1pNpP1p/P1P1P3/1P1P2P1/3R3P/4R1K1 w - - 17 43",1.0
"1r4k1/r5p1/1pbnN3/p1pNpP1p/P1P1P3/1P1P2P1/3R3P/4R1K1 w - - 21 45",1.0
"1r4k1/r5p1/1pbnN3/p1pNpP1p/P1P1P3/1P1P2P1/3R3P/4R1K1 w - - 25 47",1.0
"1r4k1/3b1rp1/1p1nN3/p1pNpP1p/P1P1P3/1P1P2PP/5R2/4R1K1 w - - 1 49",1.0
"1r2b1k1/5rp1/1p1nN3/p1pNpP2/P1P1P1P1/1P1P4/5R2/4R1K1 w - - 1 51",1.0
"1r4k1/3b2p1/1p1n1r2/p1pNpPN1/P1P1P1P1/1P1P4/7R/4R1K1 w - - 5 53",1.0
"1R6/3bknp1/1p5r/p1p1pP2/P1P1P1P1/1P1P1N2/8/4R1K1 w - - 3 57",1.0
"1R6/3bknp1/1p5r/p1p1pP2/P1P1P1P1/1P1P1N2/5K2/5R2 w - - 7 59",1.0
"R7/4k1p1/8/5P2/P1r1P3/8/8/5RK1 w - - 2 69",1.0
"8/R7/4Pkp1/5P2/P5K1/1r6/8/5R2 w - - 2 75",1.0
"8/5R2/3kP1p1/5P2/P5K1/1r6/8/4R3 w - - 6 77",1.0
"8/8/1k2P1P1/8/P4RK1/8/1r6/2R5 w - - 3 81",1.0
"8/4P3/1k4P1/5K2/P4R2/8/4r3/2R5 w - - 1 83",1.0
"6Q1/k3r3/8/5K2/P4R2/8/8/2R5 w - - 1 85",1.0
"8/k6r/8/P2Q1K2/5R2/8/8/2R5 w - - 3 87",1.0
"8/kr6/8/P2Q4/5R2/5K2/8/2R5 w - - 7 89",1.0
"8/kr6/8/P2Q4/5R2/5K2/8/2R5 w - - 11 91",1.0
"krR5/8/8/P7/3Q1R2/5K2/8/8 w - - 15 93",1.0
"r3kb1r/1pp1pppp/p1pq1n2/8/6b1/2N1PN2/PPPP1PPP/R1BQ1RK1 w kq - 4 7",0.0
"2kr1b1r/1pp1pppp/p2q1n2/2p5/3P2b1/2NQPN2/PPP2PPP/R1B2RK1 w - - 0 9",0.0
"2kr1b1r/1pp1p1pp/p2q4/2p2p2/3PQ1b1/4PN2/PPP2PPP/R1B2RK1 w - - 0 11",0.0
"2kr1b1r/1pp1q1pp/p3p3/2p2pN1/3P2b1/3QP3/PPP2PPP/R1B2RK1 w - - 2 13",0.0
"2k2b1r/1pp3p1/p6p/2pp3q/Q2P1p2/7P/PPP2P2/R1B2R1K w - - 2 21",0.0
"2k4r/1pp5/p2b3p/2pp2pq/Q2P1p2/7P/PPP2P1K/R1B1R3 w - - 2 23",0.0
"2k4r/1pp5/p6p/2bp2pq/Q7/5p1P/PPP2P2/R1B1R1K1 w - - 0 25",0.0
"7r/1pk5/p6p/2bp2p1/8/5p1q/PPP2P2/R1B1R1K1 w - - 0 27",0.0
"7r/1pk1b3/p6p/3p4/5p2/5p1q/PPP2P2/R5K1 w - - 0 29",0.0
"r1bqk2r/1ppp1ppp/2nb1n2/p3p3/8/2NBPN2/PPPP1PPP/R1BQK2R w KQkq - 0 7",0.0
"r1bq1rk1/1ppp1ppp/3b1n2/p3p3/Pn6/2NBPN2/1PPP1PPP/R1BQ1RK1 w - - 1 9",0.0
"r1bqr1k1/2pp1ppp/1p1b1n2/p3p3/PnBP4/2N1PN2/1PP2PPP/R1BQ1RK1 w - - 1 11",0.0
"r1bq4/2pp1kpp/1p3n2/p3b3/Pn6/2N1P3/1PP2PPP/R1BQ1RK1 w - - 0 15",0.0
"r1bq2k1/3p2pp/1p1Q1n2/p7/P4P2/4P3/1Pn3PP/R1B2RK1 w - - 0 19",0.0
"r2q2k1/3p2pp/1p1Qbn2/p7/P4P2/4P3/1PRB2PP/6K1 w - - 2 23",0.0
"2rq2k1/3p2pp/1p3n2/p2b4/P4P2/2RQP3/1P1B2PP/6K1 w - - 6 25",0.0
"6k1/2qp2pp/Q7/p2b4/P4Pn1/4P3/3B2PP/6K1 w - - 2 29",0.0
"6k1/3p2pp/5n2/p2b4/P4P2/4P2P/2qBQ1P1/6K1 w - - 3 31",0.0
"6k1/3p2pp/2b2n2/p7/P3qP2/4P2P/3B2P1/5QK1 w - - 7 33",0.0
"6k1/3p2pp/2b5/p2q4/P3nP2/2B1P2P/4Q1P1/6K1 w - - 11 35",0.0
"6k1/3p3p/6p1/p2q4/b2BnPQ1/4P2P/6P1/6K1 w - - 0 37",0.0
"6k1/3p1q1p/7Q/p5p1/b2BnP2/4P2P/6P1/6K1 w - - 2 39",0.0
"6k1/3p3p/Q7/p2q2n1/b2B4/4P2P/6P1/6K1 w - - 0 41",0.0
"6Q1/3pk3/4n3/p2q4/b2B4/4P2P/6P1/6K1 w - - 3 45",0.0
"8/2kp4/4n1Q1/p2q4/b2B4/4P2P/6P1/6K1 w - - 7 47",0.0
"8/2k5/2bp4/3q4/p2P3P/8/5QP1/6K1 w - - 0 51",0.0
"8/2k5/2bp4/3q4/3P3P/8/p4QP1/6K1 w - - 0 53",0.0
"8/2k5/2bp4/3q4/3P2PP/8/5Q1K/4q3 w - - 1 55",0.0
"r1bqk2r/pppp1pp1/2nb1n1p/4p1N1/N7/3BP3/PPPP1PPP/R1BQK2R w KQkq - 0 7",1.0
"r1b1k2r/pppp1pp1/2nb3p/4p3/N3B2q/4P3/PPPP1PPP/R1BQK2R w KQkq - 1 9",1.0
"r1b1k2r/pppp1p2/2nb1p1p/4p3/N3B3/4P3/PPPP1PPP/R1B1K2R w KQkq - 0 11",1.0
"r1bk4/p1pp1p2/1pnb1N1p/4p1r1/4B3/4P3/PPPP1PPP/R1B2RK1 w - - 0 15",1.0
"r2k4/p1pp1pr1/bpnb1N1p/4p3/2P1B2P/4P3/PP1P1PP1/R1B2RK1 w - - 1 17",1.0
"r2k4/p1ppbp2/bpn4p/4p2N/2P1B1rP/1P2P3/P2P1PP1/R1B2RK1 w - - 3 19",1.0
"r1k5/p1ppbB2/bpn4p/4p2N/2P4r/1P2P3/P2P1PP1/R1B2RK1 w - - 1 21",1.0
"r1k5/pbppbB2/1pn4p/4p2N/P1P3r1/1P2P3/1B1P1PP1/R4RK1 w - - 3 23",1.0
"r1k5/pbpp4/1pn4p/3Bp3/PbP4r/1P2P1N1/1B1P1PP1/R4RK1 w - - 7 25",1.0
"rk6/pbp5/1pnpB2p/4p3/PbP4r/1P1PP1N1/1B3PP1/R4RK1 w - - 2 27",1.0
"rk6/pbp5/1pnpB2p/4p1r1/PbP5/1P1PP1N1/1B3PP1/R4RK1 w - - 6 29",1.0
"rk6/1bp3r1/ppnpB2p/4p3/PbP1NP2/1P1PP3/1B4P1/R4RK1 w - - 0 31",1.0
"rk6/2p2R2/pp1p3p/4p1n1/PbP1P3/1P2P3/1B4P1/5RK1 w - - 3 37",1.0
"k7/2p5/pp1p3p/4p1n1/P1P1P3/1P2b3/1B4P1/5R1K w - - 0 41",1.0
"8/1kp5/pp1p3p/4p1n1/P1PbP3/1P6/6P1/2B1R2K w - - 4 43",1.0
"8/1k6/pp1p3p/2p1p1n1/P1P1P1P1/1Pb5/6K1/2B1R3 w - - 2 45",1.0
"8/1k6/pp1p1R1p/2p1p3/P1Pbn1P1/1P6/6K1/2B5 w - - 0 47",1.0
"8/5R2/p1kp3B/1pp1p3/P1Pbn1P1/1P6/6K1/8 w - - 0 49",1.0
"8/5R2/p1kp3B/P1p1p3/2P1n1P1/2b5/6K1/8 w - - 1 51",1.0
"8/8/Rbkp3B/2p1p3/2P1n1P1/8/6K1/8 w - - 1 53",1.0
"8/8/1bkp3B/2p1p1P1/2P1n3/8/R5K1/8 w - - 3 55",1.0
"8/6P1/1bkp1n1B/2p5/2P1p3/8/R5K1/8 w - - 0 57",1.0
"4R1Q1/2b5/2k5/2p3B1/8/4p3/6K1/8 w - - 1 63",1.0
"r1bq1rk1/ppp2ppp/2n2n2/2bpp3/P7/2NBPN2/1PPP1PPP/R1BQ1RK1 w - - 0 7",0.0
"r1bq1rk1/ppp2pp1/2n2n1p/2bp2N1/P3p3/2N1P3/1PPPBPPP/R1BQ1RK1 w - - 0 9",0.0
"r4rk1/ppp2pp1/2n4p/2b5/P3q3/7P/1PP1BP1P/R1BQ1RK1 w - - 0 15",0.0
"r7/p1p1rpk1/2n5/1R6/P2b4/3B3P/2P2P1P/R5K1 w - - 3 23",0.0
"r7/p1p2p2/2n4k/1R3B2/P2b4/7P/2P1rP1P/1R4K1 w - - 7 25",0.0
"r7/p1p2p2/2n4k/1R2bB2/P1P5/7P/5r1P/1R5K w - - 2 27",0.0
"6r1/1RpB1p2/p6k/n3b3/P1P5/7P/7r/1R3K2 w - - 2 31",0.0
"6R1/2pn1p2/K6k/4b3/P1r4P/8/8/8 w - - 1 41",0.0
"3R4/2pn1p2/K6k/P3b3/3r4/8/8/8 w - - 2 43",0.0
"1b6/8/P1K4k/5p2/3r4/8/8/8 w - - 0 47",0.0
"Kb6/8/P6k/8/1r3p2/8/8/8 w - - 0 49",0.0
"8/8/7k/1K6/6r1/5p2/8/8 w - - 2 53",0.0
"8/8/1K5k/8/6r1/8/8/5q2 w - - 0 55",0.0
"r1bqkb1r/1pp1pppp/8/p1Pp4/1n2n3/P1Q2N2/1P1PPPPP/RNB1KB1R w KQkq - 1 7",1.0
"r1bqkb1r/1pp1pppp/2n5/p1np4/8/P4N2/1P1PPPPP/RNBQKB1R w KQkq - 2 9",1.0
"r1bqkb1r/1pp1pppp/2nn4/p2p4/8/P2P1N2/1PQ1PPPP/RNB1KB1R w KQkq - 1 11",1.0
"r1bq1b1r/1pNkpppp/3n4/8/p2n4/P2P4/1PQ1PPPP/R1B1KB1R w KQ - 1 15",1.0
"r1b1kb1r/1pq1pppp/3n4/8/p2Q4/P2P4/1P2PPPP/R1B1KB1R w KQ - 1 17",1.0
"r1b1kb1r/1p2pppp/3n4/8/p2Q4/Pq1P4/1P1BPPPP/2R1KB1R w K - 5 19",1.0
"r3kb1r/1p2ppp1/3n4/5b1p/p2Q3P/Pq1P2P1/1P1BPP2/2R1KB1R w K - 1 21",1.0
"r3kb1r/1p2ppp1/3n4/4Qb1p/p6P/Pq1P2P1/1P1BPPB1/2R1K2R w K - 5 23",1.0
"r3kb1r/1p2p1p1/3n4/4pb1p/p6P/PB1P2P1/1P1BPP2/2R1K2R w K - 0 25",1.0
"r3kb1r/1p4p1/3np3/5b1p/p3p2P/P2P2P1/1P1BPPB1/2R1K2R w K - 0 27",1.0
"r4b1r/1p3kp1/4p3/1n3b1p/p1RPp2P/P5P1/1P1BPPB1/4K2R w K - 3 29",1.0
"7r/rp3kp1/3bp3/1n3b1p/p1RPp2P/P5P1/1P1BPPB1/2R3K1 w - - 7 31",1.0
"r6r/1p3kp1/4p3/1n2P1Bp/p1RP3P/P5b1/1P2b1B1/2R3K1 w - - 0 35",1.0
"rr5k/1pRR2p1/8/4p1BB/p6P/b7/8/6K1 w - - 2 43",1.0
"1r4k1/2R4R/r7/4p3/pp5P/b3BB2/8/6K1 w - - 2 47",1.0
"1r3k2/2R4R/4B3/4p3/pp5P/b3B3/8/6K1 w - - 1 49",1.0
"r1bqk2r/1ppp1ppp/2nbpn2/p7/8/2NBPN2/PPPP1PPP/R1BQK2R w KQkq - 0 7",1.0
"r1bq1rk1/1ppp1ppp/3bpn2/p7/Pn6/2NBPN2/1PPP1PPP/R1BQ1RK1 w - - 1 9",1.0
"r1bq2k1/1ppp1rpp/4p3/p7/P3n3/4PN2/1PPP1RPP/R1BQ2K1 w - - 1 13",1.0
"r1bq2k1/1ppp2pp/3np3/p4r2/P7/3PPN2/1PP3PP/R1BQ1RK1 w - - 1 15",1.0
"r1b3k1/1ppp2pp/3np3/p6r/P2NP2q/3P4/1PP3PP/R1BQ1RK1 w - - 3 17",1.0
"r1b3k1/2pp2pp/1p1np3/p5qr/P2NP3/3P2B1/1PP3PP/R2Q1RK1 w - - 2 19",1.0
"r5k1/1b1p2pp/1p1pp3/p5qr/P2NP3/3P1Q2/1PP3PP/R4RK1 w - - 0 21",1.0
"r1bq1rk1/1ppp1ppp/2nbpn2/pB6/8/2N1PN2/PPPP1PPP/R1BQ1RK1 w - - 0 7",1.0
"r1bq1rk1/1ppp1ppp/2nb4/pB1p4/3P4/4PN2/PPP2PPP/R1BQ1RK1 w - - 0 9",1.0
"r1b2rk1/1ppp1ppp/2nb4/pB1p4/2PPq3/3QPN2/PP3PPP/R1B2RK1 w - - 1 11",1.0
"r1b2rk1/1pp1bppp/2np4/pBPp4/3Pq3/3QPN2/PP1B1PPP/R4RK1 w - - 0 13",1.0
"r1b2rk1/1pp2ppp/2n2b2/pBPp4/4q3/2Q1PN2/PP1B1PPP/R4RK1 w - - 1 15",1.0
"r4rk1/1pp2ppp/2n5/p1Pp4/4q1b1/Q2BPN2/Pb1B1PPP/R4RK1 w - - 0 17",1.0
"r2r2k1/2p2ppp/2Q5/p1P1b3/8/4PP1b/P2B1P1P/3R2K1 w - - 3 23",1.0
"r3r1k1/2p2ppp/5b2/p1P5/4QP2/4P2b/P2B1P1P/3R2K1 w - - 1 25",1.0
"r3r1k1/2p2ppp/5b2/p1P5/5P2/4Pb2/P1QB1P1P/1R4K1 w - - 5 27",1.0
"r3r1k1/2p2ppp/5b2/1RP5/p1Q1bP2/4P3/P2B1P1P/6K1 w - - 0 29",1.0
"3rr1k1/2p2ppp/2b5/1RP5/pQ1P1P2/8/P4P1P/6K1 w - - 3 33",1.0
"3r2k1/2p2pp1/2P5/1Q3P1p/3P4/p7/P4PKP/4r3 w - - 0 37",1.0
"3r2k1/2p2pp1/2P5/1Q3P2/3P3p/p4P1P/P5K1/2r5 w - - 1 39",1.0
"1r4k1/2p2pp1/2P5/5P2/Q2P3p/p4P1P/P4K2/2r5 w - - 5 41",1.0
"1r4k1/2p2pp1/2P5/5P2/Q2P3p/p4P1P/P4K2/2r5 w - - 9 43",1.0
"3r2k1/2p2pp1/2P5/5P2/Q2P3p/p1r2P1P/P4K2/8 w - - 13 45",1.0
"6k1/2p3p1/2Pr1p2/5P2/Q2P3p/p1r2P1P/P4K2/8 w - - 0 47",1.0
"8/2Q3pk/2P2p2/5P2/3r3p/p4P1P/r7/4K3 w - - 0 51",1.0
"8/2P2Qpk/3r1p2/5P2/7p/p3KP1P/2r5/8 w - - 5 55",1.0
"4Q3/2P3pk/3r1p2/5P2/7p/p3KP1P/2r5/8 w - - 9 57",1.0
"4Q3/2P3pk/3r1p2/5P2/7p/p3KP1P/2r5/8 w - - 13 59",1.0
"4Q3/2P3pk/3r1p2/5P2/7p/p3KP1P/2r5/8 w - - 17 61",1.0
"4Q3/2P3pk/3r1p2/5P2/7p/p3KP1P/2r5/8 w - - 21 63",1.0
"2Q5/6pk/5p2/3r1P2/7p/p3KP1P/8/8 w - - 1 65",1.0
"8/6k1/5p2/4r1p1/7p/3Q1P1P/5K2/8 w - - 2 69",1.0
"8/8/7k/4rpp1/7p/5P1P/2Q5/6K1 w - - 2 71",1.0
"2Q5/8/5r1k/5pp1/7p/5P1P/8/6K1 w - - 6 73",1.0
"8/6k1/3Q4/5p2/7K/1r5P/8/8 w - - 9 81",1.0
"4Q3/6k1/8/5p2/7K/1r5P/8/8 w - - 13 83",1.0
"8/8/6k1/3Q1p2/7K/7P/8/8 w - - 3 87",1.0
"8/6k1/3Q4/6K1/5p2/7P/8/8 w - - 0 89",1.0
"8/5k2/8/4Q3/5K2/7P/8/8 w - - 1 91",1.0
"8/8/7k/4Q3/6KP/8/8/8 w - - 3 93",1.0
"6k1/8/5Q2/7P/6K1/8/8/8 w - - 1 95",1.0
"r1bq1rk1/1ppppp1p/2n2npb/p7/P7/2N2NPB/1PPPPP1P/R1BQ1RK1 w - - 4 7",1.0
"r4rk1/1pp1pp1p/2n2npQ/p2p1q2/P2P4/2N2NP1/1PP1PP1P/R4RK1 w - - 2 11",1.0
"r4rk1/1pp1Qp1p/6p1/p2p1q2/Pn4n1/2N2NP1/RP2PP1P/2R3K1 w - - 2 15",1.0
"r4rk1/1pp1Qp1p/6p1/p4q2/P2p2n1/1RN2NP1/1Pn1PP1P/2R3K1 w - - 0 17",1.0
"r5k1/2R4p/4p1p1/p3n3/P7/2Nr2P1/1PR2P1P/6K1 w - - 1 23",1.0
"r5k1/2R4p/4p1p1/p7/P2n1P2/2Nr2P1/1PR4P/7K w - - 3 25",1.0
"3r2k1/2R4p/4p1p1/p4n2/P4P2/2Nr2P1/1P3RKP/8 w - - 7 27",1.0
"r5k1/7p/4p1p1/p1R5/P2n1P2/2Nr2P1/1P3R1P/6K1 w - - 11 29",1.0
"r5k1/2R4p/4p1p1/p7/P2n1P2/2Nr2P1/1P3RKP/8 w - - 15 31",1.0
"5rk1/2R4p/4p1p1/p7/P2nNP2/4r1PP/1P3RK1/8 w - - 1 33",1.0
"5rk1/2R5/4p1pp/p5N1/P4PPn/7P/1P3R1K/4r3 w - - 0 37",1.0
"8/5k1N/4p1pp/p7/P4PPn/7P/1P3R1K/4r3 w - - 0 39",1.0
"6k1/2R5/4p1pp/p7/P4PPK/4r2P/1P6/8 w - - 2 43",1.0
"6k1/2R5/4p1pp/p7/P4PPK/4r2P/1P6/8 w - - 6 45",1.0
"8/2R5/4pkpp/p7/P4PPK/4r2P/1P6/8 w - - 10 47",1.0
"8/8/4p3/p5k1/P5P1/7K/1P6/8 w - - 0 51",1.0
"8/8/6k1/p3p3/P5P1/5K2/1P6/8 w - - 2 53",1.0
"8/8/8/p3p1k1/P3K1P1/8/1P6/8 w - - 6 55",1.0
"8/8/8/p3p1k1/P5P1/1P3K2/8/8 w - - 1 57",1.0
"8/8/8/p3K3/P7/1P3k2/8/8 w - - 1 59",1.0
"8/8/8/p7/P1K5/1P6/3k4/8 w - - 5 61",1.0
"8/8/8/8/PK6/3k4/8/8 w - - 1 63",1.0
"8/8/P7/8/1K6/3k4/8/8 w - - 1 65",1.0
"8/P7/8/2K5/8/5k2/8/8 w - - 1 67",1.0
"8/8/8/2K3k1/4Q3/8/8/8 w - - 3 69",1.0
"8/6k1/8/2K2Q2/8/8/8/8 w - - 7 71",1.0
"8/8/7k/2K5/6Q1/8/8/8 w - - 11 73",1.0
"8/7k/4Q3/2K5/8/8/8/8 w - - 15 75",1.0
"8/7k/8/8/3K2Q1/8/8/8 w - - 19 77",1.0
"8/7k/8/6Q1/2K5/8/8/8 w - - 23 79",1.0
"8/7k/8/6Q1/2K5/8/8/8 w - - 27 81",1.0
"8/7k/8/4K1Q1/8/8/8/8 w - - 31 83",1.0
"r2qkb1r/p1pppppp/2n2n2/2N5/1pb5/5NPB/PPPPPP1P/R1BQK2R w KQkq - 6 7",0.0
"r2qk2r/p1pp1ppp/2n2n2/2b5/1pP2B2/5pPB/PPP1PP1P/R2Q1RK1 w kq - 0 11",0.0
"r2q1rk1/2pp1ppp/2n2n2/p1b5/1pP2B2/3Q1PPB/PPP2P1P/R4RK1 w - - 0 13",0.0
"r3q1k1/2p2ppp/3p1n2/p1b2B2/1pPn1B2/3Q1PP1/PPP2P1P/3R2K1 w - - 2 17",0.0
"r3q1k1/2p2ppp/3p4/2b5/ppPnPB2/3Q2P1/PPP2P1P/3R2K1 w - - 0 19",0.0
"1r2q1k1/2p2ppp/3p4/2b5/p1PnPB2/P2Q2P1/2P2P1P/3R2K1 w - - 1 21",0.0
"6k1/2p2ppp/3pq3/2b5/p1PnPBP1/P2Q3P/1rP2P2/3R2K1 w - - 1 23",0.0
"6k1/2p2ppp/3pq3/2b1n3/p1P1P1P1/P2QB2P/1rP2PK1/3R4 w - - 5 25",0.0
"6k1/2p2ppp/3p4/3Pn3/p3P1P1/P1r1P2P/8/3R1K2 w - - 2 29",0.0
"1R6/2p2pkp/3p4/3Pn1p1/p3P1P1/P1r1P2P/8/5K2 w - - 2 31",0.0
"2R5/2p2pkp/3p4/3P2p1/p1n1P1P1/r3P2P/4K3/8 w - - 2 33",0.0
"8/2R2pkp/3p4/3P2p1/p1n1r1P1/7P/5K2/8 w - - 0 35",0.0
"8/2R2pkp/3p4/3P2p1/4r1P1/p6P/3n2K1/8 w - - 0 37",0.0
"8/5pkp/3p4/3P2p1/2nr2P1/p4K1P/2R5/8 w - - 8 41",0.0
"8/5pkp/3p4/3P2p1/3r2P1/7P/pnR3K1/8 w - - 0 43",0.0
"8/5pkp/3p4/3P2p1/6P1/7P/p5K1/3n4 w - - 0 45",0.0
"8/5pkp/3p4/3Pq1P1/6P1/8/6K1/3n4 w - - 1 47",0.0
"8/5pkp/3p4/3q4/6P1/8/4K3/3n4 w - - 0 49",0.0
"8/6k1/3p4/3q1p1p/6n1/7K/8/8 w - - 0 53",0.0
"r1bqkb1r/pp1ppp1p/5np1/2p5/8/2NPPN2/PP1P1PPP/R1BQ1RK1 w kq - 2 7",1.0
"r1bqkb1r/pp1p1p1p/5np1/4p3/3N4/2N1P3/PP1P1PPP/R1BQ1RK1 w kq - 0 9",1.0
"r1b1kb1r/pp1p1p1p/5np1/q7/3Pp3/2N1PN2/PP3PPP/R1BQ1RK1 w kq - 0 11",1.0
"rqb1k2r/pp1p1p1p/5np1/1N6/3Pp3/4P3/PP3PPP/R1BQ1RK1 w kq - 2 15",1.0
"rqb2rk1/ppNp1p1p/6p1/8/3Pp1n1/4P3/PPQ2PPP/R1B2RK1 w - - 6 17",1.0
"q1b2rk1/pp1p1p1p/5np1/8/3Pp3/4P2P/PPQ2PP1/R1B2RK1 w - - 0 19",1.0
"q1b2rk1/3p1p1p/1p3np1/p7/3Pp3/4P2P/PPQB1PP1/R1R3K1 w - - 0 21",1.0
"q1b2rk1/3p3p/1p4p1/p2nQp2/3Pp3/4P2P/PP1B1PP1/R1R3K1 w - - 0 23",1.0
"q4rk1/3p3p/1pbQ2p1/p2n1p2/P2Pp3/4P2P/1P1B1PP1/R1R3K1 w - - 3 25",1.0
"1qr3k1/3p3p/1pb3p1/p2n1p2/P2Pp2P/Q3P3/1P1B1PP1/R1R3K1 w - - 3 27",1.0
"1q4k1/3pr2p/1pb3p1/p2n1p2/P1RPp2P/Q3P3/1P1B1PP1/2R3K1 w - - 7 29",1.0
"1q4k1/3pr2p/1pb3p1/p2n1p2/P1RPp2P/Q3P3/1P1B1PP1/2R3K1 w - - 11 31",1.0
"4r1k1/3p3p/q1b3p1/P2n1p2/2RPp2P/4P3/Q2B1PP1/2R3K1 w - - 3 35",1.0
"qr4k1/3p3p/P1b3p1/2Rn1p2/3Pp2P/4P3/Q2B1PP1/2R3K1 w - - 1 37",1.0
"Q7/1q4kp/1rp3p1/3n1p2/3Pp2P/2B1P3/Q4PP1/2R3K1 w - - 1 41",1.0
"3Q4/1q4k1/2p3pp/B2n1p2/3Pp2P/4P3/Qr3PP1/2R3K1 w - - 2 43",1.0
"5Q2/1q5k/2p3pp/B2n1p2/3Pp2P/Q3P3/5PP1/1rR3K1 w - - 6 45",1.0
"8/6k1/2p4p/Bq1n3p/3PQ3/4P3/5PP1/2Q3K1 w - - 1 49",1.0
"8/6k1/2p1Q2p/Bq1n3p/3P4/4P3/5PP1/2Q3K1 w - - 5 51",1.0
"q7/4B2k/2p1Q2p/7p/3PP3/4P3/6P1/2Q3K1 w - - 3 55",1.0
"r1bq1rk1/1ppp1ppp/2nb1n2/p3p3/8/2NBPN2/PPPP1PPP/R1BQ1RK1 w - - 2 7",0.0
"r1br2k1/1pp2ppp/2p5/p7/P3n3/BPP1P3/2P2PPP/R4RK1 w - - 0 15",0.0
"r2r2k1/1pp2ppp/2p5/p4b2/P1P5/BP2P3/2Pn1PPP/R2R2K1 w - - 3 17",0.0
"4r1k1/1ppr1ppp/2p5/p1B2b2/P1P5/1P2P3/2Pn1PPP/2RR2K1 w - - 7 19",0.0
"4r1k1/1ppr1ppp/2p5/p4bn1/P1PB4/1P2PP2/2P3PP/2RR2K1 w - - 1 21",0.0
"6k1/1pp2pp1/2p5/p4Pnp/P1Pr4/1P3P2/2P3PP/4R1K1 w - - 0 25",0.0
"6k1/2p2pp1/1pp5/p1P2Pnp/P4r2/1PP2P2/6PP/4R1K1 w - - 1 27",0.0
"4R3/5ppk/1pp5/p4Pnp/P4r2/1PP2P2/6PP/6K1 w - - 0 29",0.0
"8/5ppk/1Rp5/p1r3np/P7/1PP2P2/6PP/6K1 w - - 1 31",0.0
"8/5ppk/1Rp1n3/P6p/P1r4P/5P2/6PK/8 w - - 3 35",0.0
"8/5p1k/P1R1n1p1/8/r6p/5P2/6P1/5K2 w - - 0 39",0.0
"8/5p1k/P1R3p1/8/5n1p/5P2/r5P1/6K1 w - - 4 41",0.0
"6k1/5R2/P5p1/8/7p/5P2/r5n1/6K1 w - - 1 43",0.0
"5k2/1R6/P5p1/8/7p/5P2/r7/4n1K1 w - - 5 45",0.0
"5k2/PR6/3n2p1/8/7p/3K4/r7/8 w - - 6 49",0.0
"8/R7/3n1k2/6p1/7p/3K4/8/8 w - - 2 53",0.0
"8/3R4/5k2/5np1/8/7p/2K5/8 w - - 0 55",0.0
"8/7R/5k2/5n2/8/3K2pp/8/8 w - - 0 57",0.0
"8/8/5k2/5n2/8/3K4/6pp/R7 w - - 0 59",0.0
"R7/8/8/5nk1/8/3K4/6p1/7q w - - 0 61",0.0
"8/8/8/5n2/5k2/1K6/6q1/8 w - - 0 65",0.0
"8/8/8/3q4/5k2/2K3n1/8/8 w - - 4 67",0.0
"8/8/8/8/3qnk2/K7/8/8 w - - 8 69",0.0
"8/8/8/5k2/3q4/K7/3n4/8 w - - 12 71",0.0
"r1bq1rk1/1ppp1ppp/p1nb1n2/1B2p1N1/8/2N1P3/PPPP1PPP/R1BQ1RK1 w - - 0 7",1.0
"r1b2rk1/1pppqppp/p1nb1n2/6N1/P1B1p3/2N1P3/1PPP1PPP/R1BQ1RK1 w - - 0 9",1.0
"r1b2rk1/1pp1qppp/p1n2n2/3p2N1/P1BPp3/2N1P3/1PP2PPK/R1BQ1R2 w - - 0 11",1.0
"r1r3k1/2p2ppp/p1n5/1p1p2q1/P2Pp3/2N1P3/1PP2PPK/R1BQ3R w - - 0 15",1.0
"r1r3k1/2p2ppp/2nq4/p2N3R/R2Pp3/4P3/1PP2PP1/2BQ2K1 w - - 0 19",1.0
"r3r1k1/2p2pp1/2nq3p/p2N1Q1R/R2Pp3/4P3/1PP2PP1/2B3K1 w - - 0 21",1.0
"r3r1k1/2p1qpp1/7p/p4Q2/R2Pp2R/4P3/1PP2PP1/2B3K1 w - - 0 23",1.0
"r5k1/2p5/4r2p/p4pp1/R2Pp1R1/4P3/1PPB1PP1/6K1 w - - 0 27",1.0
"r5k1/2p5/r6p/p4pp1/R1PPp3/4P1R1/1P1B1PP1/6K1 w - - 1 29",1.0
"r5k1/2p5/r6p/p4ppR/R1PPp3/4P3/1P1B1PP1/6K1 w - - 5 31",1.0
"r5k1/2p5/r6p/p1PP1ppR/R3p3/4P3/1P1B1PP1/6K1 w - - 1 33",1.0
"r7/2p5/r1P3kp/p2P1pp1/R3p3/4P2R/1P1B1PP1/6K1 w - - 3 35",1.0
"r7/2p5/r1P3kp/p2P1p2/R5p1/4PR2/1P1B2P1/6K1 w - - 0 37",1.0
"8/8/2P3k1/3P3p/8/P4pB1/6P1/6K1 w - - 0 45",1.0
"8/8/2P5/3Pk2p/7B/P4P2/8/6K1 w - - 1 47",1.0
"2Q5/8/8/7p/3k3B/P4P2/8/6K1 w - - 1 49",1.0
"8/8/3k1B2/5Q1p/8/P4P2/8/6K1 w - - 5 51",1.0
"8/2k5/5B2/5Q2/P4P1p/8/8/6K1 w - - 1 53",1.0
"1k6/8/8/P2Q1P2/7B/8/8/6K1 w - - 1 57",1.0
"8/5P2/k7/P2Q4/7B/8/8/6K1 w - - 1 59",1.0
"r2qkb1r/1pp1pppp/2n1bn2/p1P5/3pN3/5N2/PPQPPPPP/R1B1KB1R w KQkq - 2 7",0.0
"2krbb1r/1pp1pppp/8/p1P3N1/3p4/Pn6/1P1PPPPP/2B1KB1R w - - 4 17",0.0
"2k1bb1r/1pp1p1pp/8/p1Pr1p2/3pN3/Pn6/1P1PPPPP/2BK1B1R w - - 0 19",0.0
"4bb1r/1kp1p1pp/8/p2r4/3pp3/Pn6/1P1PPPPP/2BK1B1R w - - 0 21",0.0
"4bb1r/1kp1p1pp/8/2r5/p2pp3/Pn6/1P1PPPPP/2BK1B1R w - - 2 23",0.0
"r1bqk2r/1pppbppp/4pn2/p1P5/1n5P/N4N2/PPQPPPP1/R1B1KB1R w KQkq - 3 7",0.0
"r1bq1rk1/1pppbppp/4pn2/p1Pn4/7P/N4N2/PPQPPPP1/R1B1KB1R w KQ - 7 9",0.0
"r1bq1rk1/1pp1bppp/4pn2/p1Pp3P/1nQ5/N4N2/PP1PPPP1/R1B1KB1R w KQ d6 0 11",0.0
"r1bq1rk1/1p2bppp/4pn2/pN1p3P/1nQ5/5N2/PP1PPPP1/R1B1KB1R w KQ - 0 13",0.0
"N1b2rk1/1p2bppp/4p3/p2p3P/6n1/5N2/PP1PPPP1/n1BK1B1R w - - 1 17",0.0
"N1b2rk1/1p2bppp/4p3/p2p3P/4n3/5N2/PP1PP1P1/n1B1KBR1 w - - 2 19",0.0
"N4rk1/1p1b1ppp/4p3/p1bp3P/8/3P4/PP1NP1P1/n3KB1R w - - 3 23",0.0
"2r3k1/1p1b1ppp/8/3p3P/1p6/3Pb3/P2NP1P1/n2K1B1R w - - 2 27",0.0
"r1bqk2r/1pppbppp/4pn2/p6P/1nP5/2N2N2/PPQPPPP1/R1B1KB1R w KQkq - 1 7",0.5
"r1bq1rk1/1p1pbp1p/4p3/p1p4R/1nP3n1/1QN2N2/PP1PPPP1/R1B1KB2 w Q - 0 11",0.5
"r1bq1rk1/1p1pb2p/2n1p3/p1p2p1R/2P3n1/P1N2N2/1PQPPPP1/R1B1KB2 w Q - 0 13",0.5
"r1b2rk1/1pqpb2p/2n1p3/p1p2p1R/N1P3n1/P2Q1N2/1P1PPPP1/R1B1KB2 w Q - 4 15",0.5
"r1b3k1/1p1pbr1p/4p3/p1p1np1R/N1P2q2/P6Q/1P1PPPP1/R1B1KB2 w Q - 2 19",0.5
"r1b3k1/1p1pbr1p/4p3/p1p2p1R/N1P3n1/P2P4/1P2PPP1/R1B1KB2 w Q - 0 21",0.5
"2r3k1/1p1pbr1p/4p3/p1p2p1R/2P3n1/P2P4/1P2PPP1/R1B1KB2 w Q - 0 23",0.5
"2r3k1/1p1p1r1p/4pb2/p1p1np1R/2P5/P2P1PP1/1P2P3/R1B1KB2 w Q - 1 25",0.5
"2r3k1/1p3r1p/3ppb2/2p1np1R/p1P5/P2PBPP1/1P2P3/2KR1B2 w - - 0 27",0.5
"2r3k1/5r1p/1p1ppb2/2p2p1R/p1P2Pn1/P2PB1P1/1P2P1B1/2KR4 w - - 1 29",0.5
"2r3k1/5r1p/1p1ppb2/2p2p1R/p1P2Pn1/P2P2P1/1P1BP1B1/2K2R2 w - - 5 31",0.5
"5r1k/5B1p/1p1p4/2p2pR1/p1Pb1P2/P2P2P1/1P6/2K1Bn2 w - - 2 37",0.5
"R1bqkb1r/1p2pppp/2p2n2/3p4/1PP5/2N2N2/3PPPPP/2B1KB1R w Kk - 0 11",0.5
"R1bqkb1r/1p2ppp1/2p5/2Pp3p/1P2n2P/2N2N2/3PPPP1/2B1KB1R w Kk - 1 13",0.5
"R1bqkb1r/1p2pp2/2p3p1/2P1N2p/1P2p2P/8/3PPPP1/2B1KB1R w Kk - 0 15",0.5
"R1bq1rk1/1p2pp2/2p3pb/2P1N2p/1P2p2P/4P3/1B1P1PP1/4KB1R w K - 1 17",0.5
"R1bqr1k1/1p3p2/2p1p1pb/2P1N2p/1PBBp2P/4P3/3P1PP1/4K2R w K - 2 19",0.5
"2bqr1k1/Rp3p2/2p1p1pb/2P1N2p/1PBBp2P/4P1P1/3P1P2/4K2R w K - 3 21",0.5
"2b2q2/Rp5k/2p3p1/2P1B2p/1PBP3P/4P1P1/8/6K1 w - - 1 29",0.5
"2b5/Rp5k/2q3p1/2P1B2p/2BP3P/6P1/8/6K1 w - - 0 33",0.5
"r1bqk2r/1ppppp1p/5npb/p7/1nP5/2N2N2/PP1PPPPP/RQB1KB1R w KQkq - 4 7",1.0
"r1bq1rk1/1ppppp1p/2n2npb/p7/2P4P/P1N2N2/1P1PPPP1/RQB1KB1R w KQ - 1 9",1.0
"r1bq1rk1/1pp1pp1p/2n3pb/p2n2N1/7P/P1N5/1P1PPPP1/RQB1KB1R w KQ - 0 11",1.0
"r1br2k1/1pp2pbp/2n3p1/p3p1N1/5B1P/P1P5/1P2PPP1/R3KB1R w KQ - 0 15",1.0
"r2r2k1/1pp2pbp/2n3p1/p3pbN1/7P/P1P1BP2/1P2P1P1/R3KB1R w KQ - 1 17",1.0
"r2r2k1/1pp2pbp/2n3b1/4p1N1/p5P1/P1P1BP2/1P2P2R/R3KB2 w Q - 0 21",1.0
"r5k1/1pp2pbp/6b1/4p1N1/p1Pr2P1/P4P2/1P2P2R/R3KB2 w Q - 0 23",1.0
"3r2k1/1pp2pbp/6b1/r1P1p1N1/p5P1/P3PP2/1P5R/R3KB2 w Q - 1 25",1.0
"6k1/2p2p2/2Rb2bp/r3p1N1/p1B3P1/P3PP2/1P1K4/8 w - - 2 31",1.0
"r5k1/2p2p2/2Rb3p/4p3/p1B1P1P1/P3P3/1P1K4/8 w - - 1 33",1.0
"6k1/2p2p2/2Rb3p/1r1Bp3/p3P1P1/P3P3/1P6/2K5 w - - 5 35",1.0
"1r4k1/5p2/7p/2pBp3/RP2P1P1/P3b3/2K5/8 w - - 0 39",1.0
"1r4k1/5p2/7p/2bBp3/RP2P1P1/1K6/8/8 w - - 1 41",1.0
"1r4k1/5p2/R6p/4p3/1PB1P1P1/1K2b3/8/8 w - - 5 43",1.0
"1r4k1/5p2/5R1p/1P2p3/2B1P1P1/1K2b3/8/8 w - - 3 45",1.0
"r5k1/5p2/7p/1P2R3/2B1P1P1/1K2b3/8/8 w - - 1 47",1.0
"5rk1/1R3p2/7p/1P6/2B1P1P1/1K6/5b2/8 w - - 5 49",1.0
"5rk1/1R3p2/1P5p/8/2B1PbP1/2K5/8/8 w - - 3 51",1.0
"5rk1/1P1R1p2/7p/4b3/2B1P1P1/1K6/8/8 w - - 1 55",1.0
"5rk1/1P1R1p2/7p/8/2B1P1P1/8/7b/1K6 w - - 5 57",1.0
"5rk1/1P1R1p2/7p/8/2B1PbP1/8/K7/8 w - - 9 59",1.0
"5r2/1P2Rpk1/3b3p/8/2B1P1P1/8/1K6/8 w - - 13 61",1.0
"5r2/1P2Rp2/5k1p/8/2B1PbP1/8/1K6/8 w - - 17 63",1.0
"5r2/1P1R4/7p/4b3/2B1P2k/1K6/8/8 w - - 3 67",1.0
"5r2/1P1R4/7p/4b3/2B1P2k/1K6/8/8 w - - 7 69",1.0
"5r2/1P1R4/7p/4b3/2B1P2k/1K6/8/8 w - - 11 71",1.0
"8/1Pb5/7p/3R4/K1B1P2k/5r2/8/8 w - - 15 73",1.0
"8/1Pb5/4P3/3R3p/1KB4k/4r3/8/8 w - - 1 77",1.0
"8/1P1R4/4P3/1K2b2p/2B4k/8/8/4r3 w - - 5 79",1.0
"8/1P1RP3/8/2K4p/2B2bk1/8/8/4r3 w - - 3 81",1.0
"8/1P1RP3/8/8/K1B2bk1/7p/8/4r3 w - - 0 83",1.0
"8/1P2P3/8/8/2BR1bk1/8/1K5p/r7 w - - 0 87",1.0
"1Q6/4P3/8/8/5qk1/KB6/8/8 w - - 0 93",1.0
"1Q2Q3/8/4B3/6k1/8/2q5/8/1K6 w - - 7 97",1.0
"6Q1/4k3/4B3/8/5Q2/2q5/8/1K6 w - - 11 99",1.0
"r1bq1rk1/1ppppp1p/2n2npb/p7/2P4P/1QN2N2/PP1PPPP1/R1B1KB1R w KQ - 3 7",0.5
"r1bq1rk1/1pp2p1p/2np1npb/p3p3/P1P4P/1QN2NP1/1P1PPP2/R1B1KB1R w KQ - 0 9",0.5
"r1bq1rk1/1pp2p1p/3p1npb/p5N1/P1Pnp2P/1QN3P1/1P1PPPB1/R1B1K2R w KQ - 2 11",0.5
"r2q1rk1/1pp2p1p/3p2pb/p6n/P1PnN1bP/2N3P1/1P1PPPB1/R1BQK2R w KQ - 1 13",0.5
"r4rk1/1pp2p1p/3p2pb/p6n/P1PnN1qP/2N3P1/1P1PPP2/R1BQK2R w KQ - 0 15",0.5
"r4rk1/2p2p1p/1p4pb/p1N4n/P2n2qP/2N3P1/1P1PPP2/R1BQK2R w KQ - 0 17",0.5
"r3r1k1/2p2p1p/1p4pb/p6n/P2q3P/2N3P1/1P1PPP2/R1BQK2R w KQ - 0 19",0.5
"r3r1k1/2p2p1p/1p3npb/p7/P6P/RQNq2P1/1P1PPP2/2B1K2R w K - 4 21",0.5
"r3r1k1/2pq1p1p/1p3npb/pN6/P6P/RQ4P1/1P1PPP2/2B2RK1 w - - 8 23",0.5
"r3r1k1/3q1p1p/1pp3p1/pN6/P3P2P/R2P1QP1/1P1b1P2/5RK1 w - - 0 27",0.5
"3rr1k1/3q1p1p/1pp3p1/p7/Pb2P2P/R2P1QP1/1P2NP2/5RK1 w - - 4 29",0.5
"2r1r1k1/5p1p/4q1p1/pp6/1b2P1PP/1R1P1Q2/1P3P2/2N2RK1 w - - 1 33",0.5
"8/5pkp/6p1/2R5/6PP/1r1r1P2/8/5RK1 w - - 3 43",0.5
"8/5pk1/6pp/2R5/1r4PP/3r1PK1/8/5R2 w - - 0 45",0.5
"8/5pk1/6pp/2R5/6PP/3r1PK1/1r6/5R2 w - - 4 47",0.5
"8/2R2p2/6kp/6p1/6PP/3r1PK1/1r6/7R w - - 2 49",0.5
"8/2R2pk1/7p/6pP/6P1/1r1r1PK1/8/4R3 w - - 3 51",0.5
"8/2R2pk1/7p/6pP/6P1/r3rP2/6K1/5R2 w - - 7 53",0.5
"8/2R2pk1/7p/6pP/6P1/r3rPK1/5R2/8 w - - 11 55",0.5
"8/5pk1/7p/6pP/6P1/3rrP2/2R2RK1/8 w - - 23 61",0.5
"8/5pk1/7p/6pP/5rP1/4rP2/R5K1/2R5 w - - 27 63",0.5
"8/5pk1/7p/6pP/6P1/3rrP2/R5K1/1R6 w - - 31 65",0.5
"1R6/5pk1/7p/6pP/6P1/r2r1P2/5RK1/8 w - - 35 67",0.5
"2R5/5pk1/7p/6pP/6P1/r2r1PK1/5R2/8 w - - 39 69",0.5
"5R2/5pk1/7p/6pP/6P1/r2r1PK1/5R2/8 w - - 43 71",0.5
"2R5/5p2/5k1p/6pP/6P1/1r1r1PK1/5R2/8 w - - 47 73",0.5
"8/2R2pk1/7p/6pP/6P1/1r2rPK1/5R2/8 w - - 51 75",0.5
"8/1R3pk1/7p/6pP/6P1/r3rPK1/5R2/8 w - - 55 77",0.5
"6k1/R4p2/7p/6pP/6P1/1r2rPK1/5R2/8 w - - 59 79",0.5
"R7/5pk1/7p/6pP/6P1/2r1rPK1/5R2/8 w - - 63 81",0.5
"8/R4pk1/7p/6pP/6P1/2r1rPK1/8/5R2 w - - 67 83",0.5
"8/5pk1/R6p/6pP/6P1/2r1rPK1/5R2/8 w - - 71 85",0.5
"8/5p1k/3R3p/6pP/6P1/r3rPK1/5R2/8 w - - 75 87",0.5
"6k1/3R1p2/7p/6pP/6P1/r3rPK1/8/5R2 w - - 79 89",0.5
"8/2R2pk1/7p/6pP/6P1/1r2rP2/6K1/5R2 w - - 83 91",0.5
"8/3R1pk1/7p/6pP/6P1/r2r1P2/5RK1/8 w - - 87 93",0.5
"6k1/5p2/7p/6pP/6P1/4rPK1/5R2/8 w - - 2 97",0.5
"4r3/5p1k/1R5p/6pP/6P1/5PK1/8/8 w - - 6 99",0.5
"8/r4pk1/3R3p/6pP/6P1/5P2/5K2/8 w - - 14 103",0.5
"8/4r1k1/3R1p1p/6pP/6P1/3K1P2/8/8 w - - 2 105",0.5
"8/2r2k2/R4p1p/6pP/3K2P1/5P2/8/8 w - - 14 111",0.5
"8/1r4k1/R4p1p/3K2pP/6P1/5P2/8/8 w - - 22 115",0.5
"R7/2r3k1/5p1p/3K2pP/6P1/5P2/8/8 w - - 26 117",0.5
"6k1/4R3/5p1p/3K2pP/6P1/2r2P2/8/8 w - - 30 119",0.5
"r1bq1rk1/1ppppp1p/2n2npb/p7/2P4P/1QN2N2/PP1PPPP1/R1B1KB1R w KQ - 3 7",0.0
"r1bq1rk1/2p1pp1p/1pnp1npb/p7/P1P4P/1QN2NP1/1P1PPP2/R1B1KB1R w KQ - 0 9",0.0
"r2q1rk1/2pb1p1p/1pnp1npb/p3p3/P1P4P/1QN2NP1/1P1PPP2/R1B1KB1R w KQ - 0 11",0.0
"r2q1rk1/2pb1p1p/1p1p1npb/p5N1/P1Pnp2P/1QN3P1/1P1PPPB1/R1B1K2R w KQ - 2 13",0.0
"3qr1k1/r1pb1p1p/1p1p1npb/p7/P1PnN2P/2N3P1/1P1PPPB1/R1BQK2R w KQ - 1 15",0.0
"q3r1k1/r1p4p/1p1p2p1/p4p2/P1Pn3P/1PNP2P1/4PP2/2RQK2R w K - 2 21",0.0
"q3r1k1/4r2p/1p1p2p1/p1p2p2/P1Pn3P/1PNP2P1/4PP2/2RQR1K1 w - - 2 23",0.0
"4r1k1/7p/1pqpr1p1/p1p2p2/P1PnP2P/1PNP2P1/5P2/1R1QR1K1 w - - 3 25",0.0
"4r1k1/3q3p/1p1pr3/p1p2ppP/P1PnP3/1PNP2P1/1R3P2/3QR1K1 w - - 2 27",0.0
"4r1k1/5q1p/1p1pr3/p1p3pP/P1PnP1P1/1PN5/1R3P2/3QR1K1 w - - 1 29",0.0
"5rk1/7p/1p1pr3/p1p3pP/P1PnPqP1/1PN1R3/1R3P2/2Q3K1 w - - 5 31",0.0
"6k1/7p/1p1p4/p1p3pP/P1P1r1P1/1P3r2/1R3P2/3N2K1 w - - 0 35",0.0
"6k1/7p/1p1p4/p1p3pP/P1P1r3/1P2P3/5K2/1R6 w - - 2 39",0.0
"6k1/7p/1p1pr2P/p1p5/P1P3p1/1P2P3/5K2/3R4 w - - 2 41",0.0
"8/5k1p/1p1p2rP/p1p5/P1P1P1p1/1P4K1/8/3R4 w - - 1 43",0.0
"8/7p/1p1p4/p1p1k2K/P1P1P3/1P6/8/8 w - - 3 49",0.0
"8/8/1p1p1K2/p1p4p/P1P1k3/1P6/8/8 w - - 0 51",0.0
"8/8/3K4/p1p5/P1Pk4/7p/8/8 w - - 1 55",0.0
"8/8/1K6/2p5/q1Pk4/8/8/8 w - - 0 59",0.0
"8/3K4/8/8/3k4/1qp5/8/8 w - - 0 63",0.0
"6q1/4K3/8/8/3k4/8/2p5/8 w - - 2 65",0.0
"r1bqkb1r/1pp1ppp1/2n5/p2n3p/7P/2N2N2/PPQPPPP1/R1B1KB1R w KQkq - 0 7",0.5
"r1bqkb1r/1pp1ppp1/2n5/p2n3p/4N2P/3P1N2/PPQ1PPP1/R1B1KB1R w KQkq - 1 9",0.5
"r2nk2r/1pp2pp1/4p3/p1Nn1b1p/7P/3P1N2/PP2PPP1/R3KB1R w KQkq - 0 13",0.5
"r2nk2r/2p2pp1/4p3/p1pn1P1p/7P/3P1N2/PP3PP1/R3KB1R w KQkq - 0 15",0.5
"r2nk2r/5pp1/2p5/p1Rn1p1p/7P/3P1N2/PP3PP1/4KB1R w Kkq - 0 17",0.5
"r3r1k1/5p2/2n3p1/p2R1p1p/7P/3P4/PP3PP1/3K1B1R w - - 0 21",0.5
"3rr1k1/5p2/2n3p1/pR3p1p/P6P/3P4/1P3PP1/3K1B1R w - - 3 23",0.5
"4r1k1/5p2/3r2p1/p1R2p1p/Pn3P1P/3P4/1P4P1/3K1B1R w - - 1 25",0.5
"2r3k1/5p2/6p1/R4p1p/P4P1P/1r6/1P2K1P1/7R w - - 2 29",0.5
"6k1/5p2/6p1/1R3p1p/P4P1P/8/r5P1/5K2 w - - 2 33",0.5
"8/5pk1/6p1/PR3p1p/5P1P/6PK/r7/8 w - - 5 37",0.5
"8/5pk1/6p1/PR3p1p/5P1P/6PK/r7/8 w - - 9 39",0.5
"8/5pk1/6p1/PR3p1p/5P1P/6PK/r7/8 w - - 13 41",0.5
"8/5pk1/6p1/PR3p1p/5P1P/6PK/r7/8 w - - 17 43",0.5
"8/5pk1/6p1/PR3p1p/5P1P/6PK/r7/8 w - - 21 45",0.5
"8/5pk1/6p1/PR3p1p/5P1P/6PK/r7/8 w - - 25 47",0.5
"8/5pk1/6p1/PR3p1p/5P1P/6PK/r7/8 w - - 29 49",0.5
"8/5pk1/6p1/PR3p1p/5P1P/6PK/r7/8 w - - 33 51",0.5
"8/5pk1/6p1/PR3p1p/5P1P/6PK/r7/8 w - - 37 53",0.5
"8/5pk1/6p1/PR3p1p/5P1P/6PK/r7/8 w - - 41 55",0.5
"8/5pk1/6p1/PR3p1p/5P1P/6PK/r7/8 w - - 45 57",0.5
"8/5pk1/6p1/PR3p1p/5P1P/6PK/r7/8 w - - 49 59",0.5
"8/5pk1/6p1/PR3p1p/5P1P/6PK/r7/8 w - - 53 61",0.5
"8/5pk1/6p1/PR3p1p/5P1P/6PK/r7/8 w - - 57 63",0.5
"8/5pk1/6p1/PR3p1p/5P1P/6PK/r7/8 w - - 61 65",0.5
"8/5pk1/6p1/PR3p1p/5P1P/6PK/r7/8 w - - 65 67",0.5
"8/5pk1/6p1/PR3p1p/5P1P/6PK/r7/8 w - - 69 69",0.5
"8/5pk1/6p1/PR3p1p/5P1P/6PK/r7/8 w - - 73 71",0.5
"8/5pk1/6p1/PR3p1p/5P1P/6PK/r7/8 w - - 77 73",0.5
"8/5pk1/6p1/PR3p1p/5P1P/6PK/r7/8 w - - 81 75",0.5
"8/5pk1/6p1/PR3p1p/5P1P/6PK/r7/8 w - - 85 77",0.5
"8/5pk1/6p1/PR3p1p/5P1P/6PK/r7/8 w - - 89 79",0.5
"8/5pk1/6p1/PR3p1p/5P1P/6PK/r7/8 w - - 93 81",0.5
"8/5pk1/6p1/PR3p1p/5P1P/6PK/r7/8 w - - 97 83",0.5
"r1bqkb1r/pppppp2/2n2p2/7p/7P/2P1P3/PP1P1PP1/R1BQKBNR w KQkq - 1 7",1.0
"r2qkb1r/p1pppp2/bpn2p2/7B/3PP2P/2P5/PP3PP1/R1BQK1NR w KQkq - 1 11",1.0
"r2qk2r/p1pp1p2/1p3p2/n3p2B/Q2PPN1P/2P5/PP3PP1/R3K2R w KQkq - 0 17",1.0
"N4k2/p2p1p1r/1pn5/4pP2/6PP/2P5/PP3P2/R3K2R w KQ - 1 25",1.0
"N3k3/p2p1pr1/1pn5/4pPP1/7P/2P5/PP3P2/2KR3R w - - 1 27",1.0
"3k2r1/p1Np1p2/1pn2P2/4p1P1/7P/2P5/PP3P2/2KR3R w - - 1 29",1.0
"3k3r/p2p1p2/2n2P2/1p1Np1P1/7P/2P5/PP3P2/2KR2R1 w - - 2 31",1.0
"3k2r1/p4p2/2np1P2/1p1Np1P1/7P/2P5/PP3P2/2K1R2R w - - 0 33",1.0
"2k4r/p4p2/2np1P2/1p1Np1P1/4R2P/2P5/PP3P2/2K3R1 w - - 4 35",1.0
"7r/p1Nk1p2/2np1P2/4p1P1/R6P/2P5/1P3P2/2K3R1 w - - 3 39",1.0
"7r/p1Nk1p2/2np1P2/4p1P1/R6P/2P5/1P3P2/2K3R1 w - - 7 41",1.0
"7r/p1Nk1p2/2np1P2/4p1P1/R6P/2P5/1P3P2/2K3R1 w - - 11 43",1.0
"7r/p2k1p2/2np1P2/3Np1P1/R6P/2P5/1P3P2/2KR4 w - - 15 45",1.0
"6r1/p4p2/2npkP2/3Np1P1/R1P4P/8/1P3P2/2K4R w - - 1 47",1.0
"8/p2k1p2/R1np1Pr1/3Np1P1/2P4P/5P2/1P6/2K4R w - - 1 49",1.0
"6r1/p4p2/2kp1P2/3Np1P1/2P4P/5P2/1P6/2K3R1 w - - 0 51",1.0
"6N1/p4p2/3pkP2/4p1P1/2P4P/5P2/1P6/2K3R1 w - - 1 53",1.0
"8/3kNp2/p2p1P2/4p1P1/2P4P/5P2/1P1K4/6R1 w - - 2 55",1.0
"8/3kNp2/3p1P2/4p1PP/p1P5/5P2/1P1K4/R7 w - - 0 57",1.0
"8/3kNp2/3p1P1P/6P1/2P1p3/P4P2/3K4/R7 w - - 0 59",1.0
"7Q/3kNp2/5P2/3p2P1/2P5/P4p2/3K4/R7 w - - 0 61",1.0
"7Q/3kNp2/5P2/2Pp2P1/8/P4p2/3K4/4R3 w - - 3 63",1.0
"r1bqkb1r/3pppp1/1pn2n2/p2N3p/8/5N2/PP1PPPPP/R1BQKB1R w KQkq - 2 7",0.0
"r1bqkb1r/3ppp2/1pn2p2/7p/p7/1Q3N2/PP1PPPPP/R1B1KB1R w KQkq - 0 9",0.0
"3qkb1r/3ppp2/bpn2p2/r6p/p1Q5/5N2/PP1PPPPP/R1B1KB1R w KQk - 4 11",0.0
"4k2r/2qppp2/bpn2p1b/r6p/p6Q/5N2/PP1PPPPP/R1B1KB1R w KQk - 8 13",0.0
"4k3/3ppp2/bp2q3/n4p1r/p7/5N2/PP2PPPP/3RKB1R w K - 2 19",0.0
"4k3/4pp2/bp1p4/n3Np1r/p7/P7/qP2PPPP/3RKB1R w K - 0 21",0.0
"4k3/4pp2/1p1p4/n4p1r/p7/P2P4/1q3PPP/3RKB1R w K - 0 23",0.0
"4k3/4pp2/1p1p4/5p1r/7P/1pqP4/5PP1/3K1B1R w - - 0 27",0.0
"4k3/4pp2/1p1p4/7r/5PpP/2qP4/1p6/3K1B1R w - - 0 29",0.0
"4k3/4pp2/1p1p4/7r/5PpP/3PK3/2q5/1q3B1R w - - 0 31",0.0
"r1bqkb1r/p1p1ppp1/1pn5/3n3p/7P/2N2N2/PPQPPPP1/R1B1KB1R w KQkq - 0 7",1.0
"r5kr/p1p2pp1/1p1q4/1Q5p/7P/8/PP1PP1P1/R1B2BKR w - - 3 17",1.0
"4r1kr/p4pp1/1p1q4/2p2Q1p/7P/4P3/PP1P2P1/R1B2BKR w - - 1 19",1.0
"4r1kr/2q2pp1/1p6/p1p2Q1p/2B4P/1P2P3/P2P2P1/R1B3KR w - - 0 21",1.0
"6k1/2q1rpp1/1p5r/p1p2Q1p/2B4P/1P2P3/PB1P2P1/5RKR w - - 4 23",1.0
"6k1/2qr1ppr/1p3R2/p1p3Qp/2B4P/1P2P3/PB1P2P1/6KR w - - 8 25",1.0
"r1bqk2r/p1pppp2/1pn2npb/7p/2P4P/2N2N2/PPQPPPP1/R1B1KB1R w KQkq - 2 7",0.5
"r1bqk2r/2pppp2/1p3npb/p6p/QnP4P/2N2NP1/PP1PPP2/R1B1KB1R w KQkq - 0 9",0.5
"r2qk2r/2pppp2/1pb3pb/p7/QnP3pP/P1N3P1/1P1PPP2/R1B1KBR1 w Qkq - 1 13",0.5
"r2qk2r/2pppp2/1pb3pb/p1nN4/2P3pP/PQ4P1/1P1PPP2/R1B1KBR1 w Qkq - 5 15",0.5
"r2qk3/2pppp1r/1pb3pb/2nN4/p1P3pP/P1Q3P1/1P1PPPB1/R1B1K1R1 w Qq - 0 17",0.5
"r2qk3/2ppp2r/1pb1n1pb/3N1p2/p1P1Q1pP/P5P1/1P1PPPB1/R1B1K1R1 w Qq - 0 19",0.5
"r2qk3/2ppp2r/1pb1n1p1/3N1p2/p1Pb2pP/P3Q1P1/1P1PPPB1/R1B1K1R1 w Qq - 4 21",0.5
"2kr4/1qppp2r/1p2n1p1/5p2/p1Pb2pP/P2QN1P1/1P1PPP1R/R1B1K3 w Q - 3 25",0.5
"2kr4/1qppp2r/1p2n1p1/5p2/p1Pb2pP/P2QN1P1/1P1PPP1R/R1B1K3 w Q - 7 27",0.5
"2kr4/2ppp3/1pq1n1pr/5p2/p1Pb1NpP/P2Q2P1/1P1PPP1R/R1B1K3 w Q - 11 29",0.5
"2kr4/2ppp3/4n1pr/1pqN1p2/p1Pb2pP/P5P1/1PQPPP1R/R1B1K3 w Q - 0 31",0.5
"2k4r/2ppp3/4n2r/1pqN1ppP/p1Pb2p1/P2P2P1/1PQ1PP1R/R1B1K3 w Q - 1 33",0.5
"2k4r/2pp4/4np1r/1pq2ppP/p1P3p1/P2PP1P1/1PQ2P1R/R1B1K3 w Q - 0 35",0.5
"2k4r/2pp2n1/5p1r/1p3QpP/p1qP2p1/P3P1P1/1P3P1R/R1B1K3 w Q - 1 37",0.5
"2k4r/2pp2n1/5p1r/1pqP2pP/p3Q1p1/P3P1P1/1P3P1R/R1B1K3 w Q - 1 39",0.5
"Q6r/2kp2n1/3p1p1r/1pq3pP/p5p1/P3P1P1/1P3P1R/R1B1K3 w Q - 2 41",0.5
"7r/3p4/1k1p1p1r/1p1P1npP/p5p1/P5P1/1P3P1R/R1B1K3 w Q - 1 45",0.5
"8/3p4/1k1p1p2/1p1P1npr/p5p1/P5P1/1P1B1P2/R3K3 w Q - 0 47",0.5
"8/3p4/k2p1p2/1p1P1np1/p5p1/P5P1/1P3P1r/2KRB3 w - - 4 49",0.5
"2k5/3p4/3p1p2/1p1P1np1/p5p1/P5P1/1P3P1r/2KRB3 w - - 8 51",0.5
"2k5/3pn3/3p1p2/1p1P2p1/p5p1/P2R2P1/1P3P2/3KB2r w - - 12 53",0.5
"3k4/3pn3/3p4/1p1P1pp1/pP4p1/P5P1/3R1P2/3KB2r w - - 2 55",0.5
"2k5/3pn3/3R4/1p6/pP3p2/P7/8/3KB2r w - - 0 61",0.5
"5R2/2kp4/8/1p1n4/pP3p2/P7/8/3KB2r w - - 4 63",0.5
"8/2kp1R2/8/1p1n4/pP6/P4p1r/3B4/3K4 w - - 0 65",0.5
"8/2kp1R2/8/1p1n4/pP6/P4p2/2KB4/5r2 w - - 4 67",0.5
"8/3p4/2k5/1p1n1R2/pP6/P2K1p2/3B1r2/8 w - - 8 69",0.5
"8/8/2kp1R2/1p6/pn2K3/r3B3/8/8 w - - 0 73",0.5
"8/8/5R2/2kpK3/pp3B2/r7/2n5/8 w - - 2 77",0.5
"8/4K3/8/3R4/2kn4/p4r2/8/8 w - - 1 93",0.5
"8/2R1K3/8/1k6/3n4/5r2/p7/8 w - - 2 95",0.5
"8/8/3K4/1k6/8/4r3/8/n7 w - - 2 99",0.5
"8/8/3K4/8/2k5/1n2r3/8/8 w - - 6 101",0.5
"8/8/1K6/3k4/8/1n6/4r3/8 w - - 10 103",0.5
"8/3K4/8/3k4/3n4/8/1r6/8 w - - 18 107",0.5
"8/3K4/8/3k4/3n4/8/4r3/8 w - - 22 109",0.5
"8/3K4/8/3k4/3n4/8/4r3/8 w - - 26 111",0.5
"8/3K4/8/3k4/3n4/8/4r3/8 w - - 30 113",0.5
"8/3K4/8/3k4/3n4/8/4r3/8 w - - 34 115",0.5
"4K3/7r/4k3/8/3n4/8/8/8 w - - 42 119",0.5
"r1bqk2r/ppppbppp/2n1p3/2P4n/3P1B2/2N2N2/PP2PPPP/R2QKB1R w KQkq - 3 7",0.0
"r1bq1rk1/ppppbppp/4p3/2P1N2n/3P4/2N5/PP2PPPP/R2QKB1R w KQ - 1 9",0.0
"r1bq1rk1/ppp1bppp/3ppn2/2P1N3/3P4/2NBP3/PP3PPP/R2QK2R w KQ - 0 11",0.0
"r1bq1rk1/pp2bppp/5n2/2p1p3/8/2NBP3/PP2NPPP/R2Q1RK1 w - - 0 15",0.0
"r4rk1/pp2bppp/1q2bn2/2p1p3/P7/1PNBP3/4NPPP/R2Q1RK1 w - - 1 17",0.0
"r2r2k1/pp2bppp/1q3n2/2p1p3/P1P5/2N1P3/4NPPP/R2Q1RK1 w - - 1 19",0.0
"r2r2k1/p3bppp/1p2qn2/2p1p3/P1P5/2N1P3/2Q1NPPP/1R3RK1 w - - 0 21",0.0
"1r1r2k1/p1N1bppp/1p3n2/2p1p3/P1P3q1/4P3/2Q1NPPP/1R3RK1 w - - 4 23",0.0
"1r1r2k1/4bppp/1p3n2/pNp5/P1P1p1q1/4P1N1/2Q2PPP/1R3RK1 w - - 0 25",0.0
"1r4k1/3rb1pp/1p6/p1p2p2/P1P1N3/4P3/5PPP/1R3RK1 w - - 0 29",0.0
"1r1b2k1/6pp/1p6/p1pN1p2/P1P5/4P3/3r1PPP/1R3RK1 w - - 4 31",0.0
"1r1b2k1/6pp/1p6/p1pN1p2/P1P5/4P3/1r3PPP/2RR2K1 w - - 8 33",0.0
"1r4k1/6pp/1p3b2/p1p2p2/P1P2N2/4P1P1/1r3P1P/2RR2K1 w - - 1 35",0.0
"1r4k1/7p/1p1R2p1/p1p1bp2/P1P2N2/4P1P1/1r3P1P/2R3K1 w - - 2 37",0.0
"1r4k1/7p/1p2R1p1/p1p2p2/PrP2P2/6P1/5P1P/2R3K1 w - - 1 39",0.0
"1r4k1/4R2p/1p4p1/p1p2p2/2P2P1P/6P1/r4P2/2R3K1 w - - 1 41",0.0
"1r4k1/3R3p/1p4p1/2p2p2/p1P2P1P/6P1/2r2P2/1R4K1 w - - 2 43",0.0
"6k1/7p/1R4p1/2p2p2/2r2P1P/p5P1/5PK1/8 w - - 0 47",0.0
"8/1R5p/6pk/2p2p2/2r2P1P/p5P1/5PK1/8 w - - 4 49",0.0
"8/R6p/6pk/5p2/2p2P1P/p1r3P1/5P2/5K2 w - - 0 51",0.0
"8/R6p/6pk/5p1P/5P2/prp3P1/5P2/6K1 w - - 0 53",0.0
"8/6kp/R7/5p1p/5P2/prp3P1/5PK1/8 w - - 2 55",0.0
"8/5k1p/R7/5p1p/5P2/prp3P1/5PK1/8 w - - 6 57",0.0
"8/5k1p/R7/5p1p/5P2/prp3P1/5PK1/8 w - - 10 59",0.0
"8/5k1p/R7/5p1p/5P2/prp3P1/5PK1/8 w - - 14 61",0.0
"8/5k1p/R7/5p1p/5P2/prp3P1/5PK1/8 w - - 18 63",0.0
"8/5k1p/R7/5p1p/5P2/prp3P1/5PK1/8 w - - 22 65",0.0
"8/7p/R7/3k1p1p/5P2/prp3P1/5PK1/8 w - - 26 67",0.0
"8/7p/2k5/5R1p/5P2/1rp3P1/p4PK1/8 w - - 0 69",0.0
"8/7p/2k5/R4P1p/8/6P1/prp2PK1/8 w - - 0 71",0.0
"3R4/1k5p/8/5P1p/8/6P1/1rp2PK1/q7 w - - 0 73",0.0
"2k5/7R/8/5P1p/8/6P1/1r3PK1/q1q5 w - - 0 75",0.0
"r1bqkb1r/ppp1ppp1/2n5/7p/1n6/1QN2N2/PP1PPPPP/R1B1KB1R w KQkq - 2 7",0.0
"r1bqk2r/ppp1bpp1/2n1p3/6Np/1n2N3/1Q6/PP1PPPPP/R1B1KB1R w KQkq - 2 9",0.0
"r1bq1rk1/ppp1bpp1/4p3/6Np/1n1nN2P/2Q5/PP1PPPP1/R1B1KB1R w KQ - 3 11",0.0
"r1bq1rk1/ppp1bpp1/4p3/6Np/1nQnN2P/8/1P1PPPP1/1RB1KB1R w K - 2 13",0.0
"r1bq1rk1/p1p1bpp1/4p3/1p4Np/2QnN2P/1P6/2nPPPP1/1RBK1B1R w - - 0 15",0.0
"r1b2rk1/p1p1bpp1/8/1p1qp1Np/3nN2P/1P4Q1/2nPPPP1/1RBK1B1R w - - 2 17",0.0
"r1b2rk1/2p1b1p1/8/pp1qp1Pp/3nN3/1P2Q3/3P1PP1/1RBK1B1R w - - 0 21",0.0
"r4rk1/2p1b3/6p1/pp1qpbPp/3nN3/1P1BQP2/3P2P1/1RBK3R w - - 1 23",0.0
"4r1k1/2pq4/4bbp1/pN5p/8/1P2QP2/3P2P1/2BK3R w - - 2 31",0.0
"6k1/2p5/5bp1/p6p/8/1b1qrP2/2NP2P1/2BK3R w - - 0 35",0.0
"r1bqkb1r/p1p1ppp1/1p3n2/1N1p3p/PnP5/5N2/1PQPPPPP/R1B1KB1R w KQkq - 2 7",1.0
"r1bqkb1r/2p1ppp1/1p3n2/pN1n3p/P7/1Q3N2/1P1PPPPP/R1B1KB1R w KQkq - 0 9",1.0
"r1bk1b1r/2q1pQp1/1p6/p3N2p/P7/8/1P1PPnPP/R1B1KB1R w KQ - 1 13",1.0
"r1bk1b1r/2q1pQp1/1p6/p3N2p/P7/8/1P1PPnPP/R1B1KB1R w KQ - 5 15",1.0
"r1bk1b1r/2q1pQp1/1p6/p3N2p/P7/8/1P1PPnPP/R1B1KB1R w KQ - 9 17",1.0
"r1bk1b1r/2q1pQp1/1p6/p3N2p/P7/8/1P1PPnPP/R1B1KB1R w KQ - 13 19",1.0
"r1b1kb1r/2q3p1/1p2p3/p2QN2p/P7/4P3/1P1P1nPP/R1B1KB1R w KQ - 0 21",1.0
"Q1b2bkN/2q3p1/1p2p3/pB5p/P7/4P3/1P1P2PP/R1B1K2n w Q - 0 25",1.0
"2Q2bk1/6p1/1p2p1q1/pB5p/P7/4P3/1P1P2PP/R1B1K2n w Q - 0 27",1.0
"8/5kp1/3bp1q1/Q6p/P1B5/4P3/1P1P2PP/R1B1K2n w Q - 1 31",1.0
"6k1/Q5p1/3bp1q1/7p/P1B5/4P1n1/1P1P3P/R1B1K3 w Q - 2 33",1.0
"Q7/6pk/3bp3/5q1p/P1B5/4P3/1P1P4/R1B1K3 w - - 8 39",1.0
"4Q3/6pk/8/4pq1p/P1B5/4P1b1/1P1P4/R1BK4 w - - 0 41",1.0
"4Q3/6pk/8/P3pq2/2B5/1P2P1bp/3P4/R1BK4 w - - 0 43",1.0
"4Q3/6p1/7k/P2Bpq2/8/1P2P1b1/3P3p/R1BK4 w - - 0 45",1.0
"8/6pk/8/P2Bp3/8/1P2P1b1/3P3p/R1BK4 w - - 0 47",1.0
"8/6k1/6p1/8/8/1P2P3/3P3Q/2BK3B w - - 3 55",1.0
"8/4k3/6p1/8/4B3/1P2P3/1B1P3Q/3K4 w - - 7 57",1.0
"5k2/7Q/2B3p1/8/8/1P2P3/1B1P4/3K4 w - - 11 59",1.0
"1rbqkb1r/ppp2pp1/2n1p3/6Np/8/1QP5/P2PPPPP/R1B1KB1R w KQk - 0 9",0.5
"1rbq1rk1/ppp1bpp1/2n1p3/6Np/3P3P/1QP5/P3PPP1/R1B1KB1R w KQ - 1 11",0.5
"1rbq1rk1/ppp3p1/2nbp3/5pNp/3P3P/2P5/P1Q1PPP1/1RB1KB1R w K - 2 13",0.5
"1r1q1rk1/pppbn1p1/3bp3/5pNp/P2P3P/2P3P1/2Q1PP2/1RB1KB1R w K - 1 15",0.5
"1r3rk1/pp2n1p1/8/5p1p/PRPN3P/6P1/4PP2/2B1KB1b w - - 0 21",0.5
"3r1rk1/1p2n1p1/4N3/p4p1p/PRP2B1P/6P1/4PP2/4KB1b w - - 0 23",0.5
"5rk1/1p2n1p1/2b5/p4p1p/P1P2B1P/6P1/1R2PP2/4KB2 w - - 0 25",0.5
"r5k1/1pB3p1/2b3n1/p4p1p/P1P4P/5PP1/1R2P3/4KB2 w - - 1 27",0.5
"r5k1/2B1n1p1/1Rb5/5p1p/p1P4P/5PPB/4PK2/8 w - - 0 31",0.5
"r5k1/4n1p1/1R1B4/5p1p/2P4P/p4PPB/5K2/8 w - - 0 33",0.5
"1R6/4nkp1/8/2P2p1p/7P/5PPB/5K2/r7 w - - 2 37",0.5
"8/4nk2/6p1/1RP2p1p/7P/5PP1/5K2/2r2B2 w - - 0 39",0.5
"8/5k2/2n3p1/1RP2p1p/5P1P/5KP1/2r5/5B2 w - - 3 41",0.5
"6k1/1R6/2n3p1/2P2p1p/5P1P/3B1KP1/8/2r5 w - - 7 43",0.5
"6k1/1R6/2n3p1/5p1p/5P1P/2rB2P1/5K2/8 w - - 2 45",0.5
"6k1/2R5/6p1/4np1p/5P1P/3B2P1/5K2/2r5 w - - 6 47",0.5
"6k1/2R5/6p1/5p1p/5PnP/6P1/2B1K3/r7 w - - 10 49",0.5
"5k2/1R6/6p1/5p1p/5PnP/1B4P1/4K3/1r6 w - - 14 51",0.5
"3k4/8/6p1/1r1B1R1p/5PnP/3K2P1/8/8 w - - 1 55",0.5
"3k4/8/6p1/1K1B1n1p/5P1P/6P1/8/8 w - - 0 57",0.5
"8/3k4/8/7p/2K1Bn1P/8/8/8 w - - 2 61",0.5
"8/8/5k2/7B/5K1n/8/8/8 w - - 1 67",0.5
"8/8/3k4/8/5K1n/1B6/8/8 w - - 5 69",0.5
"8/5B2/3k4/8/4K2n/8/8/8 w - - 9 71",0.5
"8/4k3/6n1/8/4K3/8/B7/8 w - - 17 75",0.5
"8/4k3/6n1/8/4K3/8/B7/8 w - - 21 77",0.5
"8/3nk3/8/5K2/8/1B6/8/8 w - - 25 79",0.5
"r2qkb1r/ppp1ppp1/2n1bn2/1NP4p/3p4/5N2/PPQPPPPP/R1B1KB1R w KQkq - 2 7",0.0
"r2qkb1r/ppp1ppp1/2n1bn2/1NP4p/3p4/5N2/PP1PPPPP/RQB1KB1R w KQkq - 6 9",0.0
"r2qkb1r/ppp1ppp1/2n1bn2/1NP4p/3p4/5N2/PP1PPPPP/RQB1KB1R w KQkq - 10 11",0.0
"r2qkb1r/pppnppp1/4b3/1NP4p/1n1p4/5N2/PP1PPPPP/RQB1KB1R w KQkq - 14 13",0.0
"r2qkb1r/pppnpp2/6p1/5Q1p/2bN4/8/PP1PPPPP/R1B1KB1R w KQkq - 0 17",0.0
"r2qkb1r/p1pnp3/6p1/1p3p1p/2bNQ3/1P6/P2PPPPP/R1B1KB1R w KQkq - 0 19",0.0
"2rq1k1r/p1Nnpbb1/2Q3p1/5p1p/8/1P6/P2PPPPP/1RB1KB1R w K - 3 23",0.0
"2rq1k1r/p2np3/4Qbp1/5p1p/8/1P6/P2PPPPP/1RB1KB1R w K - 1 25",0.0
"r1bq1rk1/pppp1ppp/2nbp3/5n2/P7/2NBPN2/1PPP1PPP/R1BQ1RK1 w - - 3 7",1.0
"r1b2rk1/ppppqppp/3bp3/5n2/Pn2N3/1P1BPN2/2PP1PPP/R1BQ1RK1 w - - 1 9",1.0
"r1b2rk1/1pppqppp/3bp3/p2n1n2/P1B1N3/1P2PN2/1BPP1PPP/R2Q1RK1 w - - 0 11",1.0
"r1b2rk1/1ppp1ppp/4p3/p2nNn2/P1B1N2q/1P2P3/2PP1PPP/R2Q1RK1 w - - 1 13",1.0
"r1b2rk1/1pp2ppp/3pp3/p2n1n2/P1B1N1N1/1P2P3/2PP1PPP/R4RK1 w - - 0 15",1.0
"r1b2rk1/1pp2pp1/3pp3/p4n1p/P1B3N1/1PP1P3/2P2PPP/R4RK1 w - - 0 17",1.0
"r1b2rk1/1pp2pp1/3p4/p4p2/P1B3p1/1PP5/2P2PPP/R4RK1 w - - 0 19",1.0
"r1b2rk1/1p2Rpp1/2pp4/p7/P1B2pp1/1PP5/2P2PPP/R5K1 w - - 0 21",1.0
"r1b2rk1/1p2Rpp1/2p5/p2p4/P5p1/1PPB1p2/2P2PPP/3R2K1 w - - 0 23",1.0
"r1b2rk1/4R1p1/1pp5/p2p1p2/P5p1/1PPB1pP1/2P2P1P/4R1K1 w - - 0 25",1.0
"r1b2rk1/4R1p1/2p5/p1p1R3/P2p2p1/1P1B1pP1/2P2P2/6K1 w - - 0 29",1.0
"r1b5/4R1pk/2p2r2/p1R5/P1Bp2p1/1P3pP1/2P2P2/6K1 w - - 1 31",1.0
"6k1/6p1/2p1b2r/R7/P2p2p1/1P1B1pP1/2P2P2/6K1 w - - 3 35",1.0
"R7/5kp1/4b2r/P1p5/3p2p1/1P1B1pP1/2P2P2/6K1 w - - 0 37",1.0
"3R4/5kp1/P1b4r/2p5/3p2p1/1P1B1pP1/2P2P2/6K1 w - - 3 39",1.0
"3R4/P3k3/2b4r/2p2Bp1/3p2p1/1P3pP1/2P2P2/6K1 w - - 2 41",1.0
"R7/4k3/1r6/2p2Bp1/3p2p1/1P3pP1/2P2P2/6K1 w - - 1 43",1.0
"8/R7/5k2/2p3p1/8/3r1BP1/5P2/6K1 w - - 0 47",1.0
"8/R7/5k2/2p5/6p1/6P1/3r1P2/5BK1 w - - 0 49",1.0
"8/2R5/5k2/8/2p3p1/6P1/2r2PB1/6K1 w - - 0 51",1.0
"8/4k3/6R1/8/6p1/2p3P1/2r2PB1/6K1 w - - 0 53",1.0
"8/8/8/3k4/2R5/6P1/2p2P2/2r2BK1 w - - 2 57",1.0
"2R5/8/8/8/4kP2/6P1/2p5/2r2BK1 w - - 1 59",1.0
"8/8/8/3k4/2R2P2/6P1/2p2K2/2r2B2 w - - 5 61",1.0
"8/8/3k4/8/5PP1/4K3/6B1/8 w - - 1 67",1.0
"8/8/3k4/5PP1/8/4K3/6B1/8 w - - 1 69",1.0
"8/4kP2/8/6P1/8/4K3/6B1/8 w - - 1 71",1.0
"8/5Pk1/6P1/8/8/4K3/8/5B2 w - - 3 73",1.0
"8/5Pk1/6P1/8/8/4K3/8/5B2 w - - 7 75",1.0
"8/5Pk1/6P1/8/8/4K3/8/5B2 w - - 11 77",1.0
"8/5Pk1/6P1/8/8/4K3/8/5B2 w - - 15 79",1.0
"8/5Pk1/6P1/8/8/4K3/8/5B2 w - - 19 81",1.0
"8/5Pk1/6P1/8/8/4K3/8/5B2 w - - 23 83",1.0
"8/5Pk1/6P1/8/8/4K3/8/5B2 w - - 27 85",1.0
"8/5Pk1/6P1/8/8/4K3/8/5B2 w - - 31 87",1.0
"8/5Pk1/6P1/8/2BK4/8/8/8 w - - 35 89",1.0
"8/5Pk1/6P1/8/2BK4/8/8/8 w - - 39 91",1.0
"8/5Pk1/6P1/8/2BK4/8/8/8 w - - 43 93",1.0
"8/5Pk1/6P1/8/2BK4/8/8/8 w - - 47 95",1.0
"8/5Pk1/3K2P1/8/2B5/8/8/8 w - - 51 97",1.0
"5Q2/4K3/8/6k1/2B5/8/8/8 w - - 1 99",1.0
"8/8/4KQ2/8/2B5/6k1/8/8 w - - 5 101",1.0
"8/8/5Q2/2K5/2B5/6k1/8/8 w - - 9 103",1.0
"8/8/4B3/2K5/5Q2/8/8/7k w - - 13 105",1.0
"8/8/8/2KB4/8/5Q2/7k/8 w - - 17 107",1.0
"r1bqk2r/pppp1pp1/4pn2/1Nb4p/1nP5/3Q1N2/PP1PPPPP/R1B1KB1R w KQkq - 4 7",0.0
"r1bq1rk1/pppp1pp1/1b2pn2/1N5p/1nPP4/5N2/PP2PPPP/RQB1KB1R w KQ - 1 9",0.0
"r1bq1rk1/pp1p1pp1/1bn1pn2/1Np4p/2PP4/P4N2/1P1BPPPP/RQ2KB1R w KQ - 1 11",0.0
"r1bq1rk1/pp3pp1/2n1p3/2P4p/8/P4N2/3BPPPP/bQ2KB1R w K - 0 17",0.0
"r1b1r1k1/pp3pp1/2n1p3/2Pq2Np/8/P7/3BPPPP/Q3KB1R w K - 1 19",0.0
"r1b1r1k1/pp4p1/4p3/2PqnpNp/8/P3B3/4PPPP/1Q2KB1R w K - 2 21",0.0
"r1b3k1/1p4p1/4p3/p1Pr1p1p/2n5/P3B2N/4PPPP/4KB1R w K - 2 25",0.0
"r5k1/1p1b2p1/4p3/p4p1N/P7/2r1P3/4P1PP/4KB1R w K - 1 29",0.0
"1r6/1p4pk/8/p2B1p1N/b7/4P3/4PK1P/8 w - - 2 35",0.0
"1r6/6p1/8/pp1B1k2/b4N2/4P3/5K1P/8 w - - 0 39",0.0
"1r6/6p1/4B3/p3k3/bp3N1P/4P3/5K2/8 w - - 0 41",0.0
"2r5/6p1/5kN1/p7/bpB4P/4P3/5K2/8 w - - 4 43",0.0
"2r5/6p1/5k2/p7/b4N1P/3BP3/1p3K2/8 w - - 0 45",0.0
"2r5/3b1kp1/8/p6N/4P2P/3B4/1p3K2/8 w - - 3 47",0.0
"2r5/3b1kp1/8/3N4/4P2P/p2B4/1p3K2/8 w - - 0 49",0.0
"8/5kp1/4b3/2r1P3/1N5P/p2B4/1p3K2/8 w - - 1 51",0.0
"8/3bk1p1/6B1/2r1P2P/1N6/p7/1p3K2/8 w - - 3 53",0.0
"8/3b2p1/3k2B1/4r2P/1N1K4/p7/1p6/8 w - - 2 55",0.0
"8/3b2p1/3k4/8/1NK1B2r/p7/1p6/8 w - - 2 57",0.0
"8/3b2p1/3k4/3N4/4r3/p1K5/8/1q6 w - - 0 59",0.0
"r1bq1rk1/pppp1ppp/2n2n2/2b1p3/P7/2NBPN2/1PPP1PPP/R1BQ1RK1 w - - 1 7",0.0
"r1bq1rk1/ppp2ppp/2n2n2/P1bp2N1/4p3/2NBP3/1PPP1PPP/R1BQ1RK1 w - - 0 9",0.0
"r4rk1/1pp2pp1/p4n1p/P1b5/3qp3/7P/1PPPBP1P/R1BQ1RK1 w - - 0 15",0.0
"r4rk1/1pp2pp1/p2b1n1p/P2q4/3Pp3/2P4P/1P2BP1P/R1BQ1RK1 w - - 1 17",0.0
"r4rk1/1pp2pp1/p2b1n1p/P7/3Pp3/1QP1B2q/1P2BP1P/R4RK1 w - - 0 19",0.0
"r3kbnr/p1pb1ppp/2p5/3p4/3NpP1q/4P3/PPPP2PP/RNBQ1RK1 w kq - 1 9",0.0
"2kr1bnr/p1pb1ppp/2p5/3p4/3NpP2/2N1P1Pq/PPPP3P/R1BQ1RK1 w - - 3 11",0.0
"1k1r1b1r/p1pbnppp/Q1p5/3p4/3NpP2/2N1P1Pq/PPPP3P/R1B2RK1 w - - 7 13",0.0
"1k1r1b2/p1pbn1p1/Q1p5/5p2/1P1NpPr1/2N1P3/P1P2q1P/R1BR3K w - - 2 21",0.0
"2kr1b2/p1pbn1p1/2p5/5p2/1P1NpPr1/4P3/P1P1N2P/R1BR3K w - - 1 23",0.0
"2kr1b2/p1p1n1p1/2p5/2P2p2/1PbNpPr1/4P3/P3N2P/R1BR3K w - - 1 25",0.0
"2kr1b2/p1p1n3/2p5/2P2pPr/1PbNp3/4P3/P2BN3/R2R2K1 w - - 2 29",0.0
"2kr4/p1p1n1b1/2p5/2P2pr1/1PbNp3/4P1N1/P7/R2RB1K1 w - - 2 31",0.0
"2kr4/p1p1n3/2p5/2P1bpr1/1P1Np3/4P1N1/b4B2/2RR2K1 w - - 0 33",0.0
"1k1r4/p1p1nb2/2p5/2P1bpr1/1P1Np3/4P1N1/5BK1/R2R4 w - - 4 35",0.0
"7R/pkp1nb2/2p5/2P3r1/1P1N1b2/4p1N1/5BK1/8 w - - 2 41",0.0
"2k5/p1p1nb2/2p5/2P1b1r1/1P1N3R/4p1N1/6K1/4B3 w - - 6 43",0.0
"2k3r1/p1p1n2R/2p5/2Pbb3/1P1N4/4p1NK/8/4B3 w - - 10 45",0.0
"r1bq1rk1/1ppp1ppp/2nb1n2/p3p3/P7/2NBPN2/1PPP1PPP/R1BQ1RK1 w - - 0 7",1.0
"r1bq1rk1/1ppp1ppp/5n2/p1b1p1N1/Pn6/2NBPQ2/1PPP1PPP/R1B2RK1 w - - 4 9",1.0
"r1q2rk1/1pp2ppp/5n2/p1bpp1N1/Pn6/2N1PQ2/1PPP1PPP/R1B2RK1 w - - 0 11",1.0
"r1qr2k1/1pp2ppp/5b2/p7/P7/1PPnPQ2/3P1PPP/1RB2RK1 w - - 1 17",1.0
"r2r2k1/1pp2ppp/5b2/p3nq2/P7/BPP1P3/3P1PPP/1R1Q1RK1 w - - 5 19",1.0
"r2r2k1/2p2ppp/1p3b2/p2P1q2/P7/BPPnP3/5PPP/1R1Q1RK1 w - - 1 21",1.0
"3rr1k1/2p2ppp/1p3b2/p2Pn3/P1P5/BP2PP2/5PKP/1R3R2 w - - 3 25",1.0
"3r2k1/2p2ppp/1p3b2/p2P4/P1P1rP2/BP1nP3/5P1P/1R3RK1 w - - 3 27",1.0
"6k1/5ppp/1ppr4/p2P4/PnP1rP2/1P2P2P/1R3P2/3R2K1 w - - 0 31",1.0
"6k1/6p1/1ppr4/p2P1p1p/PnP1rP2/1P2P2P/3R1P1K/3R4 w - - 0 33",1.0
"4r1k1/4n1p1/1p6/p2R1p1p/P1P2P1P/1P2P3/5P1K/8 w - - 2 37",1.0
"3r2k1/4n3/1R4p1/p4p1p/P1P2P1P/1P2P3/5P1K/8 w - - 0 39",1.0
"2r5/4nk2/1R4p1/p1P2p1p/P4P1P/1P2P1K1/5P2/8 w - - 3 41",1.0
"2r5/8/2n1k1p1/pRP2p1p/P4P1P/1P2PPK1/8/8 w - - 1 43",1.0
"2r5/8/4k1p1/R1P2p1p/P3PP1P/1n3PK1/8/8 w - - 0 45",1.0
"2r5/3k4/6R1/2P4p/P3pP1P/1n3PK1/8/8 w - - 0 47",1.0
"3k4/6R1/8/2n4p/P3PP1P/2r5/5K2/8 w - - 3 51",1.0
"3k4/6R1/8/4P2p/n4P1P/4K3/2r5/8 w - - 0 53",1.0
"3k4/6R1/4P3/7p/n2K1P1P/7r/8/8 w - - 3 55",1.0
"6R1/8/4Pk2/5P1p/n2K3P/7r/8/8 w - - 1 57",1.0
"8/7R/3kP3/2n2P2/3K3P/5r2/8/8 w - - 3 61",1.0
"8/8/3k4/1Q6/4K2P/8/6r1/8 w - - 5 69",1.0
"8/8/3k4/1Q3K1P/7r/8/8/8 w - - 3 71",1.0
"8/8/2k4P/5K2/7Q/8/8/8 w - - 1 75",1.0
"8/7P/5Q2/5K2/k7/8/8/8 w - - 1 77",1.0
"7Q/8/1Q6/5K2/8/8/k7/8 w - - 1 79",1.0
"r1bq1rk1/ppp2ppp/2n2n2/2bpp3/P7/2NBPN2/1PPP1PPP/R1BQ1RK1 w - - 0 7",1.0
"r1bq1rk1/ppp2pp1/2n2n1p/2bp2N1/P3p3/2N1P3/1PPPBPPP/R1BQ1RK1 w - - 0 9",1.0
"r4rk1/ppp2pp1/2n4p/2b5/P3q3/7P/1PP1BP1P/R1BQ1RK1 w - - 0 15",1.0
"r4rk1/ppp2pp1/7p/2b1q3/Pn4Q1/3B3P/1PP2P1P/R1B2RK1 w - - 4 17",1.0
"r4rk1/ppp2pp1/3b3p/4q3/P5Q1/3P3P/1P3P1P/R1BR2K1 w - - 1 19",1.0
"r3r1k1/ppp2pp1/3b3B/8/P7/3P3P/1q3PQP/R2R2K1 w - - 0 21",1.0
"r3rbk1/ppp2pp1/7B/8/P2P4/7P/2q2PQP/1R1R2K1 w - - 3 23",1.0
"r3rbk1/p4pp1/1pp5/8/P2P1B2/5Q1P/2q2P1P/1R1R2K1 w - - 0 25",1.0
"5bk1/p4pp1/1ppr4/8/P2Pr3/3RB2P/5P1P/2R3K1 w - - 2 29",1.0
"5bk1/p4pp1/8/1p1Pr3/4r3/2R1B2P/5P1P/2R4K w - - 1 33",1.0
"5bk1/5pp1/p7/1p1Pr3/2r5/3RB2P/5P1P/1R5K w - - 0 35",1.0
"6k1/3Pbpp1/p7/1p2r3/7r/3RB2P/5P1P/1R5K w - - 1 37",1.0
"3R4/5ppk/p7/1p2r3/7r/4B2P/5P1P/1R5K w - - 1 39",1.0
"8/5ppk/R7/8/1pr5/4B2P/5P1P/7K w - - 1 43",1.0
"8/6pk/1R1B4/5p2/8/7P/4r2P/7K w - - 2 47",1.0
"8/1R4pk/8/5p2/4rB2/7P/7P/7K w - - 6 49",1.0
"8/1R4pk/8/8/5B2/5K1P/r7/8 w - - 3 55",1.0
"8/4R3/7k/4B3/6K1/7P/r7/8 w - - 3 59",1.0
"8/4R3/7k/8/6KP/6B1/2r5/8 w - - 3 61",1.0
"8/4R3/5k2/7P/5BK1/8/2r5/8 w - - 1 63",1.0
"r1bqk2r/1ppp1pbp/p1n2pp1/8/1P6/5N2/PBPPPPPP/R2QKB1R w KQkq - 0 7",0.0
"r1bq1rk1/1pp2pbp/p1n2pp1/3p4/1P1B4/P4N2/2PPPPPP/R2QKB1R w KQ - 0 9",0.0
"r2q1rk1/1pp2pbp/p4pp1/3p4/1P1N2bP/P7/2PPPPP1/R2QKB1R w KQ - 1 11",0.0
"r4rk1/1ppb1pbp/p4pp1/3pq3/1P1N3P/P3PP2/2PPK1P1/R3QB1R w - - 5 15",0.0
"r3r1k1/1ppb1pbp/5pp1/p2pq3/1P1N3P/P3PP2/2PP2P1/R3QBKR w - - 0 17",0.0
"r3r1k1/1ppb1pbp/3q2p1/p2p1p2/1P1N3P/P1PBPP2/3P2P1/R3Q1KR w - - 0 19",0.0
"4r1k1/1ppb1pbp/3q2p1/r2p1p2/3N3P/P1PBPP2/3PQ1P1/R5KR w - - 2 23",0.0
"4r1k1/1ppb1pbp/6p1/3p4/3N1p1P/q1PBPP2/3P2P1/3Q2KR w - - 0 27",0.0
"4r1k1/1p1b1pbp/2p3p1/1Bqp4/5p1P/2P1PP2/2NP2P1/3Q2KR w - - 2 29",0.0
"6k1/1p1b1p1p/2p3p1/3p4/7P/2bBqP2/6P1/3Q1K1R w - - 0 33",0.0
"6k1/3b1p1p/2p3p1/1p1p3P/3bB3/4qP2/6P1/3Q1K1R w - - 2 35",0.0
"6k1/3b1p1p/2p3p1/7P/3bP3/1p6/3K2P1/7R w - - 0 39",0.0
"6k1/5p1p/4b1p1/2p4P/3bP3/1p1K4/6P1/1R6 w - - 0 41",0.0
"5k2/5p1p/4b1pP/2p5/3bP3/3K4/1p4P1/5R2 w - - 0 43",0.0
"5k2/5p1p/5bpP/2p5/4P3/6P1/b1K5/8 w - - 2 47",0.0
"5k2/7p/6pP/2p1bp2/8/6P1/b2K4/8 w - - 0 49",0.0
"5k2/7p/6pP/2pb1p2/8/6b1/4K3/8 w - - 0 51",0.0
"5k2/7p/6p1/2p2p2/4b3/1K2b3/8/8 w - - 2 55",0.0
"8/4k3/6p1/2p2p1p/2K1b3/4b3/8/8 w - - 2 57",0.0
"8/8/3k2p1/2p2p2/2K1b2p/4b3/8/8 w - - 2 59",0.0
"8/8/3k2p1/2p2p2/4b3/K3b3/7p/8 w - - 0 61",0.0
"8/8/3k2p1/K1p5/4bp2/4b3/8/7q w - - 0 63",0.0
"8/8/K2k2p1/2p5/4b3/4b3/5p2/7q w - - 0 65",0.0
"r1bqkb1r/2pppppp/1p3n2/p7/3Pn3/2N1PN2/PPP1BPPP/R1BQ1RK1 w kq - 1 7",1.0
"r1bqkb1r/2pppppp/1p6/p3N3/3Pn3/2P1P3/P1P1BPPP/R1BQ1RK1 w kq - 1 9",1.0
"r3kb1r/4ppp1/1p5p/p2p2B1/3PP1Q1/2P5/P1P2PPP/R4RK1 w - - 2 17",1.0
"5b1r/3kppp1/1p6/p2P3p/3P4/2r1B3/P1P1QPPP/R4RK1 w - - 2 21",1.0
"4kbr1/4pp2/1p6/p2P2BQ/3P4/2r5/P1P2PPP/RR4K1 w - - 1 25",1.0
"4kbr1/4p3/1p1P1p2/p5B1/3P2Q1/8/P1r2PPP/RR4K1 w - - 0 27",1.0
"3k1br1/3Pp3/1p3p2/p5B1/3PQ3/8/P4rPP/RR4K1 w - - 0 29",1.0
"5BQ1/3kp3/1p1r1p2/p7/3P3P/8/P5P1/RR4K1 w - - 1 35",1.0
"5BQ1/3kp3/1R3p2/p6P/1r6/8/P5P1/R5K1 w - - 1 37",1.0
"5B2/1k2p3/2R1Qp2/p6P/1r6/8/P5P1/R5K1 w - - 5 39",1.0
"r1bq1rk1/1ppp1ppp/2nbpn2/p7/2BP4/2N1PN2/PPP2PPP/R1BQ1RK1 w - - 0 7",1.0
"r1b2rk1/1ppp1ppp/2nbpq2/p7/P1BP2n1/2NQPN2/1PP2PPP/R1B2RK1 w - - 3 9",1.0
"r1b2rk1/1ppp1ppp/2nqp3/p7/P1BP2n1/3QPN2/1PP2PPP/R1B2RK1 w - - 0 11",1.0
"r1b1r1k1/1ppp1ppp/2nqpn2/p7/P1BPQ3/4PN2/1PPB1PPP/R4RK1 w - - 4 13",1.0
"r1b1r1k1/1ppp1ppp/2nqpn2/p7/P1BP3Q/4PN2/1PPB1PPP/R1R3K1 w - - 8 15",1.0
"r1b1r1k1/2pp1pp1/1pnqpn2/p5Np/P2P3Q/3BP3/1PPB1PPP/R1R3K1 w - - 0 17",1.0
"r3r1k1/2pp1p2/bpnqpnp1/p5Np/P1PP3Q/4P3/1P1BBPPP/R1R3K1 w - - 1 19",1.0
"rr4k1/2pp1p2/bp1qpnp1/p5Np/PnPP3Q/1P2P3/2RBBPPP/R5K1 w - - 1 21",1.0
"1r4k1/rb1p1p2/1p1qp1p1/p1p4p/PnPP3Q/1P2P3/3BBPPP/R1R3K1 w - - 3 25",1.0
"1r4k1/r2p1p2/1p1qpQp1/p1p4p/P1PPb3/1PR1P3/2nBBPPP/R5K1 w - - 7 27",1.0
"5rk1/r2p1p2/1p2pQp1/p6p/PnPP4/1P4R1/2b1BPPP/3R2K1 w - - 2 33",1.0
"2r3k1/r4p2/1p2p1p1/p6B/P2P3Q/1Pn3R1/2b2PPP/R5K1 w - - 1 37",1.0
"2r3k1/r4p2/1p2p1p1/p6B/P2P3Q/1Pn3R1/2b2PPP/4R1K1 w - - 5 39",1.0
"2r3k1/r4p2/1p2p1p1/p6B/P2P3Q/1Pn3R1/2b2PPP/4R1K1 w - - 9 41",1.0
"2r3k1/r7/1p2p1p1/p7/P2P3Q/1P4R1/n1b2PPP/2R3K1 w - - 0 43",1.0
"8/r4k2/1p2p1p1/p7/P2P3Q/1P5R/n1r2PPP/6K1 w - - 0 45",1.0
"8/r6Q/1p2p1p1/p5k1/P2P4/1P3R2/n1r2PPP/6K1 w - - 4 47",1.0
"8/r7/1p2p1Q1/p7/P2P3k/1P3R2/n1r2PP1/6K1 w - - 0 49",1.0
"r1bqkb1r/1p2ppp1/n1pp1n2/p3Q2p/2P5/2N2N2/PP1PPPPP/R1B1KB1R w KQkq - 0 7",0.0
"r1bqkb1r/1p2ppp1/2pp1n2/2n4p/p1PN1Q2/2N5/PP1PPPPP/R1B1KB1R w KQkq - 0 9",0.0
"r1bqk2r/1p2pp2/2pp1npb/2n4p/p1PN1Q1P/P1N5/1P1PPPP1/R1B1KB1R w KQkq - 1 11",0.0
"r2qk2r/1p2pp2/2pp1npb/7p/p1P3bP/PNN2Q2/1P1PPPP1/R1B1KB1R w KQkq - 1 13",0.0
"r3k2r/1p2pp2/1qpp2pb/7p/2P3bP/Pp1Q4/1P1PPPP1/R1B1KB1R w KQkq - 3 17",0.0
"r3k3/1p2pp2/1qpp4/6rp/2PP2b1/PpQ5/1P2PPP1/2R1KB1R w Kq - 0 21",0.0
"r3k3/1p2pp2/2ppb3/q5rp/2PP4/PpR1Q3/1P2PPP1/4KB1R w Kq - 4 23",0.0
"r3k3/1p2pp2/2ppbr2/q6p/2PPP3/PpR5/1P1Q1PP1/4KB1R w Kq - 1 25",0.0
"r1b1k3/1p2pp2/2pp1r2/q6p/1RPPP3/P4P2/1P1QB1P1/4K2R w Kq - 3 29",0.0
"r1b1k3/1p2pp2/5r2/q1p4p/1RP1P3/P4P2/1P1QB1P1/5RK1 w q - 0 31",0.0
"r1b3Q1/1p1kpp2/5r2/q6p/1pP1P3/P4P2/1P2B1P1/5RK1 w - - 2 33",0.0
"r1b5/1p1kpQ2/8/7p/1qP1PP2/8/1P4PK/8 w - - 0 39",0.0
"2b5/1p1kp3/8/2PP3p/1P3P2/8/6PK/3r4 w - - 1 43",0.0
"2b5/1p2p3/2k5/2P4p/1P3P2/3r2P1/6K1/8 w - - 6 47",0.0
"8/1p2p3/2k5/2P4p/1P3P2/6rb/8/4K3 w - - 0 49",0.0
"8/1p2p3/8/1kP5/1P3P1p/6rb/8/4K3 w - - 0 51",0.0
"8/1p2p3/8/2P2b2/1k3P1p/6r1/8/3K4 w - - 0 53",0.0
"8/1p2p3/8/2k2b2/5P2/8/5K2/7q w - - 0 57",0.0
"r1bqkb1r/1p1pppp1/5n2/p1p4p/P1Pn3P/2N2NP1/1P1PPP2/R1BQKB1R w KQkq - 1 7",0.0
"r1bqkb1r/1p1ppp2/5np1/p6p/P1Pp3P/2N3P1/1P1PPPB1/R1BQK2R w KQkq - 0 9",0.0
"2bqkb1r/1p1ppp2/r5p1/p2N3p/P1Pp2nP/1Q4P1/1P1PPPB1/R1B1K2R w KQk - 4 11",0.0
"2bqk2r/1p1pppb1/r5pn/p2N3p/P1Pp3P/3Q1PP1/1P1PP1B1/R1B1K2R w KQk - 1 13",0.0
"2bqk2r/1p1p1pb1/r3p1p1/p2N3p/P1Pp1PnP/1P1Q2P1/3PP1B1/R1B1K2R w KQk - 0 15",0.0
"2bqk2r/1p3pb1/r2p2p1/p2B3p/P1Pp1PnP/BP1Q2P1/3PP3/R3K2R w KQk - 0 17",0.0
"2b4r/1p2kpb1/r2p2p1/p2B3p/P1Pp1PnP/BP4P1/3PP3/R3K2R w KQ - 0 19",0.0
"8/1p4b1/3k2b1/p6p/P4PnP/1P1P2r1/3K4/3R3R w - - 0 29",0.0
"8/1p6/3k2b1/p6p/P4PnP/1Pbr4/4K3/3RR3 w - - 2 31",0.0
"8/1p6/3k4/p2b1P1p/P2b2nP/1P3R2/4K3/8 w - - 2 35",0.0
"8/1p6/3k1b1n/p2b1P1p/P6P/1P1R4/3K4/8 w - - 6 37",0.0
"8/1p6/5bR1/p2bkn1p/P6P/1P6/3K4/8 w - - 2 39",0.0
"8/1p6/5bR1/p3k2p/P2n3P/1b6/1K6/8 w - - 0 41",0.0
"8/1p6/5b1R/p3k2p/P2n3P/5b2/8/2K5 w - - 4 43",0.0
"8/1p6/5bR1/p3k2p/P2n4/5b2/1K6/8 w - - 2 45",0.0
"8/8/1p3b1R/p3k3/P2n3p/2K2b2/8/8 w - - 0 47",0.0
"8/3R4/1p3b2/p3k3/P3b2p/2K2n2/8/8 w - - 4 49",0.0
"8/3R4/1p3b2/pK2k3/P3b3/5n2/7p/8 w - - 0 51",0.0
"3b4/8/8/p1K1k3/P2n4/8/8/7b w - - 0 55",0.0
"8/4b3/2b5/p3k3/P2n4/2K5/8/8 w - - 4 57",0.0
"8/4b3/2b5/p3k3/3n4/8/3K4/8 w - - 2 59",0.0
"8/4b3/2b5/4k3/3n4/p7/3K4/8 w - - 0 61",0.0
"8/4b3/8/3bk3/3n4/8/pK6/8 w - - 2 63",0.0
"r1bqkb1r/2p1ppp1/ppn2n2/2Pp3p/1P6/1QN2N2/P2PPPPP/R1B1KB1R w KQkq d6 0 7",0.0
"r2qkb1r/3bppp1/ppn2n2/3p3p/QP6/2N2N2/P2PPPPP/R1B1KB1R w KQkq - 0 9",0.0
"r2qkb1r/4ppp1/ppn2n2/3p1bNp/1P6/1QN5/P2PPPPP/R1B1KB1R w KQkq - 4 11",0.0
"r2qkb1r/4ppp1/p4n2/1p1p1bNp/1P1n4/1QN5/P2PPPPP/R1B1KB1R w KQkq - 2 13",0.0
"r2qkb1r/4ppp1/p4n2/1p3bNp/1P1p4/2N5/PQnPPPPP/R1BK1B1R w kq - 0 15",0.0
"r2qkb1r/4ppp1/p4nb1/1p4Np/1P6/1Qp5/P1nPPPPP/1RBK1B1R w kq - 0 17",0.0
"2rqkb1r/4ppp1/p4nb1/1p4Np/1P1n4/2QP4/P3PPPP/1RBK1B1R w k - 1 19",0.0
"2rqkb1r/2n1ppp1/p5b1/1p4Np/1P1n4/Q2P4/PB2PPPP/1R1K1B1R w k - 5 21",0.0
"2r1kb1r/2n1ppp1/p2q2b1/1pR3Np/1P1n4/Q2P4/PB2PPPP/3K1B1R w k - 9 23",0.0
"2r1kb1r/2n1p1p1/p2q1pb1/1pR1QnNp/1P6/3P4/PB2PPPP/3K1B1R w k - 0 25",0.0
"2rk1b1r/4p1p1/p2qn1Q1/1p4pp/1P6/3P4/PB2PPPP/3K1B1R w - - 3 29",0.0
"2rk1b2/4p1p1/p3n2r/1p4pp/1P2Qq2/P2P4/1B2PPPP/3K1B1R w - - 3 31",0.0
"2rk1b2/4p1p1/p2qn2r/1p2Q2p/1P4p1/P2P4/1B2PPPP/3K1B1R w - - 0 33",0.0
"2r1kb2/4p3/p2qn1pr/1p5p/1P4pP/P2PQ3/1B2PPP1/3K1B1R w - - 2 35",0.0
"4kb2/4p3/p3n1pr/1p1qB2p/1P4pP/P2PQ3/2r1PPP1/4KB1R w - - 6 37",0.0
"4kb2/4p3/p3n1pr/1p2B2p/1P3PpP/q2PQ3/2r1P1PR/4KB2 w - - 0 39",0.0
"4k3/4p1n1/p5pr/1p5p/1q3P1P/3P2Q1/2r1P1PR/5BK1 w - - 0 45",0.0
"4k3/4p3/p5pr/7p/1p2PP1P/3P4/4r1PR/6K1 w - - 0 51",0.0
"4k3/4p3/p5pr/4P2p/5PqP/7R/5KP1/8 w - - 6 59",0.0
"4k3/4p3/6pr/p3P2p/5P2/4q3/6PK/5R2 w - - 0 63",0.0
"4k3/4p3/7r/p3q2p/8/6R1/7K/8 w - - 0 71",0.0
"4k3/4p3/7r/p7/3q3p/6R1/8/7K w - - 0 77",0.0
"8/3kp3/7r/p7/3q4/7p/8/6RK w - - 0 79",0.0
"8/3kp3/7r/8/3q4/p6p/8/6RK w - - 0 81",0.0
"8/3kp3/7r/8/3q4/8/p6p/6RK w - - 0 83",0.0
"r1b1kb1r/ppqppppp/n7/8/3Nn3/4P3/PPP1BPPP/RNBQ1RK1 w kq - 1 7",1.0
"r1b1kb1r/ppqppppp/n7/8/3NnP2/4P3/PPP1B1PP/RNBQ1RK1 w kq - 1 9",1.0
"r1b1kb1r/1pnppppp/2q5/p4P2/8/2N1P3/PPP1B1PP/R1BQ1RK1 w kq - 0 13",1.0
"r1b1kb1r/1pnppppp/5q2/5P2/p2QP3/2N5/PPP1B1PP/R1B2RK1 w kq - 1 15",1.0
"r1b1k2r/1pnp1ppp/5q2/4pP2/pb2P3/2N5/PPP1BQPP/R1BR2K1 w kq - 2 17",1.0
"2b1k2r/1pnp1ppp/5q2/r3pP2/p3P3/P1P5/2P1BQPP/R1BR2K1 w k - 1 19",1.0
"r1b1k2r/1pnp1pp1/5q2/2B1pP1p/p3P3/P1P5/2P1BQPP/R2R2K1 w k - 0 21",1.0
"r1b2k1r/1p1pRpp1/n2B4/5P1p/p3P3/P1P5/2P1BQPP/R5K1 w - - 1 25",1.0
"r1b5/1p1p2pk/n2B1R2/5P1p/p1BQP3/P1P5/2P3PP/R5K1 w - - 1 29",1.0
"r1bqkb1r/1ppppppp/p4n2/8/1n2B3/4PN2/PPPPQPPP/RNB2RK1 w kq - 8 7",1.0
"r1b1kb1r/1pp1pppp/p2q1n2/3p4/1n6/2NBPN2/PPPPQPPP/R1B2RK1 w kq - 2 9",1.0
"r3kb1r/1pp1pppp/p2q1n2/3p4/P5b1/2NPPN2/1P1PQPPP/R1B2RK1 w kq - 1 11",1.0
"2kr1b1r/1pp2pp1/p2q1n2/P3p3/4P2p/2N2Q2/1P1P1PPP/R1B1R1K1 w - - 0 17",1.0
"2kr3r/1pp1bp2/p2q1np1/P3p3/R3P2p/1PN2Q2/3P1PPP/2B1R1K1 w - - 0 19",1.0
"2kr3r/1pp1bp2/p3qnp1/P3p3/2R1P2p/1PN1RQ2/3P1PPP/2B3K1 w - - 4 21",1.0
"2kr3r/1p2bp2/p1p2np1/P3p3/N1R1P1qp/1PR2Q2/3P1PPP/2B3K1 w - - 0 23",1.0
"1k1r3r/1p2bp2/pNp3p1/P3p3/2R1P1np/1PR5/3P1PPP/2B3K1 w - - 0 25",1.0
"1k1r1r2/1p2bp2/pNp3pn/P3p3/2R1P2p/1P3R1P/3P1PP1/2B3K1 w - - 1 27",1.0
"1k1r1r2/1p2b3/pNp4n/P2Pppp1/2R1P2p/1P3R1P/5PP1/2B3K1 w - - 0 29",1.0
"8/1k6/pNp2b1B/P3p1p1/1PRr3p/7P/5PK1/8 w - - 1 37",1.0
"3r1B2/1k6/pNp2b2/P1R1p1p1/1P5p/7P/5PK1/8 w - - 9 41",1.0
"6r1/1k6/pNp2b2/P1R1p1B1/1P5p/7P/5PK1/8 w - - 1 43",1.0
"8/1k4r1/pNp2b2/P3p3/1PR4p/7P/5P2/5K2 w - - 2 45",1.0
"4r3/1k6/p1p5/P1R1p3/1P5p/7P/4KP2/8 w - - 3 49",1.0
"7r/2k5/p1p5/P3p3/1P4Rp/7P/4KP2/8 w - - 7 51",1.0
"8/2r5/p7/k1P1R3/4KP1p/7P/8/8 w - - 0 57",1.0
"8/2r5/p4P2/2P1R3/2k1K2p/7P/8/8 w - - 1 59",1.0
"8/8/p1r2PK1/1kP1R3/7p/7P/8/8 w - - 5 61",1.0
"8/5r2/5P2/1kP2RK1/p7/7P/8/8 w - - 0 65",1.0
"r7/5P2/6K1/1kP2R2/p7/7P/8/8 w - - 1 67",1.0
"5K2/8/8/2k5/8/7P/p7/5R2 w - - 0 71",1.0
"5K2/8/8/8/8/1k5P/R7/8 w - - 1 73",1.0
"5K2/R7/8/1k6/7P/8/8/8 w - - 1 75",1.0
"5K2/4R3/8/7P/2k5/8/8/8 w - - 1 77",1.0
"5K2/4R2P/8/2k5/8/8/8/8 w - - 1 79",1.0
"5K2/4R3/8/4Q3/1k6/8/8/8 w - - 3 81",1.0
"5K2/1R6/3Q4/8/8/2k5/8/8 w - - 7 83",1.0
"5K2/2R5/1Q6/8/8/k7/8/8 w - - 11 85",1.0
"r1bqk2r/2pp1ppp/p1pbpn2/8/8/2N1PN2/PPPP1PPP/R1BQ1RK1 w kq - 2 7",0.0
"r1bqk2r/2pp1ppp/p1p1pb2/8/3PP3/2N4P/PPP2PP1/R1BQ1RK1 w kq - 1 11",0.0
"r1bqk2r/2ppbp1p/p1p1p3/4P1p1/3P1B2/2N4P/PPP2PP1/R2Q1RK1 w kq - 0 13",0.0
"1rbq1rk1/2ppbp1p/p1p1p3/4P1p1/3P4/1PN1B2P/P1P2PP1/R2Q1RK1 w - - 1 15",0.0
"1rbq1rk1/2p2p1p/p1p1p3/P2pP1p1/1b1P4/1PN1B2P/2P2PP1/R2Q1RK1 w - - 1 17",0.0
"1rbq1rk1/2p4p/p1p1p3/P2pPp2/1b1P1Pp1/1PNQB2P/2P3P1/R4RK1 w - - 0 19",0.0
"1r1q1rk1/2pb3p/p1p1p3/P2pP3/1b1P1Pp1/1PNQ4/2P2BP1/R4RK1 w - - 0 21",0.0
"6k1/2pb3p/p1p1p3/Pr1pPr2/3P1Ppq/1P1Q4/2P1N1P1/R4RK1 w - - 3 25",0.0
"6k1/2pb3p/p7/P1ppP1q1/1rPP2p1/1P1Q2N1/6P1/R4K2 w - - 1 31",0.0
"6k1/2p4p/p3b3/P3P3/1rPQN1pq/8/6P1/R5K1 w - - 3 35",0.0
"8/2p2k1p/p3bN2/P3P3/1rP4q/3Q2p1/6P1/R5K1 w - - 0 37",0.0
"8/2p2k2/p3bN1p/P1P1P3/8/2KQ1rp1/6q1/3R4 w - - 0 45",0.0
"8/2p2k2/p3bN1p/P1P1P3/8/2KR2p1/q7/8 w - - 1 47",0.0
"8/2p2k2/p3b2p/P1PNP3/8/2K5/8/3q2q1 w - - 0 51",0.0
"r1bq1rk1/pppp1ppp/3bpn2/8/1nP5/2NBPN2/PP1P1PPP/R1BQ1RK1 w - - 5 7",1.0
"r1bq1rk1/1ppp1ppp/3bpn2/p7/2P5/2NQPN2/PP1P1PPP/R1B2RK1 w - - 0 9",1.0
"r1bq1rk1/2pp1ppp/1p2pn2/pNb5/P1P5/3QPN2/1P1P1PPP/R1B2RK1 w - - 2 11",1.0
"r1b2rk1/2p2ppp/1pNqpn2/p1bp4/P1P5/3QPN2/1P1P1PPP/R1B2RK1 w - - 2 13",1.0
"r4rk1/1bp2ppp/1pNqp3/p1bnN3/P7/3QP3/1P1P1PPP/R1B2RK1 w - - 0 15",1.0
"r4rk1/2p2ppp/1p1bp3/p2q4/P7/6Q1/1P1P1PPP/R1B2RK1 w - - 2 19",1.0
"r3r1k1/5ppp/1p1bp3/p1pq4/P6Q/8/1P1P1PPP/R1B1R1K1 w - - 2 21",1.0
"r3r1k1/5pp1/1p1bp2p/p2q4/P1p4Q/7R/1P1P1PPP/2B1R1K1 w - - 0 23",1.0
"2r1r1k1/5p2/1p1bp2p/p2q2p1/P1p1R2Q/2R5/1P1P1PPP/2B3K1 w - - 0 25",1.0
"2r1r1k1/8/1p2p2p/p3q1p1/P1p2p1Q/6R1/1P1P1PPP/2B2K2 w - - 0 29",1.0
"3rr3/7k/1p2p2p/p3q1pQ/P1p2pR1/8/1P1P1PPP/2B2K2 w - - 4 31",1.0
"3r4/7k/1p2p1rp/p3q1PQ/P1p2pR1/8/1P1P1PP1/2B2K2 w - - 1 33",1.0
"3r4/7k/1p2p1rp/p5P1/P1p2pQR/8/1PqP1PP1/2B2K2 w - - 5 35",1.0
"3r4/7k/1p4rp/p3p1P1/P1p2Q1R/8/1P1PKPP1/2q5 w - - 0 37",1.0
"7k/8/1p6/p3p1Q1/P1p4K/5P2/1q4P1/8 w - - 0 45",1.0
"5k2/8/1p6/p7/P2p3K/5P2/6P1/8 w - - 0 49",1.0
"8/4k3/1p6/p7/P7/3p1P2/5KP1/8 w - - 2 51",1.0
"8/8/1p6/p1k5/P7/3K1P2/6P1/8 w - - 1 53",1.0
"8/8/1p6/p3k1P1/P7/3K1P2/8/8 w - - 1 55",1.0
"8/8/1p4k1/p5P1/P4P2/4K3/8/8 w - - 1 57",1.0
"5k2/8/1p6/p4PP1/P3K3/8/8/8 w - - 1 59",1.0
"5k2/8/1p3P2/p4KP1/P7/8/8/8 w - - 3 61",1.0
"5k2/8/4KP2/1P4P1/p7/8/8/8 w - - 0 63",1.0
"6k1/8/1P2KPP1/8/8/p7/8/8 w - - 0 65",1.0
"r1br2k1/pppp2pp/4pn2/8/8/4PN2/PPPP2PP/R1BR2K1 w - - 0 11",1.0
"r1b2rk1/ppp3pp/4pn2/3p4/8/3PPN2/PPP3PP/R1B2RK1 w - - 0 13",1.0
"r1b2k2/pppn2pp/4p3/3pN3/8/3PP3/PPP3PP/R1B3K1 w - - 0 15",1.0
"r1b3k1/1ppn2pp/4p3/p2p4/8/3PPN2/PPPB2PP/R5K1 w - - 0 17",1.0
"r1b3k1/1p4pp/4pn2/pNpp4/8/3PP3/PPPB2PP/R5K1 w - - 0 19",1.0
"r1b3k1/1p4pp/3N1n2/2ppp3/p7/3PP3/PPPB2PP/5RK1 w - - 0 21",1.0
"r1b3k1/6pp/1p1N4/2pnp3/p7/3P4/PPPB2PP/5RK1 w - - 0 23",1.0
"r1b3k1/6pp/8/1ppnN3/8/p2P4/PPPB2PP/5RK1 w - - 0 25",1.0
"r5k1/6pp/4b3/2pnN3/1p5P/pP1P4/P1PB2P1/5RK1 w - - 1 27",1.0
"8/4k1p1/4b2p/2pnN2P/1p4P1/pP1P4/P1PB2K1/8 w - - 2 31",1.0
"8/6p1/3kbn1p/2p1N2P/1p1P2P1/pP3K2/P1PB4/8 w - - 1 33",1.0
"8/6p1/2N1bn1p/3k3P/1B4P1/pP3K2/P7/8 w - - 2 37",1.0
"8/6p1/2N1bn1p/3k3P/1B4P1/pP3K2/P7/8 w - - 6 39",1.0
"8/6p1/2N1bn1p/3k3P/1B4P1/pP3K2/P7/8 w - - 10 41",1.0
"8/6p1/2N1bn1p/7P/1B4P1/pP1k1K2/P7/8 w - - 14 43",1.0
"8/6p1/4bn1p/4N2P/6P1/BP3K2/P7/1k6 w - - 1 45",1.0
"4nB2/6p1/7p/4N2P/P5P1/1b3K2/8/1k6 w - - 0 47",1.0
"5B2/6p1/5n1p/P3N2P/6P1/4K3/8/1k1b4 w - - 3 49",1.0
"8/6B1/P7/7K/8/8/3k4/8 w - - 1 57",1.0
"Q7/6B1/8/7K/8/8/2k5/8 w - - 1 59",1.0
"8/8/8/3QB2K/8/8/2k5/8 w - - 5 61",1.0
"8/8/8/4B3/6K1/1Q6/3k4/8 w - - 9 63",1.0
"8/8/8/4B3/6K1/8/4Q3/1k6 w - - 13 65",1.0
"r1bq1rk1/pppp1ppp/2n1pn2/1Nb5/8/3BPN2/PPPP1PPP/R1BQ1RK1 w - - 8 7",0.0
"r1bq1rk1/ppp2ppp/4pn2/1Nbpn3/P2N4/3BP3/1PPP1PPP/R1BQ1RK1 w - - 2 9",0.0
"r2q1rk1/ppp2ppp/5n2/P1bpp3/6b1/2NPPN2/1P1P1PPP/R1BQ1RK1 w - - 2 13",0.0
"r2q1rk1/p1p2ppp/1p3n2/b2pNb2/8/1QNPP3/1P1P1PPP/R1B2RK1 w - - 2 17",0.0
"r4rk1/p1p2ppp/1p3n2/b2pNb2/1q1P4/1QNPP3/1P3PPP/R1B2RK1 w - - 1 19",0.0
"r4rk1/2p2ppp/pp1q1n2/b2pNb2/3P4/1QNPP3/1P3PPP/R1B2RK1 w - - 0 21",0.0
"r4rk1/3q1ppp/pp6/2p2P2/R2b1B2/1Q6/1P3PPP/5RK1 w - - 0 27",0.0
"r3r1k1/3q1ppp/pp3b2/2p5/R4B2/1Q6/1P3PPP/3R2K1 w - - 2 29",0.0
"r5k1/3q1ppp/pp3b2/2pr4/R7/8/1PQ2PPP/3R2K1 w - - 2 31",0.0
"r5k1/5ppp/pp3b2/3r4/2p3q1/8/1PQ2PPP/R1R3K1 w - - 2 33",0.0
"r5k1/5ppp/pp6/3r4/2pb1q2/7P/1PQ2PP1/R2R2K1 w - - 3 35",0.0
"r5k1/5ppp/p7/1p3r2/2pb1q2/7P/1PQ1RPP1/R5K1 w - - 0 37",0.0
"r5k1/5p1p/p5p1/1p3r2/2pb3q/8/1P1QRPP1/R5K1 w - - 0 39",0.0
"r5k1/5p1p/p5p1/1p2b3/2p4q/R7/1P1Q1PP1/6K1 w - - 0 41",0.0
"r5k1/5p1p/p5p1/1p2b3/2p5/7R/1P2qPP1/2Q3K1 w - - 4 43",0.0
"6k1/5p1p/p5p1/1p6/5P2/1Pp1b1K1/6P1/3q4 w - - 0 49",0.0
"6k1/5p2/p5p1/1p6/8/1P2b1K1/2p3P1/3q4 w - - 0 51",0.0
"6k1/5p2/p5p1/1p1q4/1P6/4b3/6PK/2q5 w - - 0 53",0.0
"r1bq1rk1/ppp2ppp/2n1pn2/3p4/Pb6/2NBPN2/1PPP1PPP/R1BQ1RK1 w - - 0 7",0.0
"r1b2rk1/ppp2ppp/3qpn2/3p4/Pb1P4/2NB4/1PPP1PPP/R1BQ1RK1 w - - 1 9",0.0
"r1b2r2/ppp2ppk/1q2p2n/3p4/Pb1P1P1Q/2N5/1PPP2PP/R1B2RK1 w - - 2 13",0.0
"r1b2rk1/ppp2p2/1q2pPp1/3p1n2/P2P2Q1/2P5/1PP3PP/R1B2RK1 w - - 0 17",0.0
"r1b2rk1/ppp2p2/5qp1/P2ppn2/3P2Q1/1PP5/2P3PP/R1B2RK1 w - - 0 19",0.0
"r1b1r1k1/ppp2p2/5qp1/P1Bp1n2/3Pp1Q1/1PP5/2P3PP/R4RK1 w - - 0 21",0.0
"r1b1r1k1/p4p2/2q3p1/5n2/4p1Q1/1P6/2P3PP/R4R1K w - - 0 27",0.0
"r1b1r1k1/p4p2/2q3p1/5n2/4p3/1P6/2P2QPP/R4R1K w - - 4 29",0.0
"r3r1k1/pb3p2/6p1/5n2/2P5/1P3R2/4p1PP/4R2K w - - 2 33",0.0
"4r1k1/pb3p2/6p1/4rn2/2P5/1P6/3Rp1PP/4R2K w - - 6 35",0.0
"4r1k1/1b3p2/6p1/p3r3/2P5/1P2n2P/3RRK2/8 w - - 0 39",0.0
"4r1k1/8/2b3p1/p3rp2/2P4P/1P2n3/R3RK2/8 w - - 0 41",0.0
"6k1/4r3/2b3p1/p3rp2/2P3nP/1P4K1/R4R2/8 w - - 4 43",0.0
"6k1/4r3/2b3p1/R1P2p2/5KnP/1r6/3R4/8 w - - 1 47",0.0
"6k1/4r3/2b5/R1P2pKp/1r4n1/8/3R4/8 w - - 0 49",0.0
"R2Rbk2/4r3/8/2P2pKp/1r4n1/8/8/8 w - - 4 51",0.0
"R3bk2/4r3/1R6/2P3Kp/3r1pn1/8/8/8 w - - 2 53",0.0
"4rk2/8/1R6/2P4K/2r3n1/5p2/8/8 w - - 0 57",0.0
"4rk2/8/7K/2q5/8/8/8/8 w - - 0 61",0.0
"rnbqk2r/1pp2ppp/p3pn2/2bp4/2BN4/4PN2/PPPP1PPP/R1BQK2R w KQkq - 0 7",1.0
"rnbqk2r/1p3ppp/p3pn2/2pp4/3N4/3BP3/PPPP1PPP/R1BQK2R w KQkq - 0 9",1.0
"rnbq1rk1/1p3ppp/p3pn2/3p4/2p5/4PN2/PPPPBPPP/R1BQK2R w KQ - 2 11",1.0
"rnbr2k1/1pq2ppp/p3pn2/3p4/2p5/3PPN2/PPP1BPPP/R1BQ1RK1 w - - 1 13",1.0
"r1br1nk1/1pq2ppp/p3p3/8/P1p3n1/2P1PN2/1P1BBPPP/R2Q1RK1 w - - 1 17",1.0
"r2r2k1/1pqb1ppp/p3p1n1/P7/2p1P1n1/2P2N2/1P1BBPPP/R2Q1RK1 w - - 1 19",1.0
"r2r2k1/1pq3pp/p3ppn1/Pb6/2p1P1n1/2P2N2/1P1BBPPP/R2Q1RK1 w - - 2 21",1.0
"r2r2k1/1p4pp/p2qppn1/Pb2n3/2pNP3/2P4P/1P1BBPP1/R2Q1RK1 w - - 3 23",1.0
"r2r2k1/1p1b2pp/p2qppn1/P7/1PpNP1B1/2Pn3P/3B1PP1/R2Q1RK1 w - - 3 25",1.0
"r2r2k1/1p1bn1pp/p2qp3/P4p2/1PpNP1B1/2Pn3P/3BQPP1/R2R2K1 w - - 0 27",1.0
"r2r2k1/1Q4pp/p7/P4p2/1Pp5/2qnB2P/5PP1/R2R2K1 w - - 0 33",1.0
"1r2r1k1/6pp/Q7/P4pB1/1Pp5/2qn3P/5PP1/R2R2K1 w - - 1 35",1.0
"4r1k1/Q5pp/8/Pr3pB1/2p5/3n3P/1q3PP1/R2R2K1 w - - 0 37",1.0
"4r1k1/Q5p1/P6p/1r4B1/2p2p1P/3n4/1q3PP1/R2R2K1 w - - 0 39",1.0
"4r1k1/Q3B1p1/Pr5p/8/5p1P/2pn4/1q3PP1/R4RK1 w - - 0 41",1.0
"4r1k1/2Q1B1p1/P1r4p/1q6/5p1P/2pn4/5PP1/3R1RK1 w - - 4 43",1.0
"6k1/4Q1p1/P1r4p/3q4/5p1P/2pn4/5PP1/3R1RK1 w - - 1 45",1.0
"8/6p1/P5kp/8/5p1P/2p5/5PP1/5RK1 w - - 0 49",1.0
"8/6pk/8/7p/7P/2p5/5PQ1/2R3K1 w - - 0 53",1.0
"5k2/6p1/8/7Q/7P/2R5/5P2/6K1 w - - 1 57",1.0
"r1bq1rk1/1ppp1ppp/2nbpn2/p7/P1B5/2N1PN2/1PPP1PPP/R1BQ1RK1 w - - 0 7",0.0
"r1b2rk1/1pppqppp/3bpn2/p5N1/PnBP4/2N1P3/1PP2PPP/R1BQ1RK1 w - - 3 9",0.0
"r1b2rk1/1pp1qpp1/7p/p2p4/P2Pn3/2NQ1N2/1PP2PPK/R1B2R2 w - - 2 15",0.0
"r2r2k1/1pp1qpp1/7p/p2p1b2/P2PnB2/2NQ1N2/1PP2PP1/R4RK1 w - - 6 17",0.0
"r2r2k1/1p2qpp1/2p4p/p4b2/P2PpB2/3Q1N2/1PP2PP1/R3R1K1 w - - 0 19",0.0
"r2r2k1/1p2qpp1/2p4p/p4b2/P2PpB2/2P2N2/1P1Q1PP1/R3R1K1 w - - 1 21",0.0
"r2r2k1/1p3pp1/2p4p/5b2/PpPPpB2/5N2/1P3PP1/R3R1K1 w - - 0 23",0.0
"r5k1/1p3ppb/2p4p/P7/1pPrpB1N/8/1P3PP1/R3R1K1 w - - 0 25",0.0
"r5k1/5p1b/p1p4p/6p1/1pPrpB1N/1P6/5PP1/R3R1K1 w - - 0 27",0.0
"r5k1/5p1b/p1p4p/4B1p1/RpP1p2N/1r6/5PP1/4R1K1 w - - 0 29",0.0
"6k1/5p2/R3b2p/4B3/2P1p2p/1p6/5PPK/1r6 w - - 0 35",0.0
"8/5p1k/R1P1b2p/4B3/4p2p/1p6/5PPK/2r5 w - - 1 37",0.0
"8/2r2p1k/R3b2p/8/4p2p/8/1B3PPK/8 w - - 0 39",0.0
"8/5p1k/1R2b3/7p/4p2p/8/1Br2PP1/6K1 w - - 0 41",0.0
"8/2r2p2/1R2b2k/7p/4p2p/8/1B3PP1/6K1 w - - 4 43",0.0
"8/5p2/1R2b3/6kp/4p2p/8/1Br2PP1/6K1 w - - 8 45",0.0
"1R6/8/8/3b1pkp/4p2p/8/1Br2PP1/6K1 w - - 0 47",0.0
"8/8/8/1R1b1pkp/3B3p/8/2r1pPP1/6K1 w - - 0 49",0.0
"8/8/8/1R3p1p/3B1k1p/8/2r1pKb1/8 w - - 0 51",0.0
"8/8/8/2R2p1p/3Bbk1p/8/r3pK2/8 w - - 4 53",0.0
"8/8/8/5p1p/3Bb1kp/4R3/3rpK2/8 w - - 8 55",0.0
"8/8/3r4/5p1p/6k1/2B4p/4K3/8 w - - 0 59",0.0
"8/8/2r5/5p1p/6k1/2B5/6Kp/8 w - - 2 61",0.0
"8/8/8/7p/5p2/7k/7r/6K1 w - - 0 65",0.0
"8/8/8/8/7p/8/4Kpkr/8 w - - 2 69",0.0
"8/8/8/8/8/2K4p/6kr/5q2 w - - 0 71",0.0
"r1bqk2r/1ppp1ppp/p1n1pn2/1Nb5/P7/3BPN2/1PPP1PPP/R1BQK2R w KQkq - 0 7",1.0
"r1bq1rk1/1ppp1ppp/p1n1pn2/8/P2P4/3B1N2/1PPP1PPP/R1BQK2R w KQ - 1 9",1.0
"r1b2rk1/1pp2ppp/p1nqpn2/3p4/P2P4/2PB1N2/1P1P1PPP/R1BQ1RK1 w - - 2 11",1.0
"r1b2rk1/1pp2ppp/p1n1pn1q/3p4/P2P4/2PB1NP1/1P1P1P1P/R1BQR1K1 w - - 1 13",1.0
"r1b2rk1/1pp2ppp/p1n1pq2/P2p4/3P2n1/1QPB1NP1/1P1P1P1P/R1B1R1K1 w - - 1 15",1.0
"r4rk1/1ppb1ppp/p1n1pq1n/P2p4/3P4/2PB1NPP/1P1P1P2/R1BQR1K1 w - - 1 17",1.0
"r4rk1/1ppbqppp/p3p2n/P2pP3/8/2PB2PP/1P1P1P2/R1BQR1K1 w - - 1 19",1.0
"r3r1k1/1ppb1ppp/p3p2n/P1qpP3/8/1PPB1QPP/3P1P2/R1B1R1K1 w - - 1 21",1.0
"r3r1k1/qp1b1ppp/p3p2n/P1ppP3/1P6/2P2QPP/2BP1P2/R1B1R1K1 w - - 0 23",1.0
"r3r1k1/1p1b1ppp/p3p2n/P2pP3/1P1q4/5QPP/2BP1P1K/R1B1R3 w - - 1 25",1.0
"2r1r1k1/1p1b1ppp/p3p3/P2pPn2/1P1q4/3B1QPP/3P1P1K/1RB1R3 w - - 5 27",1.0
"2r1r1k1/1p1b1ppp/p3p2n/P2pP3/1P4P1/1R1B1Q1P/3P1P1K/q1B1R3 w - - 3 29",1.0
"2r1r1k1/1p1b1ppp/p3p2n/P2pP3/1P4P1/1R1B1Q1P/3P1P1K/q1B1R3 w - - 7 31",1.0
"2r1r1k1/1p1b1ppp/p3p2n/P2pP3/1P4P1/1R1B1Q1P/3P1P1K/q1B1R3 w - - 11 33",1.0
"2r1r1k1/1p1b1ppp/p3p2n/P2pP3/1P4P1/1R1B1Q1P/3P1P1K/q1B1R3 w - - 15 35",1.0
"4r1k1/1p1b2pp/p3p2n/P2pPp2/1P4P1/2PB1Q1P/5P1K/q1B1R3 w - f6 0 37",1.0
"5rk1/1p5p/p1b1pP1p/P2p4/1P4P1/2PB1Q1P/1q3P1K/3R4 w - - 2 41",1.0
"6k1/1p5p/2B1pr1p/P2p2q1/6P1/2P2Q1P/5P1K/1R6 w - - 0 45",1.0
"6k1/7p/2p1pr1p/P2pq3/6P1/2PQ3P/5P2/1R4K1 w - - 0 47",1.0
"6k1/P6p/2p1p2p/3p4/r5P1/2P4P/5P2/1R4K1 w - - 1 51",1.0
"R7/5k2/2p1p2p/3p3P/8/2P4P/5P2/6K1 w - - 0 55",1.0
"8/R7/4pk1p/2pp3P/5P2/2P4P/8/6K1 w - - 2 57",1.0
"8/7R/4pk1p/7P/3p1P2/7P/8/6K1 w - - 0 59",1.0
"8/8/7p/3R3P/5k2/7P/8/6K1 w - - 3 65",1.0
"8/7R/8/7P/7k/7P/5K2/8 w - - 3 69",1.0
"8/7R/6kP/8/8/7P/6K1/8 w - - 3 71",1.0
"7R/8/6kP/8/7P/8/6K1/8 w - - 1 73",1.0
"5R2/8/6kP/8/7P/6K1/8/8 w - - 5 75",1.0
"8/7R/6kP/8/7P/6K1/8/8 w - - 9 77",1.0
"8/7R/6kP/8/7P/6K1/8/8 w - - 13 79",1.0
"7R/8/6kP/8/7P/5K2/8/8 w - - 17 81",1.0
"7R/4k3/7P/7P/6K1/8/8/8 w - - 1 83",1.0
"R7/7P/2k5/7P/6K1/8/8/8 w - - 3 85",1.0
"R6Q/8/2k4P/8/6K1/8/8/8 w - - 1 87",1.0
"R7/7P/2k5/8/6K1/8/1Q6/8 w - - 1 89",1.0
"R2Q4/8/2k5/8/6K1/8/1Q6/8 w - - 3 91",1.0
"r1bqkb1r/1ppppppp/8/p1n5/1n6/N2PPN2/PPP1BPPP/R1BQ1RK1 w kq - 1 7",1.0
"r1bqkb1r/2pppp1p/1p6/p1n1N1p1/1n6/N2PP3/PPPBBPPP/R2Q1RK1 w kq - 0 9",1.0
"r1bN1rk1/3pp2p/1pp5/p1n3p1/1n6/N2PPB2/PbPB1PPP/R2Q1RK1 w - - 0 13",1.0
"r1bN1rk1/3pp2p/npp5/p5p1/1n1P4/N3PB2/P1PB1PPP/Q4RK1 w - - 1 15",1.0
"r1br2k1/3pp2p/1pp5/p5p1/1n1P4/N3PB2/P2B1PPP/Q4RK1 w - - 0 17",1.0
"1r1r2k1/3pp2p/bpp5/p5p1/1nNP4/4PB2/P2B1PPP/1Q3RK1 w - - 4 19",1.0
"1r1r2k1/4p2p/1pp5/p2p2p1/1nRP4/4PB2/P2B1PPP/1Q4K1 w - - 0 21",1.0
"1r5k/8/1p2B3/5Q1p/3P2p1/1p2P3/P4PPP/6K1 w - - 0 29",1.0
"r2qkb1r/1bppppp1/1pn2n2/p6p/P6P/BPN2N2/2PPPPP1/R2QKB1R w KQkq - 2 7",1.0
"r2qk2r/1bpppp2/1pn2npb/p6p/P6P/BPN2NPR/2PPPP2/R2QKB2 w Qkq - 1 9",1.0
"r2qk1r1/1bpppp2/1p3npb/p3n1Np/P6P/1PN3PR/1BPPPP2/R2QKB2 w Qq - 5 11",1.0
"r3k1r1/1b1ppp2/1p1q2p1/p1p1n1Pp/P1P5/1PN3PR/1B1PP3/R2Q1BK1 w q - 2 17",1.0
"rq2k1r1/1b1ppp2/6p1/pNp1n1Pp/P1P5/1P1Q2PR/1B2P3/R4BK1 w q - 2 21",1.0
"rq2k1r1/3ppp2/2b3p1/pNQ3Pp/P1P3n1/1P4PR/1B2P3/R4BK1 w q - 1 23",1.0
"r3kr2/1q1ppp2/2b3p1/pNQ3Pp/P1P3n1/1PB3PR/4P3/3R1BK1 w q - 5 25",1.0
"r3kr2/1q1ppp2/2b3p1/pNQ3Pp/P1P3n1/1PB3PR/4P3/3R1BK1 w q - 9 27",1.0
"5r2/4pk2/2Q3p1/B5pp/P1P5/6PR/4P3/3R1BK1 w - - 0 35",1.0
"r1bqkb1r/1pppppp1/5n2/p3n1N1/7p/2NBP3/PPPP1PPP/R1BQ1RK1 w kq - 4 7",1.0
"r2qkb1r/1bppppp1/1p3n2/p3n1N1/7p/1PNBP3/P1PPQPPP/R1B2RK1 w kq - 1 9",1.0
"r2q1k1r/2pp1pp1/1p3n2/p3p1N1/7p/1PNQP3/P1PP1PKP/R4R2 w - - 0 13",1.0
"r2q2kr/2p2pp1/1p1p1n2/p3pQN1/7p/1PN1P3/P1PP1P1P/R4RK1 w - - 0 15",1.0
"r5kr/2p2pp1/1p1p1n2/p2NpqN1/P6p/1P2P3/2PP1P1P/R4RK1 w - - 0 17",1.0
"r4k1r/2p2p2/1p1p1np1/p3pNN1/P6p/1P2P3/2PP1P1P/R4RK1 w - - 0 19",1.0
"r6r/2p2pk1/1p1p1np1/p3p1N1/P7/1P2P1P1/2PP3P/R4RK1 w - - 1 21",1.0
"4r2r/2p2pk1/1p1p1np1/p5N1/P1P1pR2/1P2P1P1/3P3P/R5K1 w - - 2 23",1.0
"4r2r/2p2R2/1p1p2pk/p5Nn/P1P1p3/1P2P1P1/3P3P/5RK1 w - - 1 25",1.0
"3r4/2R3n1/1p1p2pk/p7/P1P1p1P1/1P2P2N/3P3P/6K1 w - - 1 29",1.0
"3r4/4R3/1p1p2pk/p7/P1PPN1P1/4P3/7P/2n3K1 w - - 1 33",1.0
"8/8/1R1p2pk/p7/P1PPN1P1/4P3/4n1KP/r7 w - - 5 37",1.0
"8/8/3R2p1/p5Pk/r1PPN3/4P3/4n1KP/8 w - - 0 39",1.0
"8/8/3R2p1/p1P1K1Pk/3PN3/4P3/r6P/6n1 w - - 11 45",1.0
"8/8/5Rp1/2P1K1Pk/p2PN2P/r3P3/8/6n1 w - - 2 47",1.0
"8/2P5/5Rp1/6Pk/p2PK2n/8/8/8 w - - 0 51",1.0
"2Q5/8/R5p1/5nk1/p2PK3/8/8/8 w - - 2 53",1.0
"8/8/6p1/5n1k/R2PK3/8/8/2Q5 w - - 1 55",1.0
"8/8/3P2p1/5n1k/R3K3/8/8/2Q5 w - - 1 57",1.0
"3Q4/8/6p1/7k/R3K3/5n2/8/2Q5 w - - 1 59",1.0
"r1b1kb1r/1pp1pppp/3q1n2/p2p4/1n6/4PN2/PPPPBPPP/RNBQ1RK1 w kq - 2 7",0.0
"rqb1kb1r/1p2pppp/5n2/pNpp4/1n6/4PN2/PPPPBPPP/R1BQ1RK1 w kq - 2 9",0.0
"rqb1kb1r/1p2pppp/2n2n2/pN1p4/2pP4/2P1PN2/PP2BPPP/R1BQ1RK1 w kq - 0 11",0.0
"rq2kb1r/1p2pp1p/2n2np1/pN1p1b2/Q1pP4/2P1PN2/PP2BPPP/R1B2RK1 w kq - 2 13",0.0
"rq2kb1r/1p1bpp1p/2n3p1/pN1p4/Q1pP4/2P1P3/PP2BPPP/R1B2RK1 w kq - 0 15",0.0
"rq2kb1r/1p2pp1p/2n3p1/pN1p1b2/Q2P4/1PP1P3/4BPPP/R1B2RK1 w kq - 1 17",0.0
"rq2kb1r/1p3p1p/2n3p1/pN1p1b2/3Pp3/1PP1P3/1Q2BPPP/R1B2RK1 w kq - 0 19",0.0
"r2qkb1r/1p3p2/6p1/pN1n1b1p/3Pp3/1P2P3/1Q1BBPPP/R1R3K1 w kq - 0 23",0.0
"r2qkb1r/1p1b1p2/6p1/p6p/3Pp3/1PB1P3/1Q2BPPP/R1R3K1 w kq - 1 25",0.0
"rq2kb2/1p1b1p2/5Bpr/p2P3p/4p3/1P2P3/1Q2BPPP/R1R3K1 w q - 3 27",0.0
"rq3k2/1p1b1p2/3b1Bpr/p2P3p/4Q3/1P2P3/4BPPP/R1R3K1 w - - 1 29",0.0
"rq4k1/1p1b1p2/5Bpr/p2Pb2p/7Q/1P1BP3/5PPP/R1R3K1 w - - 5 31",0.0
"r5k1/1p1b1p2/6pB/p2Pq2p/7Q/1P1BP3/5PPP/b1R3K1 w - - 1 33",0.0
"2R5/1p3p1k/6p1/p2q3p/5B2/1P1BP3/5PPP/b5K1 w - - 0 37",0.0
"2R5/1p3p1k/6p1/p6p/5B2/1Pb1P1P1/2Bq1P1P/6K1 w - - 1 39",0.0
"2R5/1p3p1k/6p1/p6p/4BB2/1qb1P1P1/5PKP/8 w - - 0 41",0.0
"8/7k/6p1/5p1p/p4B2/2q1PBP1/5PKP/8 w - - 0 45",0.0
"8/7k/8/5P1p/8/5BBP/5PK1/1qq5 w - - 3 51",0.0
"8/7k/8/5P2/7p/7P/5PKB/1q1q4 w - - 0 53",0.0
"8/7k/8/5P2/4q2p/5q1P/5P1K/6B1 w - - 4 55",0.0
"r1bq1rk1/1ppp1ppp/2nbpn2/p7/8/2NBPN2/PPPP1PPP/R1BQ1RK1 w - - 0 7",0.0
"r1b2rk1/1ppp1ppp/3bpq2/p7/P3P3/4PN2/1P1P1PPP/R1BQ1RK1 w - - 1 11",0.0
"r1b2rk1/1p1p1ppp/3bp1q1/p1p5/P2PP3/3QPN2/1P3PPP/R1B2RK1 w - - 0 13",0.0
"r1b1r1k1/3p1ppp/1p1bpq2/p3N3/P2PP3/3Q4/1P1B1PPP/R1R3K1 w - - 2 17",0.0
"2r1r1k1/1b1p1ppp/1p1bpq2/p3N3/P2PP3/6Q1/1P1B1PPP/R3R1K1 w - - 6 19",0.0
"3qr1k1/1b1p1ppp/1p1bp3/p3N3/P2PP3/5RQ1/1PrB1PPP/R5K1 w - - 10 21",0.0
"4r1k1/3p1ppp/1pb1p3/p3P1B1/P7/2P5/5PPP/3R2K1 w - - 2 27",0.0
"4r1k1/3p1pp1/1pb1p3/p3P2p/P2R4/2P1B3/5PPP/6K1 w - - 0 29",0.0
"4r1k1/3p4/1pb1pp2/p6p/P2R3P/2P1B3/5PP1/6K1 w - - 0 31",0.0
"1r4k1/8/1pb1pp2/p2p3p/P2R3P/2P1B3/5PP1/6K1 w - - 0 33",0.0
"6k1/8/2b1pp2/pr1p3p/3R3P/2P1BP2/6P1/6K1 w - - 0 35",0.0
"6k1/8/2b1pp2/8/p2Pr3/4B1K1/8/5R2 w - - 2 51",0.0
"8/5k2/2b1p3/5p2/p2Pr3/4B3/5K2/6R1 w - - 0 53",0.0
"8/5k2/4p3/3b4/p3rp2/4B3/5K2/5R2 w - - 0 55",0.0
"8/5k2/8/2Bbp3/p4p2/8/4r3/5RK1 w - - 2 57",0.0
"8/8/2b1k3/4p3/pB3p2/8/2r5/R4K2 w - - 10 61",0.0
"8/8/2bR4/5k2/pB2pp2/8/2r5/5K2 w - - 2 63",0.0
"8/8/2b4R/5k2/pB3p2/4p3/4K3/2r5 w - - 0 65",0.0
"8/8/2b5/3k4/p6R/4p3/5p2/2r1BK2 w - - 2 69",0.0
"8/8/8/3b4/p1k5/4p3/5p2/2r1BK2 w - - 0 71",0.0
"r1bq1rk1/pppp1ppp/2nbpn2/8/2BP4/2N1PN2/PPP2PPP/R1BQ1RK1 w - - 3 7",0.0
"r1bq1rk1/pppp1ppp/2nbpn2/8/P2P4/2NBPN2/1PP2PPP/R1BQ1RK1 w - - 3 9",0.0
"r1b1qrk1/ppp2ppp/2pb1n2/8/P1B1P3/2N5/1PP2PPP/R1BQ1RK1 w - - 0 13",0.0
"r1b1qrk1/ppp2ppp/2p5/8/P1B1PP2/2NQ4/1PP2bPP/R1B4K w - - 0 17",0.0
"r4rk1/ppp2ppp/2p1q3/8/P3PP2/2NQ4/1PPB1bPP/R6K w - - 0 19",0.0
"r4rk1/ppp2ppp/2p5/4qP2/P2bP3/2N2Q2/1PPB2PP/R6K w - - 3 21",0.0
"r2r2k1/ppp1qppp/2p5/P4P2/3bPB2/2N2Q2/1PP3PP/R6K w - - 1 23",0.0
"3r2k1/ppp2ppp/2p5/q4P2/4PB2/2P2Q2/2P3PP/6K1 w - - 0 27",0.0
"3r2k1/ppp2p1p/2p2p2/8/4PB2/2P2Q2/2P2KPP/q7 w - - 0 29",0.0
"3r2k1/ppp2p2/2p2p2/7Q/4PB2/2q3P1/2P2K1P/8 w - - 0 31",0.0
"6k1/pp3p2/2pB1p2/8/4P3/5KP1/7q/8 w - - 2 37",0.0
"6k1/1p3p2/2p5/4B3/p4KP1/8/8/7q w - - 0 41",0.0
"6k1/5p2/2p5/1p2B1P1/6K1/p7/8/7q w - - 0 43",0.0
"6k1/5p2/2p5/1p2BKP1/2q5/p7/8/8 w - - 4 45",0.0
"6k1/5p2/2p5/4BKP1/1pq5/8/p7/8 w - - 0 47",0.0
"6k1/5p2/2p5/6P1/6K1/8/pq6/8 w - - 0 51",0.0
"6k1/5p2/2p5/6P1/7K/8/1q6/6q1 w - - 2 53",0.0
"r1bq1rk1/1ppp1ppp/2nbpn2/p7/P1B5/2N1PN2/1PPP1PPP/R1BQ1RK1 w - - 0 7",1.0
"r1bq1rk1/2pp1ppp/1pnbp3/p7/P1BP2n1/2N1PN2/1PP1QPPP/R1B2RK1 w - - 2 9",1.0
"r1b1r1k1/2pp1ppp/1pnqp3/p7/P1BP2n1/3QPN2/1PPB1PPP/R4RK1 w - - 2 13",1.0
"4r1k1/2pp1ppp/rpn1pn2/p7/P2P1P2/5N2/1PPB1PPP/R4RK1 w - - 0 17",1.0
"4r1k1/2p2ppp/rp2pn2/p2p4/Pn1P1P2/4BN2/1PP2PPP/R3R1K1 w - - 2 19",1.0
"4r1k1/2p3pp/rp2pp2/p2pN3/Pn1PnP2/4B3/1PP1RPPP/R5K1 w - - 0 21",1.0
"r3r1k1/2p3pp/1p2pp2/p2p4/Pn1P1P2/1Pn1BN2/2P1RPPP/R5K1 w - - 1 23",1.0
"r3r1k1/2p3pp/1pn1pp2/p2p4/P2PnP2/1P1RBN2/2P2PPP/R5K1 w - - 5 25",1.0
"3rr1k1/2p3pp/1pn1pp2/p7/P1PPnP2/3RBN2/5PPP/R5K1 w - - 1 27",1.0
"3r2k1/2p3pp/2n1p3/pRPr1p2/P3nP2/4BN2/5PPP/R5K1 w - - 3 31",1.0
"6k1/2p3pp/2n1N3/p4p2/P1r2P2/8/5PPP/4R1K1 w - - 1 37",1.0
"6k1/2p5/2n3p1/p4pNp/P1r2P2/6P1/5P1P/4R1K1 w - - 0 39",1.0
"8/2p3k1/4R1p1/p4pNp/P2n1P1P/6P1/2r2PK1/8 w - - 1 43",1.0
"8/6k1/4R1p1/p1p2pNp/P4P1P/1n4P1/2r2PK1/8 w - - 0 45",1.0
"6k1/4R3/4N1p1/p4p1p/P1p2P1P/1n4P1/2r2PK1/8 w - - 0 47",1.0
"7k/8/4N1R1/p4p1p/P1p2P1P/1n4P1/4rPK1/8 w - - 1 49",1.0
"7k/8/4N1R1/p4p1p/P1p2P1P/1n2rPP1/8/5K2 w - - 1 51",1.0
"8/5k2/4N3/p4p1R/P1p2P1P/1n3PP1/3r4/6K1 w - - 3 55",1.0
"8/7R/5k2/p4pN1/P1p2P1P/1n3PPK/3r4/8 w - - 11 59",1.0
"8/3R4/5k2/p1n2pNP/P1p2P2/5PPK/8/8 w - - 1 61",1.0
"r1bq1rk1/1ppp1ppp/2nbpn2/p7/P1B5/2N1PN2/1PPP1PPP/R1BQ1RK1 w - - 0 7",1.0
"r1bqr1k1/2pp1ppp/1pnbpn2/p7/P1BP4/2N1PN2/1PP1QPPP/R1B2RK1 w - - 2 9",1.0
"r2qr2k/2pp1Bpp/bp1b1n2/p3p1N1/P2nP3/2NQ4/1PP2PPP/R1B2RK1 w - - 3 13",1.0
"r2q3k/2pprBpp/1p1b1n2/pP2p1N1/3nP3/3Q4/1PP2PPP/R1B2RK1 w - - 1 15",1.0
"r1q4k/2p1r1pp/1p1bp3/pP2p1N1/2Q1P1n1/2P1B3/1P3PPP/R4RK1 w - - 2 19",1.0
"r4q1k/2p1r1pp/1p1bp3/pP2p1N1/4P3/2P1Q3/1P3PPP/R4RK1 w - - 1 21",1.0
"r6k/2p1r1p1/1p1bpq1p/pP2p1N1/4P3/2P4Q/1P3PPP/R3R1K1 w - - 2 23",1.0
"r6k/2p1r1p1/1p1bp2p/1P2p2Q/p3Pq2/2P2N2/1P3PPP/R3R1K1 w - - 0 25",1.0
"r6k/2p2rp1/1p1bp2p/1P2p3/p3P3/2P2NP1/1P3P1P/R3R1K1 w - - 0 27",1.0
"5r2/2p2rpk/1p1bp2p/1P2p3/p3P2N/2P1R1P1/1P3P1P/R5K1 w - - 4 29",1.0
"r7/2p2r1k/1p1bp2p/1P2p1p1/p3P3/2P3P1/1P2RPNP/R5K1 w - - 2 31",1.0
"r7/2p2r2/1p1bp2k/1P2p1pp/p3P3/2P1N1P1/1P1R1P1P/R5K1 w - - 2 33",1.0
"r7/2p2r2/1p2p2k/1Pb1p2p/p1N1P1p1/2P3P1/1P3P1P/R2R2K1 w - - 2 35",1.0
"8/8/R3pr1k/1P2p2p/p3P1p1/2P3P1/1P1r1P1P/5RK1 w - - 3 41",1.0
"8/8/4prk1/1P2p2p/R1P1P1p1/6P1/1r3P1P/5RK1 w - - 1 43",1.0
"8/8/4p1k1/1P2p2p/R1P1P1p1/5rP1/2r2P1P/5RK1 w - - 5 45",1.0
"8/8/RP2pk2/4p2p/2r1P1p1/5rP1/5P1P/5RK1 w - - 0 47",1.0
"1Q6/6k1/4p3/4p3/6p1/1R4P1/4r2P/R5K1 w - - 1 53",1.0
"1R6/7k/4Q3/8/6p1/6P1/2r4P/R5K1 w - - 3 57",1.0
"r1bq1rk1/1ppp1ppp/2nbpn2/p7/P1B5/2N1PN2/1PPP1PPP/R1BQ1RK1 w - - 0 7",0.5
"r1b2rk1/2pp1ppp/1p1qpn2/p7/PnBP4/3QPN2/1PP2PPP/R1B2RK1 w - - 2 11",0.5
"r1b2rk1/3p1ppp/1p1qpn2/p1pn4/P1BP4/1QP1PN2/1P3PPP/R1B2RK1 w - - 1 13",0.5
"5rk1/3p1ppp/rp1qpn2/p3N3/PnPP4/1Q6/1P3PPP/R1B2RK1 w - - 1 17",0.5
"2r3k1/3p1ppp/rp1qp3/p3N3/PnPPn3/1Q2B3/1P3PPP/R3R1K1 w - - 5 19",0.5
"2r3k1/3p1ppp/rpnqpn2/p3N3/P1PP4/1Q2BP2/1P2R1PP/R5K1 w - - 3 21",0.5
"2r3k1/r2p1ppp/1p1qpn2/p3N3/PnPP4/Q3BP2/1P2R1PP/4R1K1 w - - 7 23",0.5
"2r3k1/2rp1ppp/1p1qpn2/p3N3/PnPP4/QP2BP2/4R1PP/3R2K1 w - - 3 25",0.5
"2r3k1/2rp2pp/1p1qpp2/p3N2n/PnPP4/QP2BP2/4R1PP/3R2K1 w - - 0 27",0.5
"2r3k1/3p2pp/1prqpp2/p7/PnPP2P1/QP1NBPn1/4R2P/3R2K1 w - - 1 29",0.5
"2r3k1/3p2pp/1p1r1p2/p4p2/P1PP4/1P1RBP2/7P/4R1K1 w - - 0 33",0.5
"4r1k1/3p3p/1p1r1p2/p2P1pp1/P1P5/1P2BP2/7P/3RR1K1 w - - 0 35",0.5
"2r3k1/3pR2p/1p1r1p2/p2P2p1/P1PB1p2/1P3P2/7P/3R2K1 w - - 0 37",0.5
"2r3k1/3pR3/1p1r1p2/p2P2p1/P1PB1p1p/1P3P2/7P/5RK1 w - - 0 39",0.5
"5rk1/3pR3/1p1r1p2/p2P2p1/P1PB1p1p/1P3P1P/8/4R1K1 w - - 3 41",0.5
"4Rrk1/3p4/1p1r1p2/p2P2p1/P1PB1p1p/1P3P1P/7K/4R3 w - - 7 43",0.5
"4Rrk1/3p4/1p1r1p2/p2P2p1/P1PB1p1p/1P3P1P/7K/4R3 w - - 11 45",0.5
"4Rrk1/3p4/1p1r1p2/p2P2p1/P1PB1p1p/1P3P1P/7K/4R3 w - - 15 47",0.5
"4Rrk1/3p4/1p1r1p2/p2P2p1/P1PB1p1p/1P3P1P/7K/4R3 w - - 19 49",0.5
"4Rrk1/3p4/1p1r1p2/p2P2p1/P1PB1p1p/1P3P1P/7K/4R3 w - - 23 51",0.5
"4Rrk1/3p4/1p1r1p2/p2P2p1/P1PB1p1p/1P3P1P/7K/4R3 w - - 27 53",0.5
"4Rrk1/3p4/1p1r1p2/p2P2p1/P1PB1p1p/1P3P1P/7K/4R3 w - - 31 55",0.5
"4Rrk1/3p4/1p1r1p2/p2P2p1/P1PB1p1p/1P3P1P/7K/4R3 w - - 35 57",0.5
"4Rrk1/3p4/1p1r1p2/p2P2p1/P1PB1p1p/1P3P1P/7K/4R3 w - - 39 59",0.5
"4Rrk1/3p4/1p1r1p2/p2P2p1/P1PB1p1p/1P3P1P/7K/4R3 w - - 43 61",0.5
"5rk1/3p4/1p1r1p2/p2P2p1/P1PBRp1p/1P3P1P/7K/4R3 w - - 47 63",0.5
"4R3/3p1rk1/1p1r1p2/p2P2p1/P1PB1p1p/1P3P1P/7K/4R3 w - - 51 65",0.5
"5R2/7k/5R2/p2P2p1/P1P2p1p/5P1P/r7/4K3 w - - 1 75",0.5
"5R2/7k/5R2/p2P2p1/P1P2p1p/5P1P/r7/4K3 w - - 5 77",0.5
"5R2/6k1/5R2/p2P2p1/P1P2p1p/5P1P/r7/4K3 w - - 9 79",0.5
"5R2/6k1/5R2/p2P2p1/P1P2p1p/5P1P/r7/4K3 w - - 13 81",0.5
"5R2/6k1/5R2/p2P2p1/P1P2p1p/5P1P/r7/4K3 w - - 17 83",0.5
"5R2/3P1R2/6k1/p7/P1P2pP1/2K2P1p/8/3r4 w - - 0 91",0.5
"5R2/3P1R2/6k1/p7/P1P2pP1/2K2P1p/8/3r4 w - - 4 93",0.5
"5R2/3P1R2/6k1/p7/P1P2pP1/2K2P1p/8/3r4 w - - 8 95",0.5
"5R2/3P1R2/6k1/p7/P1P2pP1/2K2P1p/8/3r4 w - - 12 97",0.5
"5R2/3P1R2/6k1/p7/P1P2pP1/2K2P1p/8/3r4 w - - 16 99",0.5
"5R2/3P1R2/6k1/p7/P1P2pP1/2K2P1p/8/3r4 w - - 20 101",0.5
"5R2/3P1R2/6k1/p7/P1P2pP1/2K2P1p/8/3r4 w - - 24 103",0.5
"5R2/3P1R2/6k1/p7/P1P2pP1/2K2P1p/8/3r4 w - - 28 105",0.5
"5R2/3P1R2/6k1/p7/P1P2pP1/2K2P1p/8/3r4 w - - 32 107",0.5
"5R2/3P1R2/6k1/p7/P1P2pP1/2K2P1p/8/3r4 w - - 36 109",0.5
"5R2/3P1R2/6k1/p7/P1P2pP1/2K2P1p/8/3r4 w - - 40 111",0.5
"5R2/3P1R2/6k1/p7/P1P2pP1/2K2P1p/8/3r4 w - - 44 113",0.5
"5R2/3P1R2/6k1/p7/P1P2pP1/2K2P1p/8/3r4 w - - 48 115",0.5
"5R2/3P1R2/6k1/p7/P1P2pP1/2K2P1p/8/3r4 w - - 52 117",0.5
"5R2/3P1R2/6k1/p7/P1P2pP1/2K2P1p/8/3r4 w - - 56 119",0.5
"r1bq1rk1/pppp1ppp/3bpn2/n7/P1B5/2N1PN2/1PPP1PPP/R1BQ1RK1 w - - 1 7",0.5
"r1bq1rk1/pppp2pp/4pn2/4N3/P7/4P3/1PPP1RPP/R1BQ2K1 w - - 2 13",0.5
"r1bq1rk1/ppp3pp/3pp3/8/P1NPn3/4P3/1PP2RPP/R1BQ2K1 w - - 2 15",0.5
"r1b3k1/ppp3pp/3pp3/8/P1NPnP1q/8/1PP3PP/R1BQ2K1 w - - 1 17",0.5
"r5k1/p1pb2pp/1p1pp3/8/PPNPnP1q/4B3/2P3PP/R2Q2K1 w - - 0 19",0.5
"r5k1/p2b2pp/P1p1p3/1p6/1P1PpP1q/4B3/2P3PP/R2Q2K1 w - - 0 23",0.5
"r5k1/p2b2pp/P1p1p3/1p1q4/1P1PpP2/8/2PB2PP/R3Q1K1 w - - 4 25",0.5
"4brk1/p5pp/P1p1p3/1p1q4/1P1PpP2/2P1Q3/3B2PP/R5K1 w - - 3 27",0.5
"5rk1/p5pp/P1p1p1b1/1p6/1PqPpP2/2P4Q/3B2PP/4R1K1 w - - 7 29",0.5
"5rk1/p5pp/P1p1p3/1p3b2/1P1PpPQ1/2P5/q2BR1PP/6K1 w - - 11 31",0.5
"5rk1/p5pp/2p1p3/1p3bQ1/1P1PpP2/2P1R3/6PP/2q1B1K1 w - - 6 35",0.5
"5rk1/p5pp/2p1p1b1/1p6/1P1PpP1Q/2P1R3/2q3PP/4B1K1 w - - 10 37",0.5
"5rk1/6pp/p1pQp1b1/1p6/1P1PpP2/2P1R3/q5PP/4B1K1 w - - 0 39",0.5
"4r1k1/4B1pp/p1pQp1b1/1p6/1PqPpP2/2P1R3/6PP/6K1 w - - 4 41",0.5
"4r1k1/3QB1pp/p1p1p1b1/1p6/1PqPpP2/2P5/6PP/4R1K1 w - - 8 43",0.5
"4r1k1/3QB1pp/p1p1p1b1/1p6/1PqPpP2/2P5/6PP/4R1K1 w - - 12 45",0.5
"4r1k1/3QB1pp/p1p1p1b1/1p6/1P1PpP2/1qP5/6PP/4R1K1 w - - 16 47",0.5
"4r1k1/3Q1bpp/p1p1p3/1pB5/1P1PpP2/8/4q1PP/5R1K w - - 6 51",0.5
"4r1k1/5bpp/4p3/1QB5/1P1Pq3/4p3/6PP/R6K w - - 1 55",0.5
"4r1k1/6pp/8/2Bbp3/1P2q3/4p3/4Q1PP/R6K w - - 0 57",0.5
"6k1/2r3pp/8/2Bbp3/1P2q3/4p3/4Q1PP/4R1K1 w - - 4 59",0.5
"6k1/6p1/7p/2Pbp3/4q3/4p3/1Q4PP/4R1K1 w - - 0 61",0.5
"6k1/6p1/8/2Pbp3/4q2p/4p2P/4Q1P1/4R1K1 w - - 0 63",0.5
"6k1/6p1/2b5/2Pqp3/7p/4p2P/4Q1PK/4R3 w - - 4 65",0.5
"6k1/1b6/8/2q3pQ/4p2p/4R2P/6P1/6K1 w - - 0 69",0.5
"6k1/1b6/5Q2/2q3p1/4p2p/4R2P/6P1/6K1 w - - 4 71",0.5
"6k1/1b6/5Q2/2q3p1/4p2p/4R2P/6P1/6K1 w - - 8 73",0.5
"6k1/1b6/5Q2/2q3p1/4p2p/4R2P/6P1/6K1 w - - 12 75",0.5
"6k1/1b6/5Q2/2q3p1/4p2p/4R2P/6P1/6K1 w - - 16 77",0.5
"6k1/1b6/5Q2/2q3p1/4p2p/4R2P/6P1/6K1 w - - 20 79",0.5
"6k1/1b6/5Q2/2q3p1/4p2p/4R2P/6P1/6K1 w - - 24 81",0.5
"4k3/1b6/5Q2/2q3p1/4p2p/4R2P/6P1/6K1 w - - 28 83",0.5
"4k3/1b6/5Q2/2q3p1/4p2p/4R2P/6P1/6K1 w - - 32 85",0.5
"r1bqkb1r/2pppp2/1pn2np1/p6p/8/1PN2NPB/P1PPPP1P/R1BQ1RK1 w kq - 0 7",0.5
"r2qkb1r/2pppp2/bpn3p1/p6p/P2P2n1/1PN2NPB/2P1PP1P/R1BQ1RK1 w kq - 1 9",0.5
"r2qk1r1/2pppp2/bpn3pb/p6p/P2P2nB/1PN2NPB/2P1PP1P/R2Q1RK1 w q - 5 11",0.5
"r2qk1r1/1bpppp2/1p4pb/p6p/PnPPN1nB/1P3NPB/4PP1P/R2Q1RK1 w q - 1 13",0.5
"r2qk2r/1bppppb1/1p4p1/p2P3p/PnP1N1nB/1P3NPB/4PP1P/1R1Q1RK1 w q - 3 15",0.5
"r2qk1r1/1bpppp2/1p4pb/p2P3p/PnPQN1nB/1P3NPB/4PP1P/1R3RK1 w q - 7 17",0.5
"r2qk1r1/1bppppb1/1p4p1/p2PN3/PnPQN1pB/1P4P1/4PP1P/1R3RK1 w q - 0 19",0.5
"4k1r1/4p1b1/1pp3p1/r7/PnPp3B/1P3RP1/4P2P/1R4K1 w - - 0 27",0.5
"4k1r1/4p3/1p4p1/r1p1b3/PnPp2P1/1P3R2/4P2P/1R2B1K1 w - - 0 29",0.5
"4kr2/4p3/1p4p1/r1p5/PnPp2P1/1P4R1/4P2P/1R4K1 w - - 1 31",0.5
"8/3kp3/1p4p1/r1p5/PnPp1rPR/1P6/4P2P/1R4K1 w - - 5 33",0.5
"8/3kp3/1p6/r1p3p1/PnPpr1PR/1P2P3/7P/3R2K1 w - - 1 35",0.5
"8/3kp3/1p6/r1p3p1/PnP3r1/1P1pP2R/7P/3R3K w - - 0 37",0.5
"8/3kp1R1/1p6/r1p5/PnP1r1p1/1P1pP3/7P/3R3K w - - 0 39",0.5
"r7/2k1p3/1p4R1/2p5/PnP1r1p1/1P1pP3/7P/3R2K1 w - - 4 41",0.5
"5r2/1k2p3/1p6/2p5/PnP3R1/1P1p4/3R2KP/4r3 w - - 3 45",0.5
"5r2/1k2p3/1p6/2p5/PnP3RP/1P6/4p1K1/8 w - - 0 47",0.5
"5r2/1k6/1p6/2p1p3/P1P4P/1P1n4/4R1K1/8 w - - 1 49",0.5
"8/1k6/1p6/2p5/P1P1pr1P/1P1n2K1/4R3/8 w - - 0 51",0.5
"2k2r2/8/1p6/2p5/P1P1R2P/1P1n2K1/8/8 w - - 1 53",0.5
"2k3r1/8/1p6/2p4P/P1P1R2K/1P6/5n2/8 w - - 3 55",0.5
"6r1/2k5/1p3R2/2p4P/P1P4K/1P1n4/8/8 w - - 7 57",0.5
"7r/2k4P/1p3R2/2p1n3/P1P4K/1P6/8/8 w - - 1 59",0.5
"7r/2k4P/R7/2p1n3/P1P5/1P4K1/8/8 w - - 3 63",0.5
"7r/1k5P/2n5/2p4R/P1P5/1P4K1/8/8 w - - 7 65",0.5
"7r/7P/2k5/2p5/P1Pn2K1/1P5R/8/8 w - - 11 67",0.5
"8/7r/2k5/P1p5/2P3K1/1R6/8/8 w - - 0 69",0.5
"8/2kr4/1R6/P1p5/2P1K3/8/8/8 w - - 8 73",0.5
"8/2k5/5R2/P1p1K3/2r5/8/8/8 w - - 0 75",0.5
"8/8/3k4/P1R5/4K3/8/3r4/8 w - - 3 79",0.5
"8/8/3k4/P5R1/8/5K2/r7/8 w - - 7 81",0.5
"8/8/3k4/P5R1/8/3K4/r7/8 w - - 11 83",0.5
"8/8/3k4/P5R1/8/3K4/r7/8 w - - 15 85",0.5
"8/8/2k5/P6R/4K3/8/r7/8 w - - 23 89",0.5
"8/8/k7/P1R5/4K3/8/r7/8 w - - 27 91",0.5
"r1bqkb1r/2ppppp1/p1p2n2/8/1P5p/P1N5/2PPPPPP/R1BQKB1R w KQkq - 0 7",1.0
"1rbqkb1r/2pppp2/p1p2n2/P5p1/1P5p/2N5/2PPPPPP/R1BQKB1R w KQk - 1 9",1.0
"1rbqk2r/2pppp2/p1p2n1b/P7/RP4pp/2N5/1BPPPPPP/3QKB1R w Kk - 2 11",1.0
"1rb1k2r/2p1pp2/p1pq1n1b/P2p4/RP4pp/2NBP3/1BPP1PPP/3QK2R w Kk - 2 13",1.0
"1r2k2r/2pnpp2/2q4b/P1BN4/R7/4P3/2PP1KP1/3Q3R w k - 1 21",1.0
"1r2k3/2pnpp2/8/P2N4/q2B4/4PK2/6P1/7Q w - - 0 25",1.0
"1r3n1Q/2Nkpp2/8/P7/q2B4/4PK2/6P1/8 w - - 1 27",1.0
"2r5/2Nkpp2/6n1/P1Q5/3B4/4PK2/3q2P1/8 w - - 9 31",1.0
"1kr5/4p3/1B6/P3np2/8/4P3/3QK1P1/8 w - - 0 35",1.0
"8/4p3/Pk6/5p2/2Q5/4P3/4K1P1/8 w - - 1 39",1.0
"8/P3p3/4Q3/1k6/5p2/4P3/4K1P1/8 w - - 0 41",1.0
"Q7/4p3/4Q3/8/1k6/4PP2/4K3/8 w - - 1 43",1.0
"r1bqkb1r/1pp1pppp/5n2/p7/1np5/2N2N2/PP1PPPPP/RQB1KB1R w KQkq - 0 7",1.0
"r2qkb1r/1pp1pppp/4bn2/p2nN3/2p5/P1N5/1P1PPPPP/RQB1KB1R w KQkq - 3 9",1.0
"r3kb1r/1pp1pppp/5n2/p7/2p2q2/P7/1P1PPPPP/RQB1KB1R w KQkq - 0 13",1.0
"3k1b1r/1Qp1pppp/8/r7/2p5/P4PP1/3PP3/R1B1KB1q w Q - 1 19",1.0
"5b1r/2pkpQp1/8/7p/8/P4Pr1/3PP3/1RB1KB1q w - - 2 23",1.0
"1R3b1r/3k2p1/2p1p3/5Q1p/8/P4Pr1/3PP3/2B1KB1q w - - 0 25",1.0
"1R3b1r/6p1/2p3Q1/2k1p3/7p/P4P2/3PP3/2B1KB1q w - - 2 29",1.0
"1R3b1r/6p1/2p5/4pQ2/3k3p/P4P2/4P2q/2B1KB2 w - - 0 31",1.0
"r1bqkb1r/p1pp1pp1/2p1pn2/8/2B5/4P3/PPPP1PQP/RNB2RK1 w kq - 0 9",1.0
"r1bqk2r/p1pp1p2/2pbpnp1/8/2B2P2/2N1P3/PPPP2QP/R1B2RK1 w kq - 0 11",1.0
"3qk2r/3p1p2/r1pppnp1/p7/P4P2/4P3/1PPP2QP/R1B2RK1 w k - 0 15",1.0
"3q1rk1/r4p2/2p1p1p1/p2n4/P4P2/4P3/1P1BQ2P/R4RK1 w - - 2 21",1.0
"1r4k1/r4p2/1qp1p1p1/p2n4/P4P2/3QP3/1P1B3P/2R2RK1 w - - 6 23",1.0
"6k1/q4p2/2R1p1p1/p2n4/P4P2/1r1QP3/1r1B3P/5RK1 w - - 2 27",1.0
"2R5/q6k/4ppp1/p2n4/P4P2/1rBQP3/1r5P/5RK1 w - - 0 29",1.0
"2q5/7k/4ppp1/p2n4/P2Q1P2/1r2P3/1B5P/5RK1 w - - 0 31",1.0
"8/7k/4ppp1/p7/P2QPP2/1rq5/7P/5RK1 w - - 0 33",1.0
"8/8/5pk1/p7/4P3/7Q/1rq4P/5R1K w - - 0 39",1.0
"4k3/8/5Q2/p7/4P3/8/1rq4P/5R1K w - - 1 41",1.0
"5Q2/5R2/2k5/p7/4P3/8/1rq4P/7K w - - 5 43",1.0
"8/5R2/2k5/Q7/4P3/8/1rq4P/7K w - - 3 47",1.0
"8/8/3k4/Q7/4P3/8/2r4P/7K w - - 0 49",1.0
"8/8/8/Q3Pk2/7P/7K/2r5/8 w - - 5 53",1.0
"4r3/8/8/4Pk2/7P/4Q2K/8/8 w - - 9 55",1.0
"4r3/3k4/5Q2/4P3/7P/7K/8/8 w - - 13 57",1.0
"2kr4/8/3QP3/8/7P/7K/8/8 w - - 1 59",1.0
"2kr4/8/4P3/1Q6/7P/7K/8/8 w - - 5 61",1.0
"4Q3/8/3k4/7P/8/7K/8/8 w - - 1 65",1.0
"4Q3/7P/1k6/8/8/7K/8/8 w - - 1 67",1.0
"7Q/8/2Q5/k7/8/7K/8/8 w - - 3 69",1.0
"rnbqkb1r/pp2ppp1/2p2n2/3p4/8/3BPN1p/PPPP1PPP/RNBQ1RK1 w kq - 0 7",0.0
"r1bqkb1r/pp2ppp1/2n2n2/2pp4/8/1P1BPNPp/P1PP1P1P/RNBQ1RK1 w kq - 1 9",0.0
"r2qkb1r/pp2pp2/2n2n2/2pp2p1/P5b1/1PNBPNPp/2PP1P1P/R1BQ1RK1 w kq - 0 11",0.0
"r3kb1r/1p2pp2/1qn5/p1p3p1/P2pB1b1/BPP1PNPp/3P1P1P/R2Q1RK1 w kq - 0 15",0.0
"r6r/1pk5/1qB4b/p1p2pp1/P7/BPP1P1Pp/2Q2P1P/3R2K1 w - - 1 23",0.0
"3r1b1r/1pkB4/1q6/p1p2Qp1/P7/BPP1P1Pp/5P1P/3R2K1 w - - 1 25",0.0
"k2r1b1r/1p1B1Q2/1q6/p1p3p1/P3P3/BPP3Pp/5P1P/3R2K1 w - - 1 27",0.0
"k2r1b1r/1p1B1Q2/1q6/p1pRP1p1/P7/BPP3Pp/5P1P/6K1 w - - 3 29",0.0
"k1r2b1r/1p3Q2/8/p1pRP1p1/P1P5/6P1/5P1P/2q2BK1 w - - 2 33",0.0
"6Q1/kp6/3bP3/p1p5/P1q2P2/6P1/7K/8 w - - 0 39",0.0
"4Q3/kp6/3bP3/p1p5/P4P2/3q2P1/8/6K1 w - - 4 41",0.0
"8/kp1Q4/3bP3/p7/P4P2/2pq2P1/6K1/8 w - - 0 43",0.0
"8/kp6/3bP3/p7/P4P2/6P1/1Qp3K1/3q4 w - - 2 45",0.0
"1k6/1p6/3bP3/Q7/P4P2/6P1/6K1/2qq4 w - - 1 47",0.0
"2k5/1p6/3bP3/8/P4P2/6P1/6K1/3q4 w - - 0 49",0.0
"2k5/1p6/3bq3/P7/5P2/6P1/8/6K1 w - - 0 51",0.0
"2k5/1p6/8/P7/5bq1/6P1/6K1/8 w - - 0 53",0.0
"2k5/1p6/8/P3b3/8/6q1/4K3/8 w - - 2 55",0.0
"2k5/8/8/qp2b3/8/8/4K3/8 w - - 0 59",0.0
"2k5/8/8/4b3/1p2K3/2q5/8/8 w - - 0 61",0.0
"2k5/8/6K1/4b3/8/2q5/1p6/8 w - - 0 63",0.0
"r2qkb2/ppp1ppp1/2n2n2/3p4/8/3BP2r/PPPP1P1P/RNBQ1RK1 w q - 0 9",0.0
"r2qkb2/ppp1pp2/2n2np1/3p1B2/7r/2N1P3/PPPP1P1P/R1BQ1RK1 w q - 0 11",0.0
"2kr1b2/ppp1pp2/2nq1np1/3p4/5P1r/2NBP3/PPPP3P/R1BQ1RK1 w - - 1 13",0.0
"2kr1b2/ppp1pp2/2n1q1p1/1N1p4/P3nP1r/3BP3/1PPP3P/R1BQ1RK1 w - - 1 15",0.0
"2kr1b2/npp1pp2/6p1/P2p4/4nP1r/3BP2q/1PPP3P/R1BQ1RK1 w - - 0 17",0.0
"1k1r1b2/n1p1pp2/6p1/1B1p4/4nPq1/4P3/1PPP3P/R1B2R1K w - - 3 23",0.0
"1k1r1b2/n1p1pp2/6p1/1B1p4/4nPq1/4P3/1PPP3P/R1B2R1K w - - 7 25",0.0
"1k1r1b2/n1p1pp2/6p1/1B1p4/4nPq1/4P3/1PPP3P/R1B2R1K w - - 11 27",0.0
"1k1r1b2/n1p1pp2/6p1/1B1p4/4nPq1/4P3/1PPP3P/R1B2R1K w - - 15 29",0.0
"1k1r4/n1p5/4p1p1/3p4/8/P2qP3/7P/2B3RK w - - 0 41",0.0
"2kr4/2p5/2n1p1p1/3p4/P7/3qP3/6RP/2B4K w - - 3 43",0.0
"2k3r1/2p5/2n1p3/3p2p1/P7/3qP3/7P/2B3RK w - - 0 45",0.0
"2k3r1/2p5/4p3/3p2p1/2n5/3qP3/7P/2B1R2K w - - 2 47",0.0
"2k3r1/8/4p3/2pp2p1/2n5/2q1P3/7P/2B2RK1 w - - 0 49",0.0
"2k3r1/8/4p3/2pp2p1/8/6K1/7P/3q4 w - - 0 53",0.0
"r1b1kb1r/1pqppppp/5n2/p1p5/1nB5/2N1PN2/PPPP1PPP/R1BQ1RK1 w kq - 6 7",0.0
"rqb1kb1r/1p2pppp/5n2/pNpp4/1nBP4/4PN2/PPP2PPP/R1BQ1RK1 w kq - 0 9",0.0
"rq2kb1r/1p2pppp/5n2/pNPp1b2/8/4PN2/PPn1BPPP/R1BQ1RK1 w kq - 0 11",0.0
"r3kb1r/1p2pppp/8/pNPpqb2/3Nn3/4P3/PP2QPPP/R1B2RK1 w kq - 3 15",0.0
"rq2kb1r/1p3ppp/4p3/pNPp1N2/4nP2/4P3/PP2Q1PP/R1B2RK1 w kq - 0 17",0.0
"rq2k2r/1p3ppp/8/pNbppP2/3Nn3/4P3/PP2Q1PP/R1B2RK1 w kq - 0 19",0.0
"1q2k2r/1p4pp/r3P3/pNbpp3/4n3/4P3/PP2Q1PP/R1B2RK1 w k - 1 21",0.0
"3qk2r/1p5p/r3P1p1/pNbpp3/4n3/4P3/PP4PP/R1BQ1RK1 w k - 2 23",0.0
"3qk2r/1p3R1p/4r1p1/1Nbpp3/1p2n3/4P3/P5PP/R1BQ2K1 w k - 0 25",0.0
"8/1p2bk1p/6p1/3rp3/1p2n3/4P3/PB4PP/R5K1 w - - 0 31",0.0
"6k1/1p2b2p/6p1/3rp3/1p4P1/2n1P3/PB5P/5RK1 w - - 1 33",0.0
"6k1/1p2b2p/6p1/r3p3/6P1/2p1PR2/P6P/6K1 w - - 0 35",0.0
"6k1/1p5p/6p1/2b1p3/r5P1/2p1P2P/P4R2/6K1 w - - 1 37",0.0
"6k1/1p5p/6p1/2b3P1/2r1p3/2p4P/P1R3K1/8 w - - 0 41",0.0
"6k1/1p5p/3b2p1/P5P1/2r5/2p1p2P/2R3K1/8 w - - 1 43",0.0
"6k1/1p5p/6p1/P5P1/2rb3P/2p1pK2/2R5/8 w - - 1 45",0.0
"6k1/1p5p/6p1/P5P1/2rbK2P/2p1p3/4R3/8 w - - 5 47",0.0
"6k1/1p5p/6p1/P5P1/7P/2p1K3/3r4/8 w - - 1 51",0.0
"r3kb1r/1pp1pppp/p1p2n2/3q4/6b1/N3PN2/PPPP1PPP/R1BQ1RK1 w kq - 4 7",0.5
"2kr1b1r/1pp1ppp1/p1pq1n2/7p/2PP4/N3PQ2/PP1B1PPP/R4RK1 w - - 0 11",0.5
"2kr1b1r/1pp1pp2/p1p2n2/2Pq2pp/3P1Q2/N3P3/PP1B1PPP/R4RK1 w - - 0 13",0.5
"2kr1b1r/1pp2p2/p1p1pn2/2P3p1/2NP4/4PP1p/PP1B1P1P/R4RK1 w - - 0 17",0.5
"2kr4/1pp1bp1r/p1p1pn2/2P1N1p1/1P1P4/4PP1p/P2B1P1P/R4RK1 w - - 3 19",0.5
"2kr4/1ppnb2r/p1p1p3/2P2pp1/PP1P4/3NPP1p/3B1P1P/R4RK1 w - - 0 21",0.5
"2kr4/1ppnb3/p1p1p3/P1P3p1/1P1P1p1r/2BNPP1p/5P1P/R4RK1 w - - 0 23",0.5
"2k5/1pp1b3/p1p1p3/P1P1P3/1P2r2r/2B2p1p/5P1P/3R1R1K w - - 0 29",0.5
"2k5/1pp1b3/p1p1p3/P1P1P3/1P4r1/2B2p1p/5P1P/3R3K w - - 0 31",0.5
"2k5/1pp1b3/p1p1p3/P1P1Pr2/1P6/3R1p1p/3B1P1P/7K w - - 4 33",0.5
"2kb1r2/1pp5/p1p1p3/P1P1P3/1P6/2BR1p1p/5P1P/6K1 w - - 8 35",0.5
"2k5/1pp1br2/p1p1p3/P1P1P3/1P6/3R1p1p/3B1P1P/5K2 w - - 12 37",0.5
"2k5/1pp1b3/p1p1p3/P1P4r/1P6/2B2R1p/5P1P/5K2 w - - 3 41",0.5
"2k5/1pp1b1B1/p1p1p1r1/P1P5/1P6/4R2p/5P1P/5K2 w - - 7 43",0.5
"2kb4/1pp5/p1p1p2r/P1P1B3/1P6/3R3p/5P1P/5K2 w - - 11 45",0.5
"2k5/1pp1b2r/p1p1p3/P1P1B3/1P3P2/6Rp/7P/5K2 w - - 3 47",0.5
"3b4/1ppk3r/p1p1p1R1/P1P1B3/1P3P2/7p/7P/6K1 w - - 7 49",0.5
"3b4/2pk1r2/ppp1p1R1/P1P1B3/1P3P2/7p/7P/6K1 w - - 0 51",0.5
"8/2pkbr2/p1p1p3/P1P1B3/5P2/6Rp/7P/6K1 w - - 1 53",0.5
"2k2r2/2p1b3/p1p1p3/P1P1B3/5P2/7p/7P/2R3K1 w - - 5 55",0.5
"2k3r1/2p5/p3p3/P1p1B3/5P2/5K1p/1R5P/6b1 w - - 0 59",0.5
"8/3k4/p3p3/P1p1B3/5P2/5K1p/6rP/2R3b1 w - - 3 63",0.5
"8/5k2/p2Bp3/P1p5/5P2/5K1p/6rP/3R2b1 w - - 7 65",0.5
"8/5k2/p2Bp3/P7/2p2P2/5K1p/3r3P/2R3b1 w - - 2 67",0.5
"8/5k2/p3p3/P3P3/2R5/6Kp/8/7r w - - 2 71",0.5
"8/5k2/R3p3/P3P3/8/6Kp/8/7r w - - 1 73",0.5
"6k1/8/PR2p3/4P3/8/6K1/7p/7r w - - 1 75",0.5
"1R6/P4k2/4p3/4P3/8/6K1/7p/r7 w - - 3 77",0.5
"8/PR6/4p3/4Pk2/8/8/7K/r7 w - - 1 79",0.5
"8/P2R4/4p3/4P3/5k2/7K/r7/8 w - - 5 81",0.5
"8/P4R2/4p3/8/4k1K1/8/r7/8 w - - 2 83",0.5
"8/P7/8/3kp3/1R4K1/8/r7/8 w - - 2 85",0.5
"8/PR6/2k5/8/4pK2/8/r7/8 w - - 2 87",0.5
"r1bq1rk1/1ppp1ppp/2nbpn2/p7/8/P1NBPN2/1PPP1PPP/R1BQ1RK1 w - - 0 7",0.0
"2bq1rk1/1ppp1ppp/2n1pn2/rN2b1N1/8/PP1BP3/3P1PPP/R1BQ1RK1 w - - 3 11",0.0
"r1bq1rk1/1pp2ppp/2n1pn2/1N1pb1N1/1P6/P2BP3/3P1PPP/1RBQ1RK1 w - - 1 13",0.0
"r1b2rk1/1pp2ppp/2nqpn2/3p2N1/1P3P2/P2BP3/3P2PP/1RBQ1RK1 w - - 0 15",0.0
"r1b2rk1/1pp2ppp/3qpn2/1P1p1nN1/5P2/P2BP3/1B1P2PP/1R1Q1RK1 w - - 3 17",0.0
"5rk1/2R2ppp/5n2/qp1p1PN1/5P2/4P3/3P3P/2Q3K1 w - - 0 25",0.0
"5rk1/5ppp/8/2R2P2/1p1PNPn1/8/q6P/2Q3K1 w - - 2 29",0.0
"5rk1/5ppp/7q/2R2P2/1p1P1Pn1/8/1Q1N3P/6K1 w - - 6 31",0.0
"5rk1/5ppp/8/2R2P2/1Q1P1P2/4n2q/3N4/6K1 w - - 0 33",0.0
"3r2k1/5ppp/8/2RP4/1Q3P2/4n3/1K1N4/6q1 w - - 9 39",0.0
"2r3k1/5ppp/8/1R1P4/4qP2/K3n3/3Q4/8 w - - 2 45",0.0
"6k1/5ppp/8/3P4/1q1n1P2/3K4/8/8 w - - 2 53",0.0
"6k1/5pp1/8/3P1n1p/1q3P2/5K2/8/8 w - - 0 55",0.0
"6k1/5pp1/8/5n2/5P1p/4q3/6K1/8 w - - 0 59",0.0
"6k1/5p2/8/5np1/5q1p/8/8/4K3 w - - 0 61",0.0
"6k1/5p2/8/5np1/5q2/8/2K4p/8 w - - 0 63",0.0
"6k1/5p2/8/5np1/5q2/8/K7/2q5 w - - 2 65",0.0
"r1bq1rk1/1ppp1ppp/2nbpn2/p7/P7/2NBPN2/1PPP1PPP/R1BQ1RK1 w - - 0 7",0.0
"r1b2rk1/6pp/1p2pn2/p1p5/P7/1N2P3/1PP3PP/R1B2RK1 w - - 0 15",0.0
"r4rk1/6pp/1p2pn2/p1p5/P1P1b3/1N2P3/1P1B2PP/R4RK1 w - - 1 17",0.0
"3r1rk1/6pp/1p2p3/p1p5/P1P1n2P/4P3/1P1B2P1/2NR2K1 w - - 1 21",0.0
"5k2/6pp/1p2p3/p1p5/P1P1n2P/3rP3/1P4P1/2B3K1 w - - 2 25",0.0
"5k2/6pp/1p2p3/p1p5/P1P1n1PP/4P3/1P4K1/2r5 w - - 0 27",0.0
"5k2/6pp/1p2p3/p1p3P1/P1r1n2P/4PK2/1P6/8 w - - 0 29",0.0
"5k2/6pp/1p2p3/p1p3P1/r6P/4P1K1/1P1n4/8 w - - 0 31",0.0
"5k2/6pp/1p2p3/p1p3PP/4P3/6K1/1r1n4/8 w - - 0 33",0.0
"5k2/6pp/1p2p3/p1p1P1PP/2n2K2/8/7r/8 w - - 3 35",0.0
"8/7p/1p1kp2P/p1p1n3/3r4/6K1/8/8 w - - 4 41",0.0
"8/7p/1p1kp2P/2p1n3/3r4/p7/6K1/8 w - - 0 43",0.0
"8/7p/3kp2P/1pp1n3/3r4/6K1/p7/8 w - - 0 45",0.0
"r1bq1rk1/pppp1ppp/2n1pn2/1Nb5/8/3BPN2/PPPP1PPP/R1BQ1RK1 w - - 8 7",1.0
"r1bq1rk1/ppp2ppp/4pn2/1Nbpn3/P2N4/3BP3/1PPP1PPP/R1BQ1RK1 w - - 2 9",1.0
"r4rk1/pppq1ppp/4p3/PN2n3/4p3/RP2P3/2PP1PPP/3Q1RK1 w - - 1 15",1.0
"r4rk1/1p1q1ppp/p3p3/P1p1n3/2PNp3/RP2P3/3P1PPP/3Q1RK1 w - - 0 17",1.0
"r2q1rk1/1p3ppp/p3p3/P1p1n3/2P1p3/RP2P3/3P1PPP/3QNRK1 w - - 4 19",1.0
"r4rk1/1p3ppp/p1n1p3/P1p3NQ/2P5/RP1qP3/3P2PP/5RK1 w - - 3 23",1.0
"3r1rk1/1p3ppp/p1n1p3/P1P3NQ/2P5/R3P3/2qP2PP/5RK1 w - - 1 25",1.0
"5rk1/1p3Np1/p1n1p3/P1P4Q/2P1P3/R7/2qr2PP/5RK1 w - - 3 29",1.0
"r1b2rk1/1ppp1ppp/2nqpn2/p7/2BP4/4PN2/PPP2PPP/R1BQ1RK1 w - - 1 9",0.5
"r1b2rk1/1ppp1pp1/2nqpn1p/6N1/p1BP4/4P3/PPPB1PPP/R2Q1RK1 w - - 0 11",0.5
"r1b2rk1/2pp1pp1/1pnqpn2/7p/p2P4/3BPN2/PPPB1PPP/R2Q1RK1 w - - 0 13",0.5
"r1b2rk1/2pp1pp1/1pn1p3/3q3p/p2Pn3/3BPN2/PPPB1PPP/R2Q1RK1 w - - 4 15",0.5
"r4rk1/2pp1pp1/bpn5/8/p1PP1Q1p/4PP2/PP3P1P/R4RK1 w - - 2 21",0.5
"r3r1k1/2p2pp1/bpnp4/8/p1PP3Q/4PP2/PP3P1P/R1R3K1 w - - 1 23",0.5
"5rk1/2p2pp1/bp1p2r1/3Pn3/p1P1Q3/P3PP2/1P3P1P/R1R4K w - - 5 27",0.5
"6k1/5p2/8/1R1p2p1/p7/P7/1P3PKP/3r4 w - - 2 39",0.5
"6k1/5p2/8/3p2p1/R7/P7/1r3PKP/8 w - - 0 41",0.5
"6k1/5p2/8/6p1/3R4/P7/r4PKP/8 w - - 1 43",0.5
"8/8/5k2/5p2/P6R/8/r4P2/5K2 w - - 7 49",0.5
"8/8/5k2/5p2/PR6/r7/4KP2/8 w - - 11 51",0.5
"8/8/4k3/5p2/PR6/8/r4P2/3K4 w - - 15 53",0.5
"8/8/3k4/5p2/PR3P2/8/r7/2K5 w - - 3 55",0.5
"8/3k4/8/5R2/r4P2/8/1K6/8 w - - 1 59",0.5
"8/8/4k3/5R2/4rP2/2K5/8/8 w - - 5 61",0.5
"8/8/4k3/5R2/4rP2/2K5/8/8 w - - 9 63",0.5
"8/8/3k4/5R2/4rP2/2K5/8/8 w - - 13 65",0.5
"5R2/4k3/8/8/4rP2/2K5/8/8 w - - 17 67",0.5
"5R2/4k3/8/8/4rP2/2K5/8/8 w - - 21 69",0.5
"5R2/4k3/8/8/4rP2/2K5/8/8 w - - 25 71",0.5
"5R2/4k3/8/8/4rP2/2K5/8/8 w - - 29 73",0.5
"5R2/4k3/8/8/4rP2/2K5/8/8 w - - 33 75",0.5
"5R2/4k3/8/8/4rP2/2K5/8/8 w - - 37 77",0.5
"8/8/3k4/5R2/r4P2/3K4/8/8 w - - 41 79",0.5
"8/8/3k4/5R2/5PK1/8/r7/8 w - - 49 83",0.5
"8/8/3k4/7R/5P2/5K2/3r4/8 w - - 53 85",0.5
"8/8/7R/4kP2/8/5K2/3r4/8 w - - 1 87",0.5
"3r4/8/5P1R/4k3/8/6K1/8/8 w - - 7 91",0.5
"8/8/5P1R/4k3/6K1/8/8/5r2 w - - 11 93",0.5
"8/7R/8/4k3/6K1/8/8/5r2 w - - 2 95",0.5
"8/R7/4kr2/8/8/6K1/8/8 w - - 6 97",0.5
"8/7R/2r5/4k3/8/6K1/8/8 w - - 10 99",0.5
"8/6R1/2r5/4k3/8/6K1/8/8 w - - 14 101",0.5
"8/6R1/3k4/8/8/6K1/2r5/8 w - - 18 103",0.5
"8/3R4/4k3/8/5K2/8/2r5/8 w - - 22 105",0.5
"8/3R4/4k3/8/5K2/8/2r5/8 w - - 26 107",0.5
"8/3R4/4k3/8/5K2/8/2r5/8 w - - 30 109",0.5
"8/3R4/4k3/8/5K2/8/2r5/8 w - - 34 111",0.5
"8/3R4/4k3/8/5K2/8/2r5/8 w - - 38 113",0.5
"8/3R4/4k3/8/5K2/8/2r5/8 w - - 42 115",0.5
"8/3R4/4k3/8/5K2/8/2r5/8 w - - 46 117",0.5
"8/3R4/4k3/8/5K2/8/2r5/8 w - - 50 119",0.5
"r3kb1r/1pp1pppp/p1pqbn2/8/8/4PN2/PPPPQPPP/RNB2RK1 w kq - 4 7",1.0
"2kr1b1r/1pp1pppp/p1pqb3/8/3P2n1/2N1PN2/PPP1QPPP/R1B2RK1 w - - 3 9",1.0
"2kr1b1r/1pp1pppp/p1p1b3/2N5/2qP2n1/4PN2/PPP1QPPP/R1B2RK1 w - - 7 11",1.0
"2kr1b1r/1pp1ppp1/p1p1b3/7p/3P2n1/1PqNPN2/P1P1QPPP/R1B2RK1 w - - 1 13",1.0
"2kr1b2/1pp1ppp1/p1p1b2r/q1N4p/3P2n1/1P2PN2/PBP1QPPP/R4RK1 w - - 5 15",1.0
"2k2b2/1pp1p1p1/p1pq1r2/7p/3P1Rn1/1P6/PBP1Q1PP/5RK1 w - - 3 23",1.0
"2k2b2/1pp5/p1pqp3/6p1/3P2Q1/1P6/PBP3PP/5K2 w - - 0 27",1.0
"2k5/1pp3b1/p1p1p3/3q2p1/1P1P2Q1/8/PBP3PP/6K1 w - - 1 29",1.0
"2k5/1pp5/p1p1pb2/5qpQ/PP1P4/8/1BP3PP/6K1 w - - 3 31",1.0
"2kbQ3/1pp5/p1p1p3/P5p1/1P1Pq3/8/1BP3PP/6K1 w - - 1 33",1.0
"1k6/1ppQ4/p1p2b2/P5p1/1q1P4/7P/1BP3PK/8 w - - 3 37",1.0
"8/kpQ5/p7/P1p3p1/3q4/7P/2P3PK/8 w - - 0 41",1.0
"8/kp6/p7/P1p3Q1/8/2q4P/2P3PK/8 w - - 1 43",1.0
"8/kp6/p7/2p5/4Q3/7P/2Pq2PK/8 w - - 2 45",1.0
"8/k7/p7/1p5P/2p1Q3/8/2Pq2PK/8 w - - 0 47",1.0
"8/k7/6QP/1p6/p1p5/4q1PK/2P5/8 w - - 0 51",1.0
"4Q3/k6P/8/1p6/p1p5/6PK/2q5/8 w - - 0 53",1.0
"7Q/3Q4/k7/1p6/p1p1q3/6PK/8/8 w - - 1 55",1.0
"8/Q7/5Q2/1p6/pkp1q3/6PK/8/8 w - - 5 57",1.0
"r1b1k2r/1pppqppp/2nbpn2/p7/2B5/2N1PN2/PPPPQPPP/R1B2RK1 w kq - 0 7",1.0
"r1b2rk1/1pppqppp/2nb1n2/p3p3/P1BP4/2N1PN2/1PP1QPPP/R1B2RK1 w - - 0 9",1.0
"r1b2rk1/1pppqppp/3b1n2/p5N1/PnBPp3/2N1P3/1PPBQPPP/R4RK1 w - - 2 11",1.0
"r1b2rk1/3pqppp/1ppb1n2/p5N1/PnBPp3/R1N1P3/1PPBQPPP/2R3K1 w - - 0 13",1.0
"r4rk1/1b1pqpp1/1ppb1n1p/p5N1/PnBPp3/1RN1P3/1PPB1PPP/2RQ2K1 w - - 0 15",1.0
"r4rk1/1b1pqpp1/1p3n1p/p1b5/PnB1p3/1RN1P2N/1PPB1PPP/2RQ2K1 w - - 0 17",1.0
"r4rk1/1b2qp2/1p3n1p/p1bp2p1/Pn2pN2/1RN1P3/1PPBBPPP/2RQ2K1 w - - 0 19",1.0
"r4rk1/1b3p2/1p5p/p1bpq1pB/Pn2p3/1RN1P3/1PPB1PPP/2RQ2K1 w - - 1 21",1.0
"r4rk1/1b3p2/1p5p/pNbpq1pB/Pn2p3/1R2P3/1PPB1PPP/R2Q2K1 w - - 5 23",1.0
"r4rk1/1b3p2/1p4qp/pNbp2p1/Pn2p1B1/1RB1P3/1PP2PPP/R2Q2K1 w - - 9 25",1.0
"3r1rk1/1bN2p2/1pn3qp/p1bpB1p1/P3p1B1/1R2P3/1PP2PPP/R2Q2K1 w - - 13 27",1.0
"3r1rk1/1bN2p2/1p4qp/p1b3p1/P2np1B1/1R4B1/1PP2PPP/R2Q2K1 w - - 0 29",1.0
"5rk1/1bN2p2/1p3q1p/p1b3pB/P7/2R2pB1/1PP2P1P/3R2K1 w - - 0 33",1.0
"6k1/5p2/1p5p/p1bR2pB/P7/5RB1/1qP2PKP/4r3 w - - 0 37",1.0
"3R1bk1/5R2/1p5p/p5pB/P7/q5B1/2P2PKP/4r3 w - - 1 39",1.0
"5k2/8/1p5p/p6B/P3r2B/8/2P2PK1/8 w - - 0 43",1.0
"5k2/8/1B5p/p6B/7r/8/2P2PK1/8 w - - 1 45",1.0
"8/6k1/7p/2B5/p6r/8/2P1BPK1/8 w - - 0 47",1.0
"5k2/8/7p/7r/p2B4/5P2/2P1B1K1/8 w - - 3 49",1.0
"5k2/8/7p/2P4r/3B4/5P2/p3B1K1/8 w - - 0 51",1.0
"5k2/8/2P4p/3r4/3B4/5P2/p3BK2/8 w - - 3 53",1.0
"2Q5/4k3/7p/8/3r4/5P2/p3BK2/8 w - - 1 55",1.0
"5k2/8/5r2/7p/2Q5/5P2/4BK2/8 w - - 2 59",1.0
"8/8/4kr2/7Q/8/5P2/4BK2/8 w - - 1 61",1.0
"4Q3/8/5r2/2k5/2B5/5P2/5K2/8 w - - 5 63",1.0
"8/8/5Q2/2k5/8/5P2/5K2/8 w - - 1 65",1.0
"8/8/2k5/4Q3/5P2/8/5K2/8 w - - 3 67",1.0
"8/8/2k2P2/4Q3/8/8/5K2/8 w - - 1 69",1.0
"5Q2/8/k7/4Q3/8/8/5K2/8 w - - 1 71",1.0
"r2qkb1r/p1pbpppp/1p3n2/1BnpN3/8/4P3/PPPP1PPP/RNBQ1RK1 w kq - 2 7",0.0
"r1q1kb1r/2pbpppp/5n2/1pppN3/8/4P3/PPP2PPP/RNBQ1RK1 w kq - 0 11",0.0
"r3kb1r/2qnpppp/2p5/2pp4/Pp6/2N1PQ2/1PP2PPP/R1B2RK1 w kq - 0 15",0.0
"r3kb1r/3nppp1/2p5/2ppq2p/Pp6/4PQ2/1PPBNPPP/R4RK1 w kq - 2 17",0.0
"r3kb1r/3nppp1/2p5/P2pq2p/2p5/1pP1PQ2/1P1BNPPP/R4RK1 w kq - 0 19",0.0
"r3k2r/P2n1pp1/2p5/2bpp2p/2p1P3/1pP2P2/1P1BNP1P/R4RK1 w kq - 1 23",0.0
"r4rk1/P4pp1/2p5/2npp2p/2p1P3/1pP2P2/1P2NP1P/R4RK1 w - - 0 25",0.0
"r4rk1/P4pp1/8/3pp3/2p5/RpPn1P1p/1P2NP1P/1R4K1 w - - 0 29",0.0
"r4rk1/P5p1/8/3p1p2/2p2p2/RpPn2Np/1P3P1P/1R4K1 w - - 0 31",0.0
"r5k1/P3r1p1/8/3p1p2/2p2p2/RpPn3p/1P2NP1P/R5K1 w - - 4 33",0.0
"r5k1/P5p1/8/3prN2/2p2p2/RpP4p/1n3P1P/R5K1 w - - 1 35",0.0
"1R6/r5pk/8/3pr3/5p2/2Pn3p/5P1P/R5K1 w - - 2 39",0.0
"8/6pk/8/3p4/5p2/2P4p/1n4rP/3R1K2 w - - 8 47",0.0
"6k1/6p1/8/3p4/7R/2P5/1n2K2p/7r w - - 2 51",0.0
"6k1/6p1/8/3p4/8/2P1K3/1n6/3r4 w - - 2 55",0.0
"6k1/6p1/8/3p4/8/2P2K2/8/3nr3 w - - 6 57",0.0
"6k1/8/8/3p4/5K2/2P3p1/8/3n2r1 w - - 0 61",0.0
"6k1/8/8/8/8/2p2Kp1/8/3n2r1 w - - 0 63",0.0
"6k1/8/8/8/8/4K1p1/2p2n2/6r1 w - - 0 65",0.0
"6k1/8/8/6K1/8/2q5/5np1/5r2 w - - 2 69",0.0
"6k1/8/4K3/8/8/2q5/5n2/3r2q1 w - - 2 71",0.0
"rnbq1rk1/1ppp1ppp/p3pn2/2b5/2N5/3BPN2/PPPP1PPP/R1BQ1RK1 w - - 6 7",1.0
"r4rk1/1p1q1ppp/p2bpn2/2pp4/P7/2PBP3/1P1P1PPP/R1BQ1RK1 w - - 0 13",1.0
"r4rk1/1p3ppp/p1qbpn2/2pp4/P4P2/1PPBP3/3P2PP/R1BQ1RK1 w - - 1 15",1.0
"r4rk1/1p3ppp/p1qbpn2/2pp4/P4P2/1PPBP3/3PQ1PP/1RB2RK1 w - - 5 17",1.0
"r3r1k1/1p3ppp/p1qbp3/P1pp4/4nP2/1PPBP3/3PQ1PP/R1B2RK1 w - - 3 19",1.0
"r3r1k1/5ppp/p1qbp3/Ppp5/4pP2/1PP1P3/3PQ1PP/R1B1R1K1 w - - 0 21",1.0
"r3r1k1/5ppp/p1qb4/P1p1p3/1pP1pP2/1P2P3/1B1PQ1PP/R3R1K1 w - - 0 23",1.0
"3rr1k1/2b2ppp/p1q5/P1p1pP2/1pP1p1Q1/1P2P3/1B1P2PP/R3R1K1 w - - 1 25",1.0
"3r2k1/2b2ppp/p1q5/P1p1pP2/1pP1p3/1P1rP3/3P2PP/R1BQR1K1 w - - 5 27",1.0
"3r2k1/2b2ppp/p7/P1p1pP2/1pP1p1Pq/1P1rP3/3PR2P/R1BQ2K1 w - - 1 29",1.0
"3r2k1/2b2ppp/p7/P1p1pP2/1pP1p1P1/1P2r2q/1B1P2RP/R2Q2K1 w - - 2 31",1.0
"3r2k1/2b2ppp/p7/P1p1pP2/2P1p1P1/2p1q3/2Q3RP/R4K2 w - - 0 35",1.0
"6k1/2b2ppp/p7/P1p1pP2/2P1p1P1/2p1R3/2r4P/R4K2 w - - 0 37",1.0
"6k1/5p1p/p2b1P2/P1p3p1/2P1R1P1/2p5/3r4/R4K2 w - - 2 43",1.0
"r1bq1rk1/pppp1ppp/2nbpn2/8/2B5/P1N1PN2/1PPP1PPP/R1BQ1RK1 w - - 5 7",0.0
"r1bq1rk1/2pp1ppp/1pnbpn2/p7/2BP4/P1NQPN2/1PP2PPP/R1B2RK1 w - - 0 9",0.0
"r1bqr1k1/2pp1ppp/1p1b4/p3n1N1/2B1P3/P1N1Q3/1PP2PPP/R4RK1 w - - 3 15",0.0
"r2qr1k1/3p1ppp/bppb4/p3n1N1/4P3/PBN1Q3/1PP2PPP/R4RK1 w - - 2 17",0.0
"r2qr3/3pbppk/bpp5/p3n3/4P3/PBN1Q3/1PP2PPP/R2R2K1 w - - 0 19",0.0
"r2qr1k1/3p1pp1/bpp5/p1b1n3/4P3/PBN5/1PPQ1PPP/R2R2K1 w - - 4 21",0.0
"r3r1k1/3p1pp1/bpp5/p1q1n3/4P3/PB6/1PPQ1PPP/R2R2K1 w - - 0 23",0.0
"3rr1k1/5pp1/bppp4/p1q1n3/4P3/PB6/1PPQ1PPP/R2R2K1 w - - 2 25",0.0
"3rr1k1/5pp1/bp6/p1qpn3/5Q2/PB6/1PP2PPP/R2R2K1 w - - 0 27",0.0
"3r2k1/5pp1/bpn5/p1qp4/4rQ2/PB6/1PP2PPP/R2R2K1 w - - 4 29",0.0
"3r2k1/5pp1/bp1q4/p2p2Q1/3nr3/PB6/1PP2PPP/R2R2K1 w - - 8 31",0.0
"3r2k1/5pp1/bp1q4/p2p2Q1/P2nr3/1B6/1PP2PPP/R2R3K w - - 3 33",0.0
"3r2k1/5pp1/bp1q4/p2p2Q1/P2nr3/1B6/1PP2PPP/R2R3K w - - 7 35",0.0
"3r2k1/5pp1/bp1q4/p2p2Q1/P2nr3/1B6/1PP2PPP/R2R3K w - - 11 37",0.0
"3r2k1/5pp1/1p1q4/p5Q1/P1pnr3/8/1PP2PPP/R2R2K1 w - - 0 39",0.0
"4r1k1/5pp1/1p1q4/p5Q1/P1p1r3/8/1PP1nPPP/R3R2K w - - 4 41",0.0
"4r1k1/5pp1/1p6/p5Q1/P1pq4/8/1PP1nPPP/R6K w - - 0 43",0.0
"4r1k1/5pp1/1p6/p5Q1/P1p2n2/2P5/1P3qPP/3R3K w - - 2 45",0.0
"4r1k1/2n2pp1/1p6/1P6/p7/2P5/6PP/R6K w - - 2 51",0.0
"6k1/5pp1/1p2n3/1P6/p1P1r3/8/6PP/2R4K w - - 3 53",0.0
"6k1/5pp1/1p6/1P6/2P5/p2n2K1/2R3PP/4r3 w - - 0 57",0.0
"4r1k1/5pp1/1p6/1P6/1nP4P/p5K1/3R2P1/8 w - - 3 59",0.0
"4r1k1/5pp1/1p6/1P5P/2P5/6K1/p1n3P1/3R4 w - - 2 61",0.0
"6k1/5pp1/1p6/1P5P/2r3P1/5K2/8/n7 w - - 0 65",0.0
"8/5ppk/1p6/1Pr3PP/5K2/8/8/n7 w - - 3 67",0.0
"8/5ppk/1p6/1r4PP/5K2/8/2n5/8 w - - 0 69",0.0
"8/5ppk/1p2n3/1r4PP/7K/8/8/8 w - - 4 71",0.0
"8/6p1/1p2n1k1/1r6/7K/8/8/8 w - - 0 73",0.0
"8/8/1p2n3/1r3kp1/8/8/5K2/8 w - - 0 75",0.0
"8/8/1p2n3/6p1/5k2/8/1r6/6K1 w - - 4 77",0.0
"8/8/1p2n3/8/5k2/6p1/1r6/4K3 w - - 0 79",0.0
"8/8/1p6/8/3n1k2/8/1r4p1/6K1 w - - 2 81",0.0
"r1bqk2r/1ppppp1p/p4npb/8/1nP5/2N2N2/PP1PPPPP/RQB1KB1R w KQkq - 4 7",1.0
"r1bq1rk1/1ppppp1p/p1n2npb/3N4/2P5/P4N2/1P1PPPPP/RQB1KB1R w KQ - 3 9",1.0
"r1b2rk1/1ppp1p1p/p1n1pqpb/8/1PP5/P4N2/3PPPPP/RQB1KB1R w KQ - 0 11",1.0
"r1b2rk1/1pp2p1p/p1np1qpb/4p3/1PP1Q3/P4N2/1B1PPPPP/R3KB1R w KQ - 0 13",1.0
"r4rk1/1pp1np1p/p2pb1p1/1P2p3/2P2bPP/P4N2/1B1PPP2/R3KB1R w KQ - 1 17",1.0
"r4rk1/1pp1np1p/3p2p1/1p2p1P1/2P4R/P3Pb2/1B1P1P2/R3KB2 w Q - 2 21",1.0
"r4rk1/1pp1np1p/3p2p1/1P2p1P1/6b1/P3P2R/1B1P1P2/R3KB2 w Q - 1 23",1.0
"5rk1/1pp1np1p/3p2p1/1P2p1P1/r3P2R/P4b2/1B1P1P2/R3KB2 w Q - 1 25",1.0
"5rk1/1pp2p1p/3p2p1/1P2r1P1/3p4/P4P1R/4B3/R3K3 w Q - 1 31",1.0
"4r1k1/1pp1rp1p/3p2p1/1P4P1/3p1P2/P2R4/4B3/R3K3 w Q - 3 33",1.0
"4r1k1/1pp2p1p/3p2p1/1P4P1/3R4/P3r3/2R1B3/4K3 w - - 3 37",1.0
"6k1/2p2p1p/1p1p2p1/1P2r1P1/P2R4/4r3/2R1BK2/8 w - - 0 39",1.0
"8/3r1pkp/1p1p2p1/1P4P1/P2RB3/4K3/8/8 w - - 3 43",1.0
"8/3r1pkp/1p1p2p1/1P4P1/P2R4/4KB2/8/8 w - - 7 45",1.0
"8/5pkp/1pBR2p1/1P4P1/r7/4K3/8/8 w - - 0 47",1.0
"8/5pk1/1R4p1/rP4Pp/4B3/4K3/8/8 w - - 1 49",1.0
"8/1R3pk1/6p1/1P4P1/4BK1p/r7/8/8 w - - 0 51",1.0
"8/1R3pk1/1P4p1/6P1/r3B1Kp/8/8/8 w - - 3 53",1.0
"5k2/5p2/1P4p1/4R1P1/r3B1K1/7p/8/8 w - - 0 55",1.0
"8/1P6/5kp1/3BR3/1r6/7K/8/8 w - - 0 59",1.0
"1R6/8/8/3Bk3/6p1/6K1/8/8 w - - 1 63",1.0
"8/8/8/1R1Bk3/6K1/8/8/8 w - - 1 65",1.0
"8/8/3k4/R7/6K1/5B2/8/8 w - - 5 67",1.0
"8/3k4/8/R7/4BK2/8/8/8 w - - 9 69",1.0
"2k5/8/R7/4K3/4B3/8/8/8 w - - 13 71",1.0
"r2qkb1r/2ppppp1/bpn2n2/p6p/P6P/1PN2N2/2PPPPP1/1RBQKB1R w Kkq - 2 7",1.0
"r2qkb2/2pppp2/bpn2npr/p6p/P6P/1PN2NP1/1BPPPP2/1R1QKB1R w Kq - 0 9",1.0
"r2qkb2/1bpppp2/1pn3pr/pN5p/P5nP/1P3NPB/1BPPPP2/1R1QK2R w Kq - 4 11",1.0
"r2qkb2/2pppp2/1p4pr/pN2n2p/P1PB3P/1P1n1PPB/3PKP2/1R1Q3R w q - 3 15",1.0
"r2qkb2/2pppp2/1p4pr/pN5p/P1PB1PnP/1P5B/3PKP2/1R1Q3R w q - 1 17",1.0
"r2qkb2/2pp1p2/1p3ppr/pN5p/P1P2P1P/1P3P1B/3PK3/1R1Q3R w q - 0 19",1.0
"r2q1k2/2pp1p2/1p3ppr/pN5p/PbP2P1P/1P3P1B/3P1K2/1R1QR3 w - - 4 21",1.0
"r2q1k2/3p1p2/1p4pr/pNp2p1p/PbP2P1P/1P3P1B/3P1K2/1R1QR3 w - - 0 23",1.0
"r2q1k2/8/1p1p1ppr/pNp2p1p/PbP2P1P/1P3PKB/2QP4/1R2R3 w - - 0 25",1.0
"3r1k2/3q4/1p1p1ppr/pNpQ1p1p/PbP2P1P/1P3PKB/3P4/1R2R3 w - - 4 27",1.0
"3r1k2/6qr/1p1NRpp1/p1pQ1p1p/PbP2P1P/1P3PKB/3P4/1R6 w - - 1 29",1.0
"r1bqkb1r/1ppppp2/2n3p1/p6p/3P2n1/2N2NPB/PPP1PP1P/R1BQ1RK1 w kq - 1 7",0.0
"r1bqk2r/2pppp2/1pn3pb/p5Bp/P2P2n1/2N2NPB/1PP1PP1P/R2Q1RK1 w kq - 2 9",0.0
"2rqk2r/2p1pp2/1pn3p1/p2p1nQp/P2P4/2N2NP1/1PP1PP1P/R4RK1 w k - 2 13",0.0
"2rq1rk1/2p2p2/1pn1p1p1/p2p1n1p/P2P1Q2/2N1PNP1/1PP2P1P/R4RK1 w - - 2 15",0.0
"3q1rk1/5p2/1p2p3/p1rpNnpp/Pn3Q2/2N1P1P1/1PP2P1P/2RR2K1 w - - 0 19",0.0
"5rk1/5p2/1p1qp3/p1rp1n1p/Pn4p1/2NNPQP1/1PP2P1P/2RR2K1 w - - 0 21",0.0
"5rk1/5p2/1p2p3/p1rpqn1p/P5p1/2NRP1P1/1PP1QP1P/2R3K1 w - - 1 23",0.0
"2r3k1/5p2/1Q2p3/p1rp2qp/P1n3p1/2N3P1/1PP1RP1P/2R3K1 w - - 3 27",0.0
"2r3k1/5p2/1Q2p3/p1rp2qp/P1n5/2N3P1/1PP1p2P/5RK1 w - - 0 29",0.0
"2r3k1/5p2/8/p6p/P2p3P/6P1/1n3K2/1q6 w - - 0 37",0.0
"2r3k1/5p2/8/p6p/P6P/5KP1/1n1p4/1q6 w - - 0 39",0.0
"r2qk2r/p1pppp1p/bpn2npb/8/P6P/BPN2N2/2PPPPP1/R2QKB1R w KQkq - 1 7",1.0
"r2q1rk1/p1p1pp1p/bpn2npb/3p4/P6P/BPN2NPB/2PPPP2/R2QK2R w KQ - 0 9",1.0
"r2q1rk1/p1p1pp1p/1p3npb/3p2N1/PPbn3P/B1N3PB/2PPPP2/R2QK2R w KQ - 1 11",1.0
"r2q1rk1/p1p1pp1p/1p4pb/P7/1Pbnp2P/B1N3PB/2PPPP2/R2QK2R w KQ - 0 13",1.0
"r2q2k1/p1p1p2p/1p3rpb/P4p1P/1Pbnp3/B1N3P1/2PPPPB1/R2QK2R w KQ - 1 15",1.0
"r2q2k1/p1p1p2p/1p2r1pb/P4p1P/1PP5/B1N3P1/5PB1/n2Q1K1R w - - 0 19",1.0
"r1q5/p1p1pk2/1p2r1pR/P2B1p2/1PP5/BnN3P1/4QP2/5K2 w - - 1 23",1.0
"4rk2/p1p1p2R/1p4p1/P2NQp2/1Pn5/B5P1/5PK1/8 w - - 0 29",1.0
"r2qkb1r/p1pppp2/1p3n1p/6p1/P2n4/2NP1PPB/1PP2P1P/R1BQ1RK1 w kq - 0 9",1.0
"r2qkb1r/4pp2/1p2pn1p/pNp3p1/P7/3PBPP1/1PP2P1P/R2QR1K1 w kq - 0 13",1.0
"r2qk2r/4ppb1/1p3n1p/pNp1p1p1/P1P3P1/3PBP2/1P3P1P/R2QR1K1 w kq - 1 15",1.0
"r3k2r/3qppbn/1p5p/pNp1p1p1/P1P3P1/R2P1P2/1P3P1P/2BQR1K1 w kq - 5 17",1.0
"3rkn1r/3qppb1/1p5p/pNp1p1p1/P1P1Q1P1/R2P1P2/1P3P1P/2B1R1K1 w k - 9 19",1.0
"3rk2r/3qppb1/1p5p/pNp1p1p1/P1P1QnP1/3PBP2/1P3P1P/R3R1K1 w k - 13 21",1.0
"4k2r/4ppb1/1pq4p/p1p1p1p1/P1P3P1/3QBP2/1P3P1P/4R1K1 w k - 1 25",1.0
"4k2r/4ppb1/1p6/p1p1p1pp/P1P1P1P1/4B3/1P3P1P/4R1K1 w k - 0 27",1.0
"4k3/4ppb1/1p6/p1p1p1p1/P1P1P1Pr/4B3/1P3P2/4R1K1 w - - 1 29",1.0
"4k3/4pp2/1p3b1r/p1p1p1p1/P1P1P1P1/4BP2/1P6/3R2K1 w - - 3 31",1.0
"4k3/5p2/1p2pb2/p1p1p1p1/P1P1P1Pr/1P2BP2/6K1/3R4 w - - 0 33",1.0
"4k3/4bp2/1R2p2r/p1p1p1p1/P1P1P1P1/1P2BP2/6K1/8 w - - 1 35",1.0
"8/8/3kpp1r/2R1p1p1/P1P1P1P1/1P3P2/6K1/8 w - - 1 39",1.0
"1r6/8/3kpp2/R3p1p1/PPP1P1P1/5P2/6K1/8 w - - 3 41",1.0
"3r4/2k5/4pp2/RPP1p1p1/P3P1P1/5P2/6K1/8 w - - 1 43",1.0
"5R2/1k6/4p3/1PP1p1p1/r3P1P1/5P2/6K1/8 w - - 2 47",1.0
"1R6/8/2P1p3/1Pk1p1p1/r3P1P1/5P2/6K1/8 w - - 3 49",1.0
"1R6/2P5/3kp3/1P2p1p1/4P1P1/5PK1/r7/8 w - - 3 51",1.0
"1R3Q2/4r3/3kp3/1P2p1p1/4P1P1/5PK1/8/8 w - - 3 53",1.0
"r1bqkb1r/ppp2ppp/2n2n2/1B6/3Pp3/2N2N2/PPPP1PPP/R1BQK2R w KQkq - 0 7",0.5
"r3kb1r/ppp2ppp/2q2n2/8/3Pp3/2N5/PPPPQPPP/R1B1K2R w KQkq - 0 11",0.5
"1k1r1b1r/ppp2ppp/2q2n2/1N6/3Pp3/8/PPPPQPPP/R1B2RK1 w - - 4 13",0.5
"1k3b1r/1pp2ppp/p1q2n2/8/2Prp3/2N5/PP1PQPPP/R1B2RK1 w - - 0 15",0.5
"2k2b1r/1pp2ppp/p1q2n2/8/2P1p3/1PNrQ3/P2P1PPP/R1B2RK1 w - - 3 17",0.5
"2k2b1r/Q1p2ppp/2q2n2/1p6/4p3/1PNr4/P2P1PPP/R1B2RK1 w - - 0 19",0.5
"2k4r/2p2ppp/2q2n2/QNb5/1p2p3/1P1r4/P2P1PPP/R1B2RK1 w - - 2 21",0.5
"2kr4/2p2pp1/2q2n2/QNb4p/1p2p3/1P1r4/P2P1PPP/1RB1R1K1 w - - 2 23",0.5
"2kr4/Q1p2pp1/1q3n2/7p/1p2p3/1P1r4/P2P1PPP/1RB1R1K1 w - - 1 25",0.5
"Q2r4/2pk1pp1/1q3n2/8/1p2p2p/1P1r4/P2P1PPP/1RB1R1K1 w - - 2 27",0.5
"Q2r4/2pk1pp1/1q3n2/8/1p2p2p/1P1r4/P2P1PPP/1RB1R1K1 w - - 6 29",0.5
"Q2r4/2pk1pp1/1q3n2/8/1p2p2p/1P1r4/P2P1PPP/1RB1R1K1 w - - 10 31",0.5
"Q2r4/2pk1pp1/1q3n2/8/1p2p2p/1P1r4/P2P1PPP/1RB1R1K1 w - - 14 33",0.5
"2kr4/2p2pp1/1q3n2/8/Qp2p3/PP1r3p/3P1PPP/1RB1R1K1 w - - 0 35",0.5
"2kr4/2p2pp1/1q3n2/8/Qp2p3/PP1r3p/3P1PPP/1RB1R1K1 w - - 4 37",0.5
"2kr4/2p2pp1/1q3n2/8/Qp2p3/PP1r3p/3P1PPP/1RB1R1K1 w - - 8 39",0.5
"2kr4/2p2pp1/1q3n2/8/Qp2p3/PP1r3p/3P1PPP/1RB1R1K1 w - - 12 41",0.5
"2kr4/2p2pp1/1q3n2/8/Qp2p3/PP1r3p/3P1PPP/1RB1R1K1 w - - 16 43",0.5
"2kr4/2p2pp1/1q3n2/8/Qp2p3/PP1r3p/3P1PPP/1RB1R1K1 w - - 20 45",0.5
"2kr4/2p2pp1/1q3n2/8/Qp2p3/PP1r3p/3P1PPP/1RB1R1K1 w - - 24 47",0.5
"2kr4/2p2pp1/1q3n2/8/Qp2p3/PP1r3p/3P1PPP/1RB1R1K1 w - - 28 49",0.5
"2kr4/2p2pp1/1q3n2/8/Qp2p3/PP1r3p/3P1PPP/1RB1R1K1 w - - 32 51",0.5
"2kr4/2p2pp1/1q3n2/8/Qp2p3/PP1r3p/3P1PPP/1RB1R1K1 w - - 36 53",0.5
"2kr4/2p2pp1/1q3n2/8/Qp2p3/PP1r3p/3P1PPP/1RB1R1K1 w - - 40 55",0.5
"2kr4/2p2pp1/1q3n2/8/Qp2p3/PP1r3p/3P1PPP/1RB1R1K1 w - - 44 57",0.5
"2kr4/2p2pp1/1q3n2/8/Qp2p3/PP1r3p/3P1PPP/1RB1R1K1 w - - 48 59",0.5
"2kr4/2p2pp1/1q3n2/8/Qp2p3/PP1r3p/3P1PPP/1RB1R1K1 w - - 52 61",0.5
"2kr4/2p2pp1/1q3n2/8/Qp2p3/PP1r3p/3P1PPP/1RB1R1K1 w - - 56 63",0.5
"2kr4/2p2pp1/1q3n2/8/Qp2p3/PP1r3p/3P1PPP/1RB1R1K1 w - - 60 65",0.5
"2kr4/2p2pp1/1q3n2/8/Qp2p3/PP1r3p/3P1PPP/1RB1R1K1 w - - 64 67",0.5
"2kr4/2p2pp1/1q3n2/8/Qp2p3/PP1r3p/3P1PPP/1RB1R1K1 w - - 68 69",0.5
"2kr4/2p2pp1/1q3n2/8/Qp2p3/PP1r3p/3P1PPP/1RB1R1K1 w - - 72 71",0.5
"2kr4/2p2pp1/1q3n2/8/Qp2p3/PP1r3p/3P1PPP/1RB1R1K1 w - - 76 73",0.5
"2kr4/2p2pp1/1q3n2/8/Qp2p3/PP1r3p/3P1PPP/1RB1R1K1 w - - 80 75",0.5
"2kr4/2p2pp1/1q3n2/8/Qp2p3/PP1r3p/3P1PPP/1RB1R1K1 w - - 84 77",0.5
"2kr4/2p2pp1/1q3n2/8/Qp2p3/PP1r3p/3P1PPP/1RB1R1K1 w - - 88 79",0.5
"2kr4/2p2pp1/1q3n2/8/Qp2p3/PP1r3p/3P1PPP/1RB1R1K1 w - - 92 81",0.5
"8/1kp2pp1/5n2/8/1r2p3/1P1r4/3P1P1P/1RB1R1K1 w - - 0 87",0.5
"2k5/2p2p2/5np1/8/1r2p3/1P1r2R1/3P1P1P/1RB3K1 w - - 0 89",0.5
"2k5/2p1Bp2/6p1/1r1n4/4p3/1P1r2R1/3P1P1P/1R4K1 w - - 4 91",0.5
"2k5/2p5/1r4p1/3n1p2/4p2B/1P1r2R1/3P1P1P/1R4K1 w - - 2 93",0.5
"2k5/2p5/1r4p1/3n2B1/4ppR1/1P3r2/3P1P1P/1R4K1 w - - 2 95",0.5
"2k5/8/6p1/2p5/4pR1P/8/3P1PK1/4r3 w - - 0 101",0.5
"2k5/8/6R1/2p5/4p2P/8/3r1PK1/8 w - - 0 103",0.5
"2k5/8/8/2pr4/7P/4R3/5PK1/8 w - - 1 105",0.5
"2k5/8/8/2r5/2p1RP1P/8/6K1/8 w - - 2 107",0.5
"4R3/1kr5/8/8/2p2P1P/8/6K1/8 w - - 6 109",0.5
"8/2r5/2k5/1R6/5P1P/2p5/6K1/8 w - - 2 111",0.5
"rnb1kbnr/1p2pp1p/3q2p1/p2p4/2p5/4PN2/PPPPBPPP/RNBQ1RK1 w kq - 2 7",0.0
"rn2kbnr/1pq1pp1p/4b1p1/p2p4/2p5/BP2PN2/P1PPBPPP/RN1Q1RK1 w kq - 3 9",0.0
"1n2kb1r/1p1qpp1p/r4np1/p2p4/2pN4/BP2P2Q/P1PP1PPP/RN3RK1 w k - 3 13",0.0
"4kb1r/1pq1pp1p/5np1/p2p4/2r5/B1N1P1Q1/P1PP1PPP/R4RK1 w k - 2 17",0.0
"4k2r/1pq1ppb1/5np1/p2p3p/2r5/B1N1P2Q/P1PP1PPP/1R3RK1 w k - 2 19",0.0
"4k2r/1pq1pp2/6p1/p2p3p/2r1n3/2P1PQP1/PBP2P1P/1R3RK1 w k - 3 23",0.0
"4k2r/4pp2/2q3p1/pp1p3p/2rRn3/2P1PQP1/PBP2P1P/1R4K1 w k - 0 25",0.0
"5rk1/4pp2/2q3p1/pp1p3p/3PnQ2/2P3P1/PBP2P1P/1R4K1 w - - 1 27",0.0
"5rk1/4pp2/6p1/pp1p3p/3PnQ2/P1P3P1/qBP2P1P/4R1K1 w - - 1 29",0.0
"5rk1/5p2/4p1p1/pp1p3p/2qPnQ2/P1P3P1/1BP2P1P/4R1K1 w - - 0 31",0.0
"5rk1/5p2/4p1p1/1p1p3p/p2PnQ2/P1P3P1/q1P2P1P/BR4K1 w - - 2 33",0.0
"1r4k1/5p2/4p1p1/1p1p3p/pR1P4/P1P3P1/q1Pn1P1P/B1Q3K1 w - - 6 35",0.0
"1r4k1/5p2/2n3p1/1p1p3p/pR6/P1P2PP1/qBP3KP/2Q5 w - - 2 39",0.0
"4r1k1/8/2n3p1/1p1p1p1p/p6R/P1P2PP1/qBP4P/2Q3K1 w - - 0 41",0.0
"8/8/4k3/1p1p4/p4R2/P1P2nK1/2q4P/2B5 w - - 2 51",0.0
"8/8/4k3/1p1p4/p2Bn1R1/q1P4K/7P/8 w - - 0 55",0.0
"8/8/8/3p1k2/pp1Bn3/q1P4K/7P/6R1 w - - 0 57",0.0
"8/8/8/3p1k2/p2Bn3/2p5/1q5P/6RK w - - 0 59",0.0
"8/8/4k3/3p4/3Bn3/p1p5/1q5P/5RK1 w - - 0 61",0.0
"8/8/4k3/3p4/3Bn3/2p4P/p7/1q3R1K w - - 1 63",0.0
"8/8/4k3/3p3P/3B4/2n4K/2q5/q7 w - - 0 69",0.0
"r1b1kb1r/p1ppqppp/2p2n2/6N1/4p3/2N1P3/PPPP1PPP/R1BQK2R w KQkq - 0 7",0.0
"r3kb1r/p1ppqpp1/b1p2n1p/8/4p3/2N1P2N/PPPP1PPP/R1BQ1RK1 w kq - 2 9",0.0
"2kr1b1r/p1pp1p2/b1p2n1p/4q1p1/P7/3PP2N/1P2NPPP/R1BQ1RK1 w - - 2 13",0.0
"2kr1b1r/p1pp1p2/b1p4p/6q1/P4N2/3PP3/1P4PP/R1BQ1RK1 w - - 2 17",0.0
"2kr1bqr/p1pp4/b1p4p/5p2/P4N2/1Q1PP3/1P1B2PP/R4RK1 w - - 2 19",0.0
"2kr2qr/Qbpp4/7p/P1p2p2/5b2/3PP3/1P1B2PP/R4RK1 w - - 0 23",0.0
"2kr2qr/Q1pp4/P1b4p/2p1bp2/8/3PP3/1P1B1RPP/R5K1 w - - 1 25",0.0
"2kr3r/Q1pp4/P1b4p/2pq1p2/8/2PPP3/5RPP/R5K1 w - - 1 27",0.0
"r1bq1rk1/1ppp1ppp/2nb1n2/pB2p1N1/8/2N1P3/PPPP1PPP/R1BQ1RK1 w - - 0 7",0.5
"r1b2rk1/1pppqppp/2n2n2/p1b1p1N1/2B5/2N1PQ2/PPPP1PPP/R1B2RK1 w - - 4 9",0.5
"r1b2r2/1pp1qp1k/5p2/p1bBp3/1n6/4PQ2/PPPP1PPP/R1B2RK1 w - - 1 13",0.5
"r4rk1/1pp1qp2/8/p1b1p3/1n6/4P2Q/PPPP1PPP/R1B2RK1 w - - 3 17",0.5
"r4rk1/1pp1qp2/8/p1b1p3/1n6/4P2Q/PPPP1PPP/R1B2RK1 w - - 7 19",0.5
"r4rk1/1pp1qp2/8/p1b1p3/1n6/4P2Q/PPPP1PPP/R1B2RK1 w - - 11 21",0.5
"r4rk1/1pp1qp2/8/p1b1p3/1n6/4P2Q/PPPP1PPP/R1B2RK1 w - - 15 23",0.5
"r4rk1/1pp1qp2/8/p1b1p3/1n6/4P2Q/PPPP1PPP/R1B2RK1 w - - 19 25",0.5
"r4rk1/1pp1qp2/8/p1b1p3/1n6/4P2Q/PPPP1PPP/R1B2RK1 w - - 23 27",0.5
"r4rk1/1pp1qp2/8/p1b1p3/1n6/4P2Q/PPPP1PPP/R1B2RK1 w - - 27 29",0.5
"r4rk1/1pp1qp2/8/p1b1p3/1n6/4P2Q/PPPP1PPP/R1B2RK1 w - - 31 31",0.5
"r4rk1/1pp1qp2/8/p1b1p3/1n6/4P2Q/PPPP1PPP/R1B2RK1 w - - 35 33",0.5
"r4rk1/1pp1qp2/8/p1b1p3/1n6/4P2Q/PPPP1PPP/R1B2RK1 w - - 39 35",0.5
"r4rk1/1pp1qp2/8/p1b1p3/1n6/4P2Q/PPPP1PPP/R1B2RK1 w - - 43 37",0.5
"r4rk1/1pp1qp2/8/p1b1p3/1n6/4P2Q/PPPP1PPP/R1B2RK1 w - - 47 39",0.5
"r4rk1/1pp1qp2/8/p1b1p3/1n6/4P2Q/PPPP1PPP/R1B2RK1 w - - 51 41",0.5
"r4rk1/1pp1qp2/8/p1b1p3/1n6/4P2Q/PPPP1PPP/R1B2RK1 w - - 55 43",0.5
"r4rk1/1pp1qp2/8/p1b1p3/1n6/4P2Q/PPPP1PPP/R1B2RK1 w - - 59 45",0.5
"r4rk1/1pp1qp2/8/p1b1p3/1n6/4P2Q/PPPP1PPP/R1B2RK1 w - - 63 47",0.5
"r4rk1/1pp1qp2/8/p1b1p3/1n6/4P2Q/PPPP1PPP/R1B2RK1 w - - 67 49",0.5
"r4rk1/1pp1qp2/8/p1b1p3/1n6/4P2Q/PPPP1PPP/R1B2RK1 w - - 71 51",0.5
"r4rk1/1pp1qp2/8/p1b1p3/1n6/4P2Q/PPPP1PPP/R1B2RK1 w - - 75 53",0.5
"r4rk1/1pp1qp2/8/p1b1p3/1n6/4P2Q/PPPP1PPP/R1B2RK1 w - - 79 55",0.5
"r4rk1/1pp1qp2/8/p1b1p3/1n6/4P2Q/PPPP1PPP/R1B2RK1 w - - 83 57",0.5
"r4rk1/1pp1qp2/8/p1b1p3/1n6/4P2Q/PPPP1PPP/R1B2RK1 w - - 87 59",0.5
"r4rk1/1pp1qp2/8/p1b1p3/1n6/4P2Q/PPPP1PPP/R1B2RK1 w - - 91 61",0.5
"r4rk1/1pp1qp2/8/p1b1p3/1n6/4P2Q/PPPP1PPP/R1B2RK1 w - - 95 63",0.5
"r1bqkbr1/1ppppp2/p1n2np1/7p/1P5P/P1N2N2/1BPPPPP1/R2QKB1R w KQq - 2 7",1.0
"r1bqk1r1/1pppppb1/p1n3p1/6Np/1P4nP/P1N4R/1BPPPPP1/R2QKB2 w Qq - 6 9",1.0
"r1bq2r1/1ppppk2/p1n2bp1/7p/1P4nP/P1N2R2/1BPPPPP1/R2QKB2 w Q - 0 11",1.0
"r1bqr1k1/1pppp3/p1n2bp1/3N3p/1PP3nP/P4R2/1B1PPPP1/R2QKB2 w Q - 1 13",1.0
"r1bqr1k1/1ppp4/p4p2/4n1pp/1PP4P/P5R1/2QPPPP1/R3KB2 w Q - 0 17",1.0
"r1bqr1k1/1pp5/p4p2/4p1pp/1PP4P/P5R1/2QPP1P1/R3KB2 w Q - 0 19",1.0
"r1b2k2/1pp5/p4PQ1/4p3/1PP5/P5p1/4P1P1/R2K1B2 w - - 0 25",1.0
"r1bqkb1r/2pppp2/1pn2np1/p6p/P7/2N2NPB/1PPPPP1P/R1BQ1RK1 w kq - 0 7",1.0
"r2qkb1r/2pppp2/bpn3p1/p5Bp/P2P2n1/2N2NPB/1PP1PP1P/R2Q1RK1 w kq - 3 9",1.0
"r2qkb1r/2pppp2/bp4p1/p2Pn1Bp/P7/2N3PB/1PP1PP1P/R2Q1RK1 w kq - 0 11",1.0
"r2qk2r/2ppppb1/bp4p1/p2P2Bp/P1n2Q2/2N3PB/1PP1PP1P/R4RK1 w kq - 4 13",1.0
"r2qk2r/2ppppb1/1p1n2p1/pP1P2Bp/5Q2/6PB/1PP1PP1P/R4RK1 w kq - 1 15",1.0
"r2qk2r/2ppp1b1/1p3pp1/pn1P2Bp/4PQ2/2P3PB/1P3P1P/R4RK1 w kq - 0 17",1.0
"r2q1k1r/2ppp3/1p3bQ1/pn1P3p/4P3/2P3PB/1P3P1P/R4RK1 w - - 3 21",1.0
"r2q1k1r/2ppp3/1p1n1b2/p2P4/4PQ1p/2P3PB/1P3P1P/R4RK1 w - - 0 23",1.0
"r2q1k1r/2pppn2/1p3b2/3P4/p3PQPp/2P4B/1P3P1P/R2R2K1 w - - 0 25",1.0
"r2qk2r/2pppn2/1p6/3PbQ2/p3P1Pp/2P5/1P3P1P/R2R1BK1 w - - 4 27",1.0
"r2qk2r/2pppn2/1p6/1B1P1Q2/4P1Pp/P1b5/5P1P/R2R2K1 w - - 0 29",1.0
"r2qk2r/2pppn2/1p6/1B1P3Q/4P1Pp/P1b5/R4P1P/3R2K1 w - - 4 31",1.0
"r2qk2r/2pppn2/1p4Q1/1B1Pb1P1/4P3/P6p/R4P1P/3R2K1 w - - 1 33",1.0
"r2qk3/2pppn2/1p1b4/1B1P1QPr/4PP2/P6p/R6P/3R2K1 w - - 1 35",1.0
"r1q1k3/2pppn2/1p6/1BbP1QPr/P3PP2/7p/R6P/3R3K w - - 3 37",1.0
"r1q1k2r/2ppp3/1p1n2P1/1BbP4/P3PPQ1/7p/R6P/3R3K w - - 1 39",1.0
"r1q1k1r1/2ppp1P1/1p6/1nbP4/P3PPQ1/7p/4R2P/3R3K w - - 0 41",1.0
"8/2ppk1r1/1p6/1PbPP3/4P3/7p/4R2P/3R3K w - - 0 47",1.0
"8/2ppk1r1/1p6/1P1Pb3/4P3/7p/4R2P/2R4K w - - 0 49",1.0
"8/2ppk3/1p6/1P1Pb3/2R1Pr2/7p/R6P/7K w - - 4 51",1.0
"8/2ppk3/1p6/1P1Pb3/2R1Pr2/7p/R6P/7K w - - 8 53",1.0
"8/2ppk3/1p6/1P1Pb3/R3P3/4r2p/R6P/6K1 w - - 12 55",1.0
"8/2ppk3/1p6/1P1P4/2R1Pb2/7p/7P/5K2 w - - 4 59",1.0
"8/2ppk3/1p6/1P1Pb3/4P3/7R/8/5K2 w - - 1 61",1.0
"8/2pp3R/1p6/1PkPb3/4P3/8/4K3/8 w - - 5 63",1.0
"8/2pp3R/1p1k4/1P1P4/2K1P3/8/1b6/8 w - - 9 65",1.0
"8/6b1/1pk5/5R2/2K1P3/8/8/8 w - - 2 69",1.0
"8/8/1pk5/1Rb5/2K1P3/8/8/8 w - - 6 71",1.0
"8/4k3/1p6/1RbKP3/8/8/8/8 w - - 3 73",1.0
"8/8/1p2Pk2/3K4/8/4b3/1R6/8 w - - 3 75",1.0
"8/8/1p2Pk2/3K4/1b6/6R1/8/8 w - - 7 77",1.0
"8/8/1p2P3/2bK2k1/8/5R2/8/8 w - - 11 79",1.0
"8/5R2/1pK1P1k1/8/3b4/8/8/8 w - - 15 81",1.0
"8/1R6/1pK1Pk2/2b5/8/8/8/8 w - - 19 83",1.0
"8/1R6/1p2Pk2/2b5/4K3/8/8/8 w - - 23 85",1.0
"8/1R6/1p2Pk2/2b5/4K3/8/8/8 w - - 27 87",1.0
"8/1R6/1p2Pk2/2b5/4K3/8/8/8 w - - 31 89",1.0
"8/1R6/1p2Pk2/2b5/4K3/8/8/8 w - - 35 91",1.0
"8/5R2/1p2P1k1/3K4/8/4b3/8/8 w - - 39 93",1.0
"8/4P2k/1p6/2bK4/8/8/8/8 w - - 1 95",1.0
"5k2/8/1p2Q3/2bK4/8/8/8/8 w - - 3 97",1.0
"8/7k/1p2Q3/2b5/5K2/8/8/8 w - - 7 99",1.0
"8/8/1p4k1/2b1Q3/6K1/8/8/8 w - - 11 101",1.0
"8/6k1/1p2Q3/2b5/5K2/8/8/8 w - - 15 103",1.0
"8/6k1/1p6/2b5/4Q1K1/8/8/8 w - - 19 105",1.0
"8/6k1/1p6/2b5/4Q1K1/8/8/8 w - - 23 107",1.0
"8/5Q2/1p5k/8/6K1/8/8/6b1 w - - 27 109",1.0
"r1bqkb1r/1pp1ppp1/2n5/p2n3p/7P/2N2N2/PPQPPPP1/R1B1KB1R w KQkq - 0 7",1.0
"r1bqkb1r/1pp1ppp1/2n1n3/p6p/4N2P/5NP1/PPQPPP2/R1B1KB1R w KQkq - 1 9",1.0
"r1bqk2r/1pp1ppb1/2n1n1p1/p6p/P3N2P/1Q3NP1/1P1PPP2/R1B1KB1R w KQkq - 1 11",1.0
"r1bq1rk1/1pp1ppb1/4n1p1/p5Np/P1QnN2P/6P1/1P1PPP2/R1B1KB1R w KQ - 5 13",1.0
"r2q1rk1/2p1ppb1/1p2n1p1/pQ5p/P6P/4P1P1/1P1P1P2/R1B1KB1R w KQ - 0 17",1.0
"3q1rk1/r3ppb1/1p2n1p1/pQp4p/P6P/4P1P1/1P1P1PB1/R1B2RK1 w - - 0 19",1.0
"3q1rk1/4ppb1/1p1rn1p1/p1p4p/P1Q1B2P/4P1P1/1P1P1P2/R1B2RK1 w - - 4 21",1.0
"5rk1/2q1p1b1/1p1rn1p1/pQp2p1p/P3B2P/3PP1P1/1P3P2/R1B2RK1 w - - 0 23",1.0
"5rk1/3rp1b1/1p2n1p1/p1p2p1p/P6P/3PPBP1/1P3P2/R1B2RK1 w - - 0 25",1.0
"1r4k1/3rp3/1p2n1p1/p1p1bp1p/P6P/1R1PPBP1/1P3P2/2B2RK1 w - - 4 27",1.0
"1r4k1/3rp3/1p2n1p1/p1p1bp1p/P6P/1R1PPBP1/1P3P2/2B2RK1 w - - 8 29",1.0
"1r4k1/3rp3/1p4p1/pRn1bp1p/P1p4P/3PPBP1/1P1B1P2/5RK1 w - - 2 31",1.0
"1r4k1/3rp3/1p3bp1/pR3p1p/P1pP3P/1nB1PBP1/1P3P2/5RK1 w - - 3 33",1.0
"1r4k1/8/1p2pbp1/p2R1p1p/P1pP3P/1nB1P1P1/1P3P2/5RK1 w - - 0 35",1.0
"1r6/5k2/2R1pbp1/pp3p1p/P1pP3P/1nB1P1P1/1P3P2/5RK1 w - - 0 37",1.0
"8/2R1bk2/4p1p1/pr3p1p/2pP3P/1nB1P1P1/1P3P2/5RK1 w - - 0 39",1.0
"1r6/5k2/3bp1p1/p4p1p/2RP1P1P/1nB1P1P1/1P6/5RK1 w - - 1 41",1.0
"8/5k2/2Rbp1p1/p2r1p1p/3P1P1P/1nB1P1P1/1P6/3R2K1 w - - 5 43",1.0
"8/4bk2/4p1p1/p2r1p1p/2RP1P1P/1n2P1P1/1P6/3RB1K1 w - - 9 45",1.0
"8/2R1bk2/3rp1p1/p4p1p/3P1P1P/1nB1P1P1/1P6/3R2K1 w - - 13 47",1.0
"8/R3bk2/4p1p1/pr3p1p/3P1P1P/1nB1P1P1/1P6/4R1K1 w - - 17 49",1.0
"1r6/R3bk2/4p1p1/p6p/3PRP1P/1nB3P1/1P6/6K1 w - - 1 51",1.0
"1r6/R3bk2/4p1p1/p6p/3PRP1P/1nB3P1/1P6/6K1 w - - 5 53",1.0
"1r6/R3bk2/4p1p1/p6p/3PRP1P/1nB3P1/1P6/6K1 w - - 9 55",1.0
"5k2/R7/6R1/p6p/3n1P1P/6P1/1r6/6K1 w - - 2 61",1.0
"4k3/R7/5R2/p2n1P1p/7P/5KP1/1r6/8 w - - 5 65",1.0
"8/4k3/5n2/R4P1p/7P/5KP1/8/8 w - - 3 71",1.0
"8/4k3/R4n2/5P1p/5K1P/6P1/8/8 w - - 7 73",1.0
"3k4/3n1R2/8/5P1p/5K1P/6P1/8/8 w - - 11 75",1.0
"5k2/6R1/6K1/5P2/4n2P/6P1/8/8 w - - 3 79",1.0
"5k2/6R1/5PK1/1n6/6PP/8/8/8 w - - 1 81",1.0
"6R1/4kP2/3n2K1/8/6PP/8/8/8 w - - 3 83",1.0
"5QR1/8/3n2K1/4k2P/6P1/8/8/8 w - - 1 85",1.0
"5QR1/7P/3nk1K1/8/6P1/8/8/8 w - - 1 87",1.0
"r1bq1rk1/ppp1pp1p/2n2npb/P2p4/7P/2N2NP1/1PPPPP2/R1BQKB1R w KQ - 0 7",0.0
"r4rk1/ppp1pp1p/2n3pb/PN1p1qN1/4n2P/6P1/1PPPPP2/R1BQK2R w KQ - 2 11",0.0
"2r2rk1/p1p1pp1p/Ppn3pb/1N1p1q2/4n2P/5NP1/1PPPPP2/R1BQK2R w KQ - 0 13",0.0
"2r2rk1/N1p1pp1p/Pp4pb/3p1q2/1n5P/5Nn1/2PPPP2/R1BQK2R w KQ - 0 15",0.0
"5r1k/2p1Np1p/1p4pb/3p4/qn5P/B5R1/2PPPP2/3QK3 w - - 2 21",0.0
"5r1k/2p2p1p/np4pb/3N4/7q/BR6/2PPPP2/3QK3 w - - 0 23",0.0
"5r1k/2p4p/1p4p1/3R4/8/4P3/2P1Pn2/4K3 w - - 2 31",0.0
"7k/1R5p/1p3rp1/2p5/8/4P3/2P1Pn2/4K3 w - - 2 33",0.0
"8/1R5p/1p3rpk/2p5/8/4P3/2P1Pn2/4K3 w - - 6 35",0.0
"8/4R2p/1p3r1k/2p5/4P1p1/8/2P1Pn2/4K3 w - - 0 37",0.0
"8/7p/1R2P3/2p1r1k1/4n1p1/8/2P1P3/4K3 w - - 1 41",0.0
"8/1R6/4P3/2p1r1kp/4n3/4P1p1/2P5/4K3 w - - 0 43",0.0
"8/6R1/4r2k/2p4p/2P1n3/4P1p1/8/4K3 w - - 2 45",0.0
"1R6/7k/4r3/2p4p/2P1n3/4P3/6p1/4K3 w - - 0 47",0.0
"8/1R6/4r1k1/2p4p/2P1n3/4P3/4K3/6q1 w - - 0 49",0.0
"8/6k1/5r2/2p4p/2P1n3/4P3/4K3/6q1 w - - 0 51",0.0
"r1bqkb1r/1pp1ppp1/2n5/p2n3p/8/2N2NP1/PPQPPP1P/R1B1KB1R w KQkq - 0 7",0.5
"r1b1kb1r/1pp1ppp1/2n2n2/p1Nq3p/8/5NP1/PPQPPP1P/R1B1KB1R w KQkq - 4 9",0.5
"r1b1kb1r/2p1ppp1/1pnq1n2/p1N4p/2Q1P3/5NP1/PP1P1P1P/R1B1KB1R w KQkq - 0 11",0.5
"r1b1kb1r/2p1ppp1/2nq4/pQ5p/4n3/3N1NP1/PP1P1P1P/R1B1KB1R w KQkq - 0 13",0.5
"2b1kb1r/2p1ppp1/r1q5/pQ5p/4n3/3N2P1/PP1P1P1P/R1B1KB1R w KQk - 0 15",0.5
"2b1kb1r/4ppp1/2N5/p6p/8/6P1/PP1P1n1P/R1B1K2R w KQk - 0 19",0.5
"4kb1r/1b2ppp1/2N5/p6p/8/6Pn/PP1P2KP/R1B2R2 w k - 4 21",0.5
"4kb1r/4ppp1/8/pb5p/3P4/6PK/PP5P/R1B2R2 w k - 1 23",0.5
"4kb1r/4ppp1/4b3/p7/3P3P/8/PP3RKP/R1B5 w k - 1 27",0.5
"4kb1r/4pp2/4b1p1/8/p2P3P/6KP/PP3R2/R1B5 w k - 0 29",0.5
"4kb1r/4p3/6p1/3b1p2/p2P1B1P/6KP/PP3R2/2R5 w k - 0 31",0.5
"5b2/4pk2/6p1/3bBp1r/p2P3P/P5KP/1P3R2/2R5 w - - 1 33",0.5
"8/4pk2/6pb/4Bp1r/p2Pb2P/P5KP/1PR5/4R3 w - - 5 35",0.5
"8/5k2/4p1pb/4Bp1r/p2P3P/P2b2KP/1P3R2/4R3 w - - 0 37",0.5
"8/5k2/3Bpbp1/5p1r/p2P3P/P2b1RKP/1P6/4R3 w - - 4 39",0.5
"1r6/5k2/4p1p1/4Pp2/p2Rb2P/P5KP/1P6/4R3 w - - 3 43",0.5
"8/5k2/4p1p1/4P3/R4K1P/P6P/1r6/8 w - - 0 49",0.5
"4k3/R7/4p1p1/4P1K1/7P/Pr5P/8/8 w - - 4 51",0.5
"3k4/R7/4K1p1/4P3/7P/P6r/8/8 w - - 1 53",0.5
"4k3/R7/4P1K1/8/P7/8/8/5r2 w - - 1 57",0.5
"r1bq1rk1/p1pp1ppp/1pnbpn2/8/2P3P1/4NN2/PP1PPP1P/R1BQKB1R w KQ - 1 7",0.5
"r2q1rk1/pbpp1ppp/1p1bpn2/8/1nP3P1/2Q1NN2/PP1PPP1P/R1B1KB1R w KQ - 5 9",0.5
"r2q1rk1/pb1p1ppp/1p1bp3/2p5/1nP1n1P1/1Q2NN2/PP1PPPBP/R1B1K2R w KQ - 0 11",0.5
"r2q1rk1/pb1p1ppp/1p1bp3/2p3Pn/1nP5/1Q1PNN2/PP2PPBP/R1B1K2R w KQ - 1 13",0.5
"r2q1rk1/pb1p1ppp/np1bp3/2p3P1/2P2n2/PQ1PNN1P/1P2PPB1/R1B1K2R w KQ - 1 15",0.5
"r2q2k1/pb1p2pp/np1bpr2/2p5/2P2n2/P1QPNN1P/1P2PPB1/R1B1K2R w KQ - 0 17",0.5
"r3q1k1/pb1p2pp/np1bpr2/2p5/2P5/P1QPN2P/1P2PPN1/R1B1K2R w KQ - 1 19",0.5
"r3q1k1/pb1p2pp/np1bpr2/2p5/2P5/P1QPN2P/1P2PPN1/R1B1K2R w Q - 5 21",0.5
"r3q1k1/pb1p2pp/np1bpr2/2p5/2P5/P1QPN2P/1P2PPN1/R1B1K2R w Q - 9 23",0.5
"r3q1k1/pb1p2pp/np1bpr2/2p5/2P5/P1QPN2P/1P2PPN1/R1B1K2R w Q - 13 25",0.5
"r3q1k1/pb1p2pp/np1bpr2/2p5/2P5/P1QPN2P/1P2PPN1/R1B1K2R w Q - 17 27",0.5
"r3q1k1/pb1p2pp/np1bpr2/2p5/2P5/P1QPN2P/1P2PPN1/R1B1K2R w Q - 21 29",0.5
"r3q1k1/pb1p2pp/np1bpr2/2p5/2P5/P1QPN2P/1P2PPN1/R1B1K2R w Q - 25 31",0.5
"r3q1k1/pb1p2pp/np1bpr2/2p5/2P5/P1QPN2P/1P2PPN1/R1B1K2R w Q - 29 33",0.5
"r3q1k1/pb1p2pp/np1bpr2/2p5/2P5/P1QPN2P/1P2PPN1/R1B1K2R w Q - 33 35",0.5
"r3q1k1/pb1p2pp/np1bpr2/2p5/2P5/P1QPN2P/1P2PPN1/R1B1K2R w Q - 37 37",0.5
"r3q1k1/pb1p2pp/np1bpr2/2p5/2P5/P1QPN2P/1P2PPN1/R1B1K2R w Q - 41 39",0.5
"r3q1k1/pb1p2pp/np1bpr2/2p5/2P5/P1QPN2P/1P2PPN1/R1B1K2R w Q - 45 41",0.5
"r3q1k1/pb1p2pp/np1bpr2/2p5/2P5/P1QPN2P/1P2PPN1/R1B1K2R w Q - 49 43",0.5
"r3q1k1/pb1p2pp/np1bpr2/2p5/2P5/P1QPN2P/1P2PPN1/R1B1K2R w Q - 53 45",0.5
"r3q1k1/pb1p2pp/np1bpr2/2p5/2P5/P1QPN2P/1P2PPN1/R1B1K2R w Q - 57 47",0.5
"r3q1k1/pb1p2pp/np1bpr2/2p5/2P5/P1QPN2P/1P2PPN1/R1B1K2R w Q - 61 49",0.5
"r3q1k1/pb1p2pp/np1bpr2/2p5/2P5/P1QPN2P/1P2PPN1/R1B1K2R w Q - 65 51",0.5
"r3q1k1/pb1p2pp/np1bpr2/2p5/2P5/P1QPN2P/1P2PPN1/R1B1K2R w Q - 69 53",0.5
"r3q1k1/pb1p2pp/np1bpr2/2p5/2P5/P1QPN2P/1P2PPN1/R1B1K2R w Q - 73 55",0.5
"r3q1k1/pb1p2pp/np1bpr2/2p5/2P5/P1QPN2P/1P2PPN1/R1B1K2R w Q - 77 57",0.5
"r3q1k1/pb1p2pp/np1bpr2/2p5/2P5/P1QPN2P/1P2PPN1/R1B1K2R w Q - 81 59",0.5
"r3q1k1/pb1p2pp/np1bpr2/2p5/2P5/P1QPN2P/1P2PPN1/R1B1K2R w Q - 85 61",0.5
"r3q1k1/pb1p2pp/np1bpr2/2p5/2P5/P1QPN2P/1P2PPN1/R1B1K2R w Q - 89 63",0.5
"r3q1k1/pb1p2pp/np1bpr2/2p5/2P5/P1QPN2P/1P2PPN1/R1B1K2R w Q - 93 65",0.5
"r3q1k1/pb1p2pp/np1bpr2/2p5/2P5/P1QPN2P/1P2PPN1/R1B1K2R w Q - 97 67",0.5
"r1bqk2r/p1pp1ppp/1p1bpn2/8/1nP4P/4N3/PPQPPPP1/R1B1KBNR w KQkq - 3 7",0.0
"r1bq1rk1/p1pp1ppp/1pnbpn2/8/2P4P/P3N3/1P1PPPP1/RQB1KBNR w KQ - 1 9",0.0
"r1bq1rk1/2pp1ppp/1pn1pn2/p6P/2P2b2/P3NN2/1P1PPPP1/RQB1KB1R w KQ - 1 11",0.0
"r1b2rk1/2p2ppp/1pn1pn2/p2q3P/2R5/P3QN2/1P1PPPP1/R1B1KB2 w Q - 1 15",0.0
"r4rk1/2pb1ppp/1pn1pn2/p6P/2R5/P2P1N2/1P1P1PP1/R1B1KB2 w Q - 1 17",0.0
"r4rk1/3b1ppp/1p2pn2/p1p4P/3R4/P2P4/1P1P1PP1/R1B1KB2 w Q - 0 19",0.0
"r4rk1/5ppp/1pb2n2/p1p1p2P/7R/P2P4/1P1PBPP1/R1B1K3 w Q - 2 21",0.0
"r4rk1/5pp1/1pb2n1p/2p1p2P/p6R/P2P4/1P1PBPP1/R1B3K1 w - - 0 23",0.0
"r3r1k1/5pp1/1pb2n1p/2p4P/p4R2/P2P4/1P1PB1P1/R1B3K1 w - - 1 25",0.0
"4r1k1/5pp1/1p3n1p/1bp4P/p7/P2P4/1P1P2P1/1RBB1K2 w - - 3 29",0.0
"4r1k1/5pp1/5n1p/1pp4P/p7/P2b4/1P1P1KP1/R1BB4 w - - 0 31",0.0
"6k1/5pp1/7p/1ppnr2P/p5P1/P2b1B2/1P1P1K2/R1B5 w - - 3 33",0.0
"6k1/5pp1/7p/1ppnr2P/p5P1/P2b1B2/1P1P2K1/R1B5 w - - 7 35",0.0
"6k1/5pp1/7p/1ppnr2P/p5P1/P2b1B2/1P1P2K1/R1B5 w - - 11 37",0.0
"6k1/6p1/7p/1ppn1r1P/p7/P2b1B2/1P1P4/R1B3K1 w - - 0 39",0.0
"6k1/6p1/2B2n1p/1pp4r/p7/P2b4/1P1P2K1/R1B5 w - - 0 41",0.0
"6k1/6p1/2B2n1p/1pp1r3/p7/P2b4/1P1P1K2/R1B5 w - - 4 43",0.0
"6k1/8/5n1p/1pp1r3/p5p1/P2b4/1P1P1K2/R1BB4 w - - 0 45",0.0
"6k1/8/7p/1pn5/p5K1/P2b4/3P4/R1Br4 w - - 0 49",0.0
"6k1/8/7p/1pn1B3/p5K1/P2b4/4r3/R7 w - - 2 51",0.0
"8/7k/4n2p/1p6/p4BK1/P2b4/4r3/2R5 w - - 6 53",0.0
"8/7k/3Bn2p/1p6/p3b2K/P7/3r4/2R5 w - - 10 55",0.0
"8/7k/7p/1p5K/p3b3/P7/7B/4n3 w - - 0 59",0.0
"8/7k/8/1p5p/p3b3/P1Bn2K1/8/8 w - - 4 63",0.0
"8/7k/8/1p6/p7/P6p/5Kb1/8 w - - 0 69",0.0
"8/8/8/1p3k2/p7/P6p/6bK/8 w - - 4 71",0.0
"8/8/8/1p6/p3k3/P6p/5K2/7b w - - 8 73",0.0
"8/8/8/8/5k2/7K/4q3/8 w - - 6 83",0.0
"r1bqkb1r/p1p1ppp1/1pn5/3n3p/7P/2N2N2/PPQPPPP1/R1B1KB1R w KQkq - 0 7",0.0
"r2qkb1r/p1p1ppp1/1pn5/5b1p/Qn2N2P/5N2/PP1PPPP1/R1B1KB1R w KQkq - 4 9",0.0
"r2qkb1r/p1p1ppp1/2n5/1p5p/Qn2P2P/5N2/PP2PPP1/R1B1KB1R w KQkq - 0 11",0.0
"r3kb1r/p1p1ppp1/8/1p5p/1n1qP2P/1Q6/PP2PPP1/R1B1KB1R w KQkq - 0 13",0.0
"r3kb1r/p1p1ppp1/2n5/1p5p/4q2P/PQ2B3/1P2PPP1/R3KB1R w KQkq - 0 15",0.0
"r3k2r/2p2pp1/8/p3n2p/Rb5P/4B3/1P2PKP1/5B1R w kq - 0 21",0.0
"r3k2r/2p3p1/8/p3p2p/Rb5P/8/1P2PKP1/5B1R w kq - 0 23",0.0
"2kr3r/6p1/2p5/p3p2p/Rb5P/4P3/1P4P1/5BKR w - - 2 25",0.0
"2k4r/6p1/2p5/p3p2p/RbB4P/4P3/1P1r2PK/7R w - - 6 27",0.0
"5r2/2k3p1/2p1B3/p3p2p/Rb5P/4P3/1P1r2PK/1R6 w - - 10 29",0.0
"8/2k3p1/2p5/p3p2p/RbB4P/4P2K/1P1r2r1/1R6 w - - 0 31",0.0
"8/2k5/2p5/p3p1Pp/RbB3r1/1P2PK2/7r/1R6 w - - 13 39",0.0
"r1b1kb1r/pp1ppppp/6q1/2p5/Q1PnN2P/8/PP1PPPP1/R1B1KB1R w KQkq - 1 9",0.0
"r1b1kb1r/1p1ppppp/1q6/p1p4P/Q1PnN3/5P2/PP1PP1P1/R1B1KB1R w KQkq - 1 11",0.0
"r1b1kbr1/1p1pp1pp/1q6/p1p2pPP/Q1PnN3/5P2/PP1PP3/R1B1KB1R w KQq f6 0 13",0.0
"r1b1kb2/1p1pp2p/1q3p2/p1p4P/Q1PnNPr1/8/PP1PP3/R1B1KB1R w KQq - 1 15",0.0
"r1b1kb2/1p1pp2p/1q6/p1p2p1P/Q1PnNP1r/3P3B/PP2P3/R1B1K2R w KQq - 2 17",0.0
"r1b1kb2/1p1pp2p/8/2p2p1P/1pPn1P1r/3P2NB/PP2P3/R1B1K2R w KQq - 0 19",0.0
"r1b1kb2/1p1pp2p/8/2p2p1P/P1P2P1r/1p1P2NB/1Pn1P3/R1BK3R w q - 1 21",0.0
"r1b1k3/1p1p3p/3bp3/2p2p1P/P1P2P1r/1p1P2NB/1PnBP3/1R1K3R w q - 2 23",0.0
"2b1k3/1p1p3p/3bp3/2p2p1P/2P2P1r/1p1PP1NB/rPnB4/1RK4R w - - 1 25",0.0
"2b1k3/1p1p3p/3bp3/5P1P/1pP3r1/1p1P2N1/rP6/1RK2B1R w - - 1 29",0.0
"2b1k3/1p1p3p/4P3/7P/1pP1N1r1/1p1P4/1r6/3K1B1R w - - 0 33",0.0
"2b5/1p2k2p/4p3/7P/1pP3N1/1p1P4/1r6/3K1B1R w - - 0 35",0.0
"2b5/1p2k2p/4p2P/8/1pP3N1/1p1P4/3K4/r4B1R w - - 3 37",0.0
"2bk4/1p5p/4p1NP/8/1pP5/3P4/1p1K4/r4B1R w - - 2 39",0.0
"3k4/1p5p/4b2P/8/1pP5/3P4/3K4/rq3B1R w - - 0 41",0.0
"3k4/1p5p/4b2P/8/1pPK4/3P4/8/7q w - - 0 45",0.0
"3k4/1p3K1p/7q/8/2P5/3P4/8/1q6 w - - 0 49",0.0
"r1b1kb1r/pp2pppp/2np1n2/q1pN1Q2/2P5/5N2/PP1PPPPP/R1B1KB1R w KQkq - 2 7",0.0
"r3kb1r/pp2pp2/2npbp1p/2p5/PqP2Q2/5N2/1P1PPPPP/R1B1KB1R w KQkq - 2 11",0.0
"r3kb1r/pp2pp2/3p1p1p/2p5/Pn3P1P/5N2/bP1PPP2/1RB1KB1R w Kkq - 3 15",0.0
"r2k1b1r/pp2pp2/3p1p1p/1Bp5/Pn2PP1P/5N2/1P1P1P2/1bB1K2R w K - 2 17",0.0
"r2k1br1/pp3p2/3p1p1p/2p4P/P4P2/3b1N2/1P1P1P2/2B1K2R w K - 1 21",0.0
"r4br1/ppk2p2/3p1p1p/2p4P/P3bP2/1P3N2/3P1P2/2BK3R w - - 3 23",0.0
"r4b2/ppk2p2/5p1p/2pp3P/P2P1P2/1P3R2/2K2P2/2B3r1 w - - 0 27",0.0
"r4b2/ppk2p2/5p1p/7P/P1pP1P2/4BR2/2K2P2/6r1 w - - 0 29",0.0
"r1k5/pp3p2/3b1p1p/3P1P1r/P1K5/4BR2/5P2/8 w - - 1 33",0.0
"r7/pp1k1p2/3b1p1p/3P1P2/P1KB3r/2R5/5P2/8 w - - 5 35",0.0
"2r5/pp1k1p2/5p1p/3P1P2/PK1b4/5P2/8/8 w - - 0 39",0.0
"2r5/p4p2/p2k1p1p/3P1P2/1K1b4/5P2/8/8 w - - 0 41",0.0
"8/p4p2/p4p1p/2rk1P2/K2b4/5P2/8/8 w - - 0 43",0.0
"r2qkb1r/2ppppp1/bpn2n1p/p6P/P7/1PN2N2/2PPPPP1/R1BQKB1R w KQkq - 0 7",1.0
"r2qkb1r/2ppppp1/bpn2n1p/p6P/P6R/BPN2N2/2PPPPP1/R2QKB2 w Qkq - 4 9",1.0
"r2qkb1r/1bppppp1/1p3n1p/p6P/Pn5R/BPN2NPB/2PPPP2/R2QK3 w Qkq - 3 11",1.0
"r1bqkb1r/2p1ppp1/1p1p1n1p/p6P/PnN4R/BPN3PB/2PPPP2/R2QK3 w Qkq - 2 13",1.0
"1rbqkb1r/2p1ppp1/1p1p1n1p/7P/PpN4R/1PN3P1/2PPPPB1/R2QK3 w Qk - 0 15",1.0
"1rbqkb1r/4ppp1/1p1p3p/2pB3P/PpN4R/1P4P1/2PPPP2/R2QK3 w Qk - 0 17",1.0
"1r1qkb1r/3b1pp1/1pBpp2p/2p4P/PpN2R2/1P4P1/2PPPP2/R2QK3 w Qk - 2 19",1.0
"1r2k2r/3qbpp1/1p1pp2p/2p4P/PpN2R2/1P4P1/2PPPP2/R2QK3 w Qk - 0 21",1.0
"1r2k2r/3q1pp1/3ppb1p/N1p4P/1p3R2/1P4P1/2PPPP2/R2QK3 w Qk - 1 23",1.0
"r3k2r/3q1pp1/3p1b1p/N1p1p2P/Rp3R2/1P4P1/2PPPP2/3QK3 w k - 0 25",1.0
"5rk1/1N2bpp1/3p3p/2p1p2q/Pp6/3PPRP1/2P1KP2/3Q4 w - - 1 31",1.0
"5rk1/1N2b1p1/3p3p/P1p2p1q/1p2p3/3PPRP1/2P1KP2/1Q6 w - - 0 33",1.0
"5r2/4b2k/3N2pp/P1pQ1p2/1p6/3Pq1P1/2K5/8 w - - 0 41",1.0
"5r2/1N2b2k/6pp/P1pQ1p2/1p6/1K1P4/5q2/8 w - - 2 43",1.0
"5r2/1N5k/P4bpp/2p5/1p2Qp2/1K1P4/5q2/8 w - - 2 45",1.0
"1r6/1N5k/P4bpp/1Kp5/1p2Qp2/3P4/5q2/8 w - - 6 47",1.0
"4r3/1NQ1b2k/P5pp/1Kp5/1p3p2/3P4/5q2/8 w - - 10 49",1.0
"4Q3/1N2b2k/PK4pp/2p5/1p3p2/4q3/8/8 w - - 4 53",1.0
"4Q3/1N2b2k/P6p/1K6/1pp5/4qp2/8/8 w - - 2 57",1.0
"6k1/PN2b3/7p/8/Kpp5/5p2/8/8 w - - 0 61",1.0
"4Q3/1N4k1/5b1p/8/Kpp5/5p2/8/8 w - - 3 63",1.0
"Q7/6k1/8/7p/K2b4/8/1N6/8 w - - 0 69",1.0
"8/1Q6/7k/7p/K7/8/1b6/8 w - - 2 71",1.0
"8/8/8/7p/K4k2/8/1b4Q1/8 w - - 6 73",1.0
"8/8/8/7p/K4k2/8/1b4Q1/8 w - - 10 75",1.0
"8/8/8/7p/K4k2/8/1b4Q1/8 w - - 14 77",1.0
"8/8/8/7p/K4k2/8/1b4Q1/8 w - - 18 79",1.0
"8/8/8/7p/K4k2/8/1b4Q1/8 w - - 22 81",1.0
"8/8/8/7p/K7/6k1/1b2Q3/8 w - - 26 83",1.0
"8/8/8/7p/K7/6k1/1b2Q3/8 w - - 30 85",1.0
"8/8/8/7p/K5k1/8/1b3Q2/8 w - - 34 87",1.0
"8/8/8/7p/K6k/4Q3/1b6/8 w - - 38 89",1.0
"8/8/8/7p/K7/6k1/1b2Q3/8 w - - 42 91",1.0
"8/8/8/6kp/K7/8/1b2Q3/8 w - - 46 93",1.0
"8/8/8/7p/K5k1/8/1b3Q2/8 w - - 50 95",1.0
"8/8/8/7p/K4k2/8/1b4Q1/8 w - - 54 97",1.0
"8/8/8/8/K5kp/8/1Q6/8 w - - 0 99",1.0
"8/8/8/1K3k2/7p/8/6Q1/8 w - - 4 101",1.0
"8/8/8/2K2k2/7Q/8/8/8 w - - 3 105",1.0
"8/8/8/3K2k1/4Q3/8/8/8 w - - 7 107",1.0
"8/8/8/4Q3/4K3/7k/8/8 w - - 11 109",1.0
"8/8/8/4Q3/4K3/7k/8/8 w - - 15 111",1.0
"8/8/8/Q7/8/5K1k/8/8 w - - 19 113",1.0
"r1bqkb1r/pnppppp1/1p3n2/3P3p/1P1Q4/2N2N2/P1P1PPPP/R1B1KB1R w KQkq - 1 7",0.0
"r2qkb1r/pbppppp1/1p1n1n2/3P3p/PP1Q4/2N1BN2/2P1PPPP/R3KB1R w KQkq - 1 9",0.0
"2rqkb1r/pbpppp2/1p3n2/3PN1pp/PPQ5/2N1P3/2P1P1PP/2KR1B1R w k - 0 13",0.0
"2rqk2r/pbpp4/1p2pn2/1P2N1p1/P1Q4p/b1N1P2P/2P1P1P1/1K1R1B1R w k - 0 17",0.0
"2rqk3/p2p4/1pb1pn1r/4N1p1/P6p/Q3P2P/2P1P1P1/1K1R1B1R w - - 0 21",0.0
"2r1k3/p1qp4/1p2pn1r/3b2p1/P6p/Q3PN1P/2P1P1P1/2KR1B1R w - - 4 23",0.0
"4k3/p2p4/1p2pn1r/3r2N1/b6p/4P2P/4PKP1/5B1R w - - 2 31",0.0
"4k3/3p4/4pn1r/pp1r4/b6p/4PN1P/4P1P1/5BKR w - - 0 33",0.0
"4k3/3p4/4p3/p2r4/b3n2r/1p5P/4P1P1/5BKR w - - 0 37",0.0
"4k3/3p4/4p3/p7/b3n2r/3rP2P/1p4P1/6KR w - - 0 39",0.0
"4k3/3p4/4p3/p7/4n2r/3rP2P/6P1/1q1b2KR w - - 0 41",0.0
"1q2k3/3p4/4p3/p7/4n2r/3rP2P/4b1P1/6KR w - - 4 43",0.0
"r1bqkb1r/pp1ppp2/2n2p2/7p/3Q1B2/5N2/PPP1PPPP/R3KB1R w KQkq - 0 9",1.0
"r1b1kb1r/pp1ppp2/2n2p2/2q4p/5B2/1Q3N2/PPP1PPPP/R3KB1R w KQkq - 4 11",1.0
"r1b1k3/pp1ppp2/1qn2p1r/7p/P7/1Q3NP1/1PP1P2P/2KR1B1R w q - 1 15",1.0
"r1b1k3/pp2pp2/1qnp3r/5p1p/P3P3/Q4NP1/1PP4P/2KR1B1R w q - 0 17",1.0
"r3k3/pp2pp2/1qnpb2r/7p/P3Q3/5NP1/1PP4P/2KR1B1R w q - 1 19",1.0
"r3k3/pp2p3/3p3r/5p1p/Pn2N3/6P1/1PP4P/2KR3R w q - 0 25",1.0
"2kr4/pp2p3/3p3r/P4p2/1n5p/2N3P1/1PP4P/2KR3R w - - 1 27",1.0
"2kr4/1p6/p1np3r/PN1Rpp2/8/6P1/1PP5/2K1R3 w - - 0 31",1.0
"2kr4/1p6/p1np3r/P2Rpp2/8/2N3P1/1PP5/2KR4 w - - 4 33",1.0
"1k4r1/1p6/pNnp3r/P2Rpp2/8/6P1/1PP5/2KR4 w - - 8 35",1.0
"1k6/1p6/p2N3r/P2Rpp2/3n4/6r1/1PP5/2KR4 w - - 0 37",1.0
"8/1pk5/p7/P7/2P5/4p3/1P6/3K4 w - - 1 45",1.0
"8/1p6/p1k5/P7/1PPK4/8/8/8 w - - 3 49",1.0
"8/8/p1k5/P1P5/3K4/8/8/8 w - - 1 53",1.0
"8/2k5/p7/P1PK4/8/8/8/8 w - - 5 55",1.0
"3k4/8/p1P5/P7/3K4/8/8/8 w - - 3 57",1.0
"8/2k5/p1P5/P2K4/8/8/8/8 w - - 7 59",1.0
"2k5/8/2P5/PK6/8/8/8/8 w - - 3 63",1.0
"2k5/2P5/1K6/P7/8/8/8/8 w - - 1 65",1.0
"8/P1P5/1K2k3/8/8/8/8/8 w - - 1 67",1.0
"7Q/2P5/1K6/5k2/8/8/8/8 w - - 3 69",1.0
"2Q5/8/1K4k1/4Q3/8/8/8/8 w - - 3 71",1.0
"r1b1kb1r/1p2pppp/p1p5/1N6/8/2B1P3/PPP1BPPP/R4RK1 w kq - 0 13",1.0
"N2k1b1r/1p2pppp/p1p5/5b2/8/2B1P3/PPP1BPPP/R4RK1 w - - 1 15",1.0
"N1k2b1r/4pppp/p1p5/1p2Bb2/8/4P3/PPP1BPPP/3R1RK1 w - - 0 17",1.0
"N1k2b1r/4ppp1/2p5/1p2Bb1p/8/4P3/PP2BPPP/3R1RK1 w - - 0 19",1.0
"N1k2b1r/6p1/2p1pp2/1p2Bb1p/1P6/P3P3/4BPPP/3R1RK1 w - - 0 21",1.0
"5b1r/1k4p1/1Np2p2/1p2pb1p/1P1B4/P3P3/4BPPP/3R1RK1 w - - 0 23",1.0
"7r/1k4p1/1Np2p2/1pP1pb2/7p/P3P3/4BPPP/3R1RK1 w - - 0 25",1.0
"7r/2k3p1/2p2p2/2P1pb2/PpN4p/4P3/4BPPP/3R1RK1 w - - 2 27",1.0
"7r/2k3p1/2p2p2/2P5/PpN2R1p/4P3/2b1B1PP/3R2K1 w - - 1 29",1.0
"1r6/2k5/2p2pp1/P1P5/2N3R1/1p2P2P/2b1B2P/R5K1 w - - 0 33",1.0
"4r3/2k5/2p3p1/P1P2p2/5R2/1p2P2P/1Nb1B2P/R5K1 w - - 2 35",1.0
"1r6/2k5/P1p5/2P2pp1/2N2R2/1p2P2P/2b1B2P/R5K1 w - - 0 37",1.0
"3k4/8/2pN4/2P2p2/5P2/1p5P/2b1B2P/R5K1 w - - 3 41",1.0
"8/R7/2pN1k2/2P2p2/5P2/1p5P/2b1B2P/6K1 w - - 7 43",1.0
"8/6k1/2R2N2/2P2p2/5P2/7P/1pb1B2P/6K1 w - - 3 47",1.0
"8/4k3/2P5/5p1N/5P2/7P/4B2P/1b4K1 w - - 1 51",1.0
"8/2Pk4/8/5p1N/4bP2/5B1P/7P/6K1 w - - 1 53",1.0
"8/8/8/2k5/4BP1P/8/7P/6K1 w - - 1 57",1.0
"8/8/4k3/7P/5P2/8/6BP/6K1 w - - 1 59",1.0
"8/6kP/8/8/5P2/8/6BP/6K1 w - - 1 61",1.0
"8/6kP/8/8/4BP1P/8/8/6K1 w - - 1 63",1.0
"8/6kP/8/8/5P1P/8/2B5/6K1 w - - 5 65",1.0
"8/6kP/8/8/5P1P/8/2B5/6K1 w - - 9 67",1.0
"8/6kP/8/8/4BP1P/8/8/6K1 w - - 13 69",1.0
"8/6kP/8/8/4BP1P/8/8/6K1 w - - 17 71",1.0
"8/6kP/6B1/8/5P1P/8/8/6K1 w - - 21 73",1.0
"8/6kP/6B1/5P2/7P/8/8/5K2 w - - 1 75",1.0
"7Q/8/6k1/8/7P/8/8/5K2 w - - 0 77",1.0
"7Q/8/7P/6k1/8/8/8/5K2 w - - 1 79",1.0
"8/7P/5Q2/8/4k3/8/8/5K2 w - - 3 81",1.0
"7Q/8/8/2k5/8/5Q2/8/5K2 w - - 3 83",1.0
"2Q5/8/8/1k6/8/Q7/8/5K2 w - - 7 85",1.0
"r1b1kbnr/pp1pppp1/2n5/q5P1/P1p4p/2N2N1B/1PPPPP1P/R1BQK2R w KQkq - 0 7",0.0
"2r1kbnr/pp2ppp1/2n5/q2p2P1/P1p4p/2N2N2/1PPPPP1P/R1BQ1RK1 w k - 0 9",0.0
"2r1kbnr/pp2pp2/2n3p1/q2p2P1/P1pP1B2/2N2N1p/1PP1PP1P/R2Q1RK1 w k - 0 11",0.0
"3rkbnr/1p2pp2/p1n3p1/q2p2P1/P1pP1B2/2N1QN1p/1PP1PP1P/R4RK1 w k - 2 13",0.0
"4k1nr/3rppb1/ppn3p1/q5P1/P1pP1B2/2N1QN1p/2P1PP1P/1R1R2K1 w k - 2 17",0.0
"4k1n1/3rppb1/pp4p1/q5P1/P1pN1B1r/2N1Q2p/2PRPP1P/1R4K1 w - - 1 19",0.0
"4k1n1/4pp2/pp4p1/q5P1/P1pb1B1r/7p/2PRPP1P/1R1N2K1 w - - 0 21",0.0
"4k1n1/4pp2/1p4p1/p7/P1pbPr2/7p/2P1RP1q/1RKN4 w - - 0 27",0.0
"4k1n1/4pp2/1p4p1/p1b1P3/P1p2r2/2P4p/4RP2/1RKN2q1 w - - 1 29",0.0
"4k1n1/4p3/1p2p1p1/p1b5/P1p2r2/2P5/2K1RP1p/1R1N2q1 w - - 0 31",0.0
"4k1n1/4p3/1p2p1p1/p7/P1p5/b1P5/1N3q2/2K5 w - - 2 37",0.0
"4k3/4p3/1p1bpnp1/p7/P1p5/2q5/5K2/8 w - - 4 41",0.0
"r1b1kb1r/pp1ppppp/5n2/2p5/2Pn1q2/2NQ1N2/PP1PPPPP/R1B1KB1R w KQkq - 8 7",1.0
"r1b1kb1r/pp1ppppp/5n2/1P6/2p2q2/3Q1N2/PP1PPPPP/R1B1KB1R w KQkq - 0 9",1.0
"2b1kb1r/1p2pppp/r4n2/3p4/2pN4/4P3/PP1P1PPP/R1B1KB1R w KQk - 0 13",1.0
"4kb1r/1p1bpppp/5n2/rN1p4/P1p5/4P3/1P1P1PPP/R1B1KB1R w KQk - 1 15",1.0
"4kb1r/5ppp/5n2/rN1pp3/P7/1p2P3/3P1PPP/R1B1K2R w KQk - 0 19",1.0
"5rk1/3n1ppp/8/r2p4/P3p3/2N1P3/3P1PPP/R4RK1 w - - 0 25",1.0
"r5k1/5ppp/8/r2pn3/P3p2P/2N1P3/3P1PP1/RR4K1 w - - 1 27",1.0
"r5k1/1R3ppp/8/2rp3P/P1n1p3/2N1P3/3P1PP1/R5K1 w - - 1 29",1.0
"6k1/5ppp/8/r2N3P/P1n1p3/4P3/3P1PP1/R5K1 w - - 1 33",1.0
"r5k1/5pp1/7p/7P/P1n1pN2/4P3/3P1PP1/1R4K1 w - - 2 35",1.0
"2r3k1/6p1/7p/n4p1P/1R6/3NP3/5PP1/6K1 w - - 0 39",1.0
"3r2k1/6p1/7p/5R1P/2n5/3NP3/5PP1/6K1 w - - 1 41",1.0
"6k1/6p1/7p/5R1P/2n2N2/4P3/3r1PPK/8 w - - 5 43",1.0
"5R2/6pk/3nN2p/7P/8/4P3/3r1PPK/8 w - - 9 45",1.0
"3R4/7k/3nN2p/7P/5Pp1/4P3/3r2PK/8 w - - 0 47",1.0
"3R4/7k/3nN2p/7P/5Pp1/4P3/3r2PK/8 w - - 4 49",1.0
"6k1/8/4N2p/5P1P/4PK2/6p1/6P1/5n2 w - - 0 55",1.0
"8/4k3/7p/4PP1P/3N1K2/6p1/6P1/5n2 w - - 1 57",1.0
"8/4kP2/7N/4P2P/3n4/8/5KP1/8 w - - 3 63",1.0
"8/4kP2/4P2N/7P/1n6/4K3/6P1/8 w - - 1 65",1.0
"5k2/5P2/4P2N/3n3P/8/6P1/3K4/8 w - - 1 67",1.0
"5k2/5P2/4n2P/5N2/8/6P1/3K4/8 w - - 0 69",1.0
"7Q/8/4n1k1/5N2/8/6P1/3K4/8 w - - 1 71",1.0
"8/1N6/6k1/4Q3/6P1/8/3K4/8 w - - 1 75",1.0
"8/1N6/8/5QP1/7k/8/3K4/8 w - - 3 77",1.0
"8/1N4P1/8/5Q2/7k/8/3K4/8 w - - 1 79",1.0
"6Q1/8/3N4/5Q2/7k/8/3K4/8 w - - 1 81",1.0
"r3kb1r/1pp1pppp/p1pq1n2/8/6b1/2N1PN2/PPPP1PPP/R1BQ1RK1 w kq - 4 7",1.0
"2kr1b1r/1pp1ppp1/p1pq1n2/7p/4P1b1/2NP1N2/PPP2PPP/R1BQ1RK1 w - - 0 9",1.0
"2kr1b1r/1pp1ppp1/p1pq1n2/8/P3P1b1/2NPBN1p/1PP2PPP/R2Q1RK1 w - - 0 11",1.0
"2kr1b1r/1pp2pp1/p1p2n2/4p3/Pq2P1b1/2NPBNPp/1PP2P1P/1R1Q1RK1 w - - 0 13",1.0
"2kr1b1r/1pp1qpp1/2p2n2/p3p3/P3P1b1/3P1NPp/1PPBNP1P/1R1Q1RK1 w - - 2 15",1.0
"2kr1b1r/1pp1qpp1/2p2n2/p3p3/P3P1b1/3P1NPp/1PPBNP1P/1R1Q1RK1 w - - 6 17",1.0
"2kr1b1r/1ppn1pp1/2p3b1/p1q1p3/P3P3/3P1PPN/1PPBN2P/1R1Q1R1K w - - 3 21",1.0
"2kr1b1r/1ppn1pp1/6b1/2p1p1N1/q3P3/3P1PP1/2PBN2P/1R1Q1R1K w - - 0 25",1.0
"2kr1b1r/1pp2pp1/1n4b1/2p1p1N1/2P1P3/3P1PP1/3BN2P/1R1R3K w - - 1 27",1.0
"2kr4/1pp1bpp1/1n4b1/2p1p1Nr/2P1P3/3PBPP1/4N2P/1R1R2K1 w - - 5 29",1.0
"2kr3r/1pp1b1p1/1n4b1/2p1ppN1/2P1P2P/3PBPP1/4N3/R2R2K1 w - - 0 31",1.0
"2k4r/1ppr4/1n4b1/2p1pN2/2P1P2P/3P2P1/4N3/R2R2K1 w - - 2 37",1.0
"2kr4/1pp5/1n6/2p1pN2/2P1P2P/3r2P1/R7/3R2K1 w - - 0 41",1.0
"1k6/1pp1N3/1n6/2p1p3/2P1P2P/3r2P1/R7/6K1 w - - 0 43",1.0
"1k6/1pp1N3/8/2p1p1P1/2n1P2P/4r3/R7/6K1 w - - 1 45",1.0
"1k6/1pp1N3/7P/2p1p1P1/4n3/4r3/R7/6K1 w - - 0 47",1.0
"6Q1/1pp1N3/1k1n3P/2p1p3/8/5K2/R7/8 w - - 5 55",1.0
"2N3Q1/1pp5/2k4P/1np1p3/8/5K2/1R6/8 w - - 9 57",1.0
"r1bqkb1r/p2ppp1p/1p4pn/n1pB3Q/8/2N1PN2/PPPP1PPP/R1B1K2R w KQkq - 0 7",1.0
"r1bqkb1r/p2pp2p/1p4pn/n1pB1p2/4Q3/2N1PN2/PPPP1PPP/R1B1K2R w KQkq - 0 9",1.0
"B1b2rk1/Q1qp1n1p/1p1bp1p1/2p2p2/8/1PN1PN2/1PPP1PPP/R1B2RK1 w - - 3 15",1.0
"B1b2rk1/2q1bn1p/1p2p1p1/2pp1p2/Q2P4/1PN1PN2/1PP2PPP/R1B2RK1 w - - 0 17",1.0
"2b2rk1/2q1bn1p/1p2p1p1/1Bpp1p2/Q2P4/1PN1PN2/1PP2PPP/R1B2RK1 w - - 4 19",1.0
"6k1/1bq1b2p/1p2p1p1/3p1p2/3P4/1QN1P3/1PPB1PPP/R4RK1 w - - 1 25",1.0
"6k1/Rbq4p/1p1bp3/3p1pp1/N2P4/1Q2P3/1PPB1PPP/5RK1 w - - 2 27",1.0
"1q4k1/R6p/Q1bbp3/3p1p2/N2P1P2/8/1PPB2PP/5RK1 w - - 3 31",1.0
"1b2q1k1/R6p/Q1b1p3/3p1p2/3P1P2/2N2R2/1PPB2PP/6K1 w - - 7 33",1.0
"1b2q2k/3b2Rp/Q3p3/3p1p2/3P1P2/2N3R1/1PPB2PP/6K1 w - - 11 35",1.0
"7k/3Q4/4p3/3p1p2/3P1B1p/2N3R1/1PP3PP/6K1 w - - 0 39",1.0
"r1bqkb1r/1ppp1ppp/4pn2/p7/8/3QPN2/PPPP1PPP/RNB2RK1 w kq - 0 7",0.0
"r1bqk2r/1ppp1ppp/4pn2/p1b5/2N5/3QP3/PPPP1PPP/RNB2RK1 w kq - 4 9",0.0
"r1bq1rk1/1pppbppp/4pn2/p7/N1N5/3QP3/PPPP1PPP/R1B2RK1 w - - 8 11",0.0
"r1bq1rk1/1pppbppp/4pn2/p7/2NQ4/2N1P3/PPPP1PPP/R1B2RK1 w - - 12 13",0.0
"r1bq1rk1/1pp2ppp/3bpn2/p2pN3/8/2NQP3/PPPP1PPP/R1B2RK1 w - - 2 15",0.0
"r1bq1rk1/1p1n1ppp/3bp3/p1pp4/3Q4/2N1PN2/PPPP1PPP/R1B2RK1 w - - 0 17",0.0
"r1bq1rk1/1p3pp1/3bpn1p/p1pp2Q1/8/2N1PN2/PPPP1PPP/R1B2RK1 w - - 0 19",0.0
"r4rk1/1pqb1pp1/3b1n1p/p2pp3/3Q4/2N1PN2/PPPB1PPP/R4RK1 w - - 0 23",0.0
"r4rk1/1pqb1pp1/3b3p/p2p4/3Np1nQ/2N1P3/PPPB1PPP/R4RK1 w - - 2 25",0.0
"r4rk1/1p1b1pp1/3b3p/p1qp4/6nQ/2N1PN2/PPPB2PP/R4RK1 w - - 1 27",0.0
"r3r1k1/1p3pp1/3b3p/pbqp4/6n1/4PN2/PPPB2PP/R2NQRK1 w - - 5 29",0.0
"r5k1/1p3pp1/3b3p/p1qp4/4r1Q1/4PN2/PPPB2PP/R2N1bK1 w - - 1 31",0.0
"r5k1/1p2rpp1/3b3p/p1qp1Q2/2b5/4PN2/PPPB2PP/R2N2K1 w - - 5 33",0.0
"r5k1/1p2rpp1/3q3p/p2pbQ2/2bN4/2P1P3/PP1B2PP/R2N2K1 w - - 1 35",0.0
"r3r1k1/1p3pp1/5q1p/p2pbN1Q/2b5/2P1P3/PP1B2PP/R2N2K1 w - - 5 37",0.0
"r5k1/5pp1/5q1p/N2p1N1Q/6P1/4P3/b2B3P/b5K1 w - - 0 45",0.0
"r6k/5pp1/2N2q1p/B2p1N1Q/2b3P1/4P3/7P/b5K1 w - - 4 47",0.0
"7k/2B5/3N2pp/3p4/6P1/3bP3/6KP/b4r2 w - - 0 53",0.0
"8/1NB2r1k/6pp/3p4/6PP/3bP3/6K1/b7 w - - 3 55",0.0
"8/7k/6pp/3p3P/2r3P1/4P3/8/b4K2 w - - 1 59",0.0
"8/8/6kp/3p4/6r1/4P3/5K2/b7 w - - 0 61",0.0
"8/8/6k1/3pb2p/6r1/4P3/5K2/8 w - - 0 63",0.0
"8/8/8/3pbk2/6rp/4PK2/8/8 w - - 2 65",0.0
"8/8/8/4bk2/4p1r1/7p/5K2/8 w - - 0 67",0.0
"8/8/8/4bk2/4p1r1/8/3K4/7q w - - 0 69",0.0
"r1bq1rk1/1ppp1ppp/p1nbpn2/8/8/2NBPN2/PPPP1PPP/R1BQ1RK1 w - - 2 7",1.0
"r1bq1rk1/1ppp1ppp/p2bp3/8/Pn4n1/1PNBPN2/2PP1PPP/R1BQ1RK1 w - - 1 9",1.0
"r1b2rk1/2pp2pp/1p1qp3/p4p2/P5n1/1P1PPN2/2QP1PPP/R1B2RK1 w - - 0 15",1.0
"2r2rk1/3p2pp/bq2p3/p4p2/P5n1/BP2PN2/2QP1PPP/R4RK1 w - - 0 19",1.0
"2r3k1/3p2pp/1q2pn2/p4p2/P7/1P2PN1P/1Q1P1PP1/5RK1 w - - 1 23",1.0
"6k1/3p2pp/1q2p3/p2nNp2/P7/1PrPP2P/1Q3PP1/5RK1 w - - 3 25",1.0
"6k1/6pp/3pp3/p1qn1p2/P1N5/1PrPP2P/1Q3PP1/1R4K1 w - - 2 27",1.0
"6k1/6pp/3p4/p1qp1p2/P1N5/1P1r3P/1Q3PP1/1R4K1 w - - 0 29",1.0
"8/4k3/8/p1P3RP/P3p2P/8/5P2/6K1 w - - 1 41",1.0
"8/2k5/8/p1P1R2P/P3p2P/8/5P2/5K2 w - - 5 43",1.0
"8/2k5/7P/p1P1R3/P3p2P/8/4KP2/8 w - - 1 45",1.0
"8/1k5P/8/p1P1R3/P4P1P/4p3/4K3/8 w - - 1 47",1.0
"4Q3/1k6/8/p1P1R3/P4P1P/4p3/4K3/8 w - - 3 49",1.0
"rnbqkb2/ppppppp1/5n2/5B1r/8/4PN2/PPPP1P1P/RNBQ1RK1 w q - 2 7",0.0
"r1bqkb2/ppppppp1/5n2/7r/1n6/2NBPN2/PPPP1P1P/R1BQ1RK1 w q - 6 9",0.0
"r1bqkb2/1p1pppp1/2p2n2/p6r/1nBP4/2N1PN2/PPP2P1P/R1BQ1RK1 w q - 0 11",0.0
"r1bqkb2/1p1pppp1/5n2/p2p3r/2BP4/P3PN2/1PP2P1P/R1BQ1RK1 w q - 0 13",0.0
"r1b1kb2/1p1ppp2/1q3np1/pB1p3r/P2P4/4PN2/1PP2P1P/R1BQ1RK1 w q - 0 15",0.0
"r1b1k3/1p1pppb1/4q1p1/1B1p3r/PB1Pn3/3QPN2/2P2P1P/R4RK1 w q - 3 19",0.0
"r1b1k3/1p1pBpb1/6p1/1B1p3r/P2Pn3/3QP2q/2P2P1P/R4R1K w q - 3 23",0.0
"r1b1k3/1p1p1pb1/3n2p1/1B1p3r/P2P4/3QPq2/2P2P1P/R4RK1 w q - 0 25",0.0
"r3k3/1p1b1pb1/6p1/6r1/P2Pp3/4Pq2/2P2P1P/RR3K2 w q - 0 29",0.0
"r1bqkb1r/1ppppppp/5n2/p7/8/3QPN2/PPPP1PPP/RNB2RK1 w kq - 1 7",0.0
"r1bqkb1r/1pppppp1/8/p6p/P5n1/2NQPN2/1PPP1PPP/R1B2RK1 w kq - 0 9",0.0
"r1bqkb1r/1p1pppp1/2p2n2/p6p/P4Q2/2N1PN2/1PPP1PPP/R1B2RK1 w kq - 2 11",0.0
"r1bqkb1r/1p2ppp1/3p1n2/p1p4p/P2Q4/2NPPN2/1PP2PPP/R1B2RK1 w kq - 0 13",0.0
"r3kb1r/1p1qppp1/3pbn2/pQp4p/P7/2NPPN2/1PP2PPP/R1B2RK1 w kq - 4 15",0.0
"r3kb1r/1p2ppp1/3pbn2/pPp5/7p/2NPPN2/1PPB1PPP/R4RK1 w kq - 0 17",0.0
"r3kb1r/1p2ppp1/3p1n2/pPp3N1/4P1bp/2NP4/1PPB1PPP/R4RK1 w kq - 1 19",0.0
"4kb1r/1p2ppp1/1r1p1n2/pNp3N1/4P1bp/3P4/1PPB1PPP/R4RK1 w k - 0 21",0.0
"5br1/1pNkpNp1/1r1p1n2/p1p5/4P1bp/3P4/1PPB1PPP/R4RK1 w - - 1 23",0.0
"5br1/1p2p1p1/1k3n2/2p1Nb2/7p/3P4/1PP2PPP/R4RK1 w - - 1 27",0.0
"R4br1/1p2p3/1k3n2/2p1Nb2/5p1p/3P4/1PP3PP/5RK1 w - - 0 29",0.0
"rk6/1p2p3/5n1b/2R5/2N4p/3P4/1PP3PP/6K1 w - - 1 33",0.0
"1k6/1p2p3/7b/8/2N3n1/3P2Pp/1PP4P/5K2 w - - 1 37",0.0
"1k6/4p3/8/Npb5/8/3P2Pp/1PP1K2n/8 w - - 2 41",0.0
"8/2k1p3/2Nb4/1p6/3P4/6Pp/1PP1K2n/8 w - - 3 43",0.0
"8/2k1p3/8/1p2P3/6n1/6Pp/1PP1K3/8 w - - 1 45",0.0
"8/8/2k1p3/1p2P3/1P4n1/6Pp/2P5/5K2 w - - 1 47",0.0
"8/8/4p3/1p2P3/1Pk3n1/6Pp/2P5/5K2 w - - 5 49",0.0
"8/8/4p3/1p2P3/1P4n1/2k3P1/2P3Kp/8 w - - 2 51",0.0
"8/8/4p3/1p2P3/1P4n1/6P1/1k4Kp/8 w - - 2 53",0.0
"8/8/4p3/1p2P3/1k4n1/6P1/6Kp/8 w - - 0 55",0.0
"8/8/4p3/4P3/1p4n1/2k3P1/6Kp/8 w - - 0 57",0.0
"8/8/4p3/4P3/4q1P1/2k4K/1p6/8 w - - 0 61",0.0
"8/8/4p3/4P3/5qPK/2k5/8/1q6 w - - 2 63",0.0
"r1b1kb1r/1pqppp1p/p1n2np1/2p5/P7/2NBPN2/1PPP1PPP/R1BQ1RK1 w kq - 0 7",1.0
"r1b1kb1r/1pqppp1p/p5p1/2p5/PnB1P1n1/2N2N2/1PPP1PPP/R1BQ1RK1 w kq - 1 9",1.0
"r1b1k2r/1pqpppb1/p5pp/2p3B1/PnB1P1n1/2NP1N2/1PP2PPP/R2Q1RK1 w kq - 0 11",1.0
"r1b1k2r/1pqppp2/p1n3pp/2p5/P1B1P1nB/2PP1N2/2P2PPP/R2Q1RK1 w kq - 1 13",1.0
"r1b1k2r/1p1ppp2/p1n3p1/q1p4p/P1B1P1n1/2PP1NB1/2PQ1PPP/R4RK1 w kq - 0 15",1.0
"2b1k2r/r2ppp2/ppn3p1/q1p4p/P1B1P1n1/2PP1NB1/R1PQ1PPP/1R4K1 w k - 0 17",1.0
"2b1k2r/r2ppp2/ppn3p1/q1p1P1Qp/P1B3n1/2PP1NB1/R1P2PPP/1R4K1 w k - 1 19",1.0
"2b1k2r/r2ppp2/ppn3pn/2p1P1Qp/P1B4N/2qP2BP/R1P2PP1/1R4K1 w k - 0 21",1.0
"2b1k2r/r3pp2/ppn1p1pn/q1p3Qp/P1B5/3P1NBP/R1P2PP1/1R4K1 w k - 2 23",1.0
"2b1k2r/1r2pp2/pp2p1pn/q1p1N1Qp/P1Bn4/3P2BP/1RP2PP1/1R4K1 w k - 6 25",1.0
"2b1k2r/1r2pp2/pp1np1pn/q1p1N1Qp/P1B2B2/2PP3P/1R3PP1/1R4K1 w k - 3 27",1.0
"2b1k2r/1rq1pp2/p3p1p1/1np1NnQp/8/1BPP3P/R2B1PP1/1R4K1 w k - 2 31",1.0
"2bqk2r/1r2pp2/p3p1p1/1np1NnQp/5B2/1BPP3P/2R2PP1/1R4K1 w k - 6 33",1.0
"2bq1k1r/R3pp2/p3p1p1/2p1NnQp/B1Pn1B2/3P3P/5PP1/6K1 w - - 2 37",1.0
"6kr/1q1b1p2/p3p1p1/2Q1NnBp/2P4P/3P4/5PP1/3B2K1 w - - 3 43",1.0
"4b1k1/5p2/p3pBp1/2Q1Nn1p/2P4P/3P4/5PPK/q7 w - - 4 47",1.0
"6k1/3b1p2/4p1pn/2Q4p/p1P2P1P/3P2P1/7K/B7 w - - 1 51",1.0
"4b1k1/5p2/3Qp1p1/7p/p1P2PnP/3P2P1/6K1/B7 w - - 5 53",1.0
"4b1k1/5p2/3Qp1p1/7p/p1PB1PnP/3P2P1/8/6K1 w - - 9 55",1.0
"1Q2bk2/5p2/4pBp1/7p/p1P2P1P/3P2P1/8/6K1 w - - 1 57",1.0
"r2qkb1r/1bpppppp/pp3n2/n7/2B5/2N1PQ2/PPPPNPPP/R1B1K2R w KQkq - 4 7",0.0
"r2qkb1r/1bpp1ppp/pp2p3/n2N4/8/4PQ2/PPPPNPPP/R1B1K2R w KQkq - 0 9",0.0
"r2qk2r/3pbppp/ppp5/n2Q4/8/4P3/PPPP1PPP/R1B2RK1 w kq - 0 13",0.0
"r2q1rk1/3p1ppp/ppp2b2/n7/3Q4/3PP3/PPP2PPP/R1B2RK1 w - - 1 15",0.0
"r3r1k1/2qp1ppp/ppp2b2/n7/PQ6/3PP3/1PP2PPP/R1B2RK1 w - - 1 17",0.0
"r3r1k1/2qp1ppp/pp6/n1p1b3/P3P1Q1/3P4/1PP2PPP/R1B2RK1 w - - 1 19",0.0
"r3r1k1/3p1ppp/pp1q4/n1p4Q/P2bP3/3P4/1PP2PPP/R1B1R1K1 w - - 5 21",0.0
"r5k1/3p1ppp/pp2q3/n1p1r3/P2bP1Q1/3P4/1PP2PPP/R1B1R1K1 w - - 9 23",0.0
"r3r1k1/3p1ppp/pp4q1/n1p5/P2bP1PQ/3P4/1PP2P1P/R1B1R1K1 w - - 1 25",0.0
"r2b2k1/3p1ppp/pp6/2p1r2P/P3P3/1RPP4/1P3P1P/2R3K1 w - - 3 31",0.0
"r2b2k1/3p1p1p/pp5p/2p3r1/P3P3/1RPP4/1P3P1P/2R4K w - - 0 33",0.0
"r2b2k1/3p1p1p/pp6/2p4p/P3PPr1/1RPP4/1P5P/6RK w - - 0 35",0.0
"r2b2k1/3p1p1p/pp6/2p5/P3PP1p/1RPP3P/1P6/6K1 w - - 0 37",0.0
"4r1k1/2bp1p1p/pp6/2p5/P3PP1p/1RPPK2P/1P6/8 w - - 4 39",0.0
"4r1k1/2b2p2/pp6/2ppP2p/P4P1p/1RPP1K1P/1P6/8 w - - 0 41",0.0
"4r3/2b2p1k/1p6/p1ppP2p/P4P1p/2PP1K1P/1P6/R7 w - - 2 43",0.0
"4r3/2b5/1p4k1/p2pPp2/P4P1R/2Pp1K1P/1P6/8 w - f6 0 47",0.0
"r7/8/1p4k1/3pPp2/PP3P1b/3K3P/8/8 w - - 1 51",0.0
"8/8/6k1/r2pPp2/5P1b/3K3P/8/8 w - - 0 53",0.0
"8/8/6k1/r2pPp2/5b2/3K3P/8/8 w - - 0 55",0.0
"8/8/6k1/r2pP3/3K1p1P/6b1/8/8 w - - 0 57",0.0
"8/8/8/r2pPk2/5p1b/8/2K5/8 w - - 2 59",0.0
"8/8/8/r2pk3/7b/5p2/2K5/8 w - - 0 61",0.0
"8/r7/8/3pk3/1K5b/8/5p2/8 w - - 2 63",0.0
"8/r7/8/4k3/3p3b/8/1K6/5q2 w - - 0 65",0.0
"rqb1kb1r/pp1ppp1p/2n2np1/1Np5/8/3BPN2/PPPP1PPP/R1BQ1RK1 w kq - 8 7",0.5
"rqb1kb1r/1p1ppp2/p1n2np1/2p4p/P7/2NBPN2/1PPP1PPP/R1BQ1RK1 w kq - 0 9",0.5
"rqb1kb1r/1p1ppp2/p4np1/2p5/Pn5p/BPNBPN2/2PP1PPP/R2Q1RK1 w kq - 2 11",0.5
"rqb1kb1r/1p1ppp2/p5p1/2p5/Pn2B3/BP2PN1p/2PP1PPP/R2Q1RK1 w kq - 0 13",0.5
"rqb1kb2/1p1ppp1r/p5p1/2p5/Pn2B1P1/1P2PN1p/1BPP1P1P/R2Q1RK1 w q - 1 15",0.5
"r1b1kb2/qp1ppp2/p5p1/2p1B1N1/Pn2B1Pr/1P2P2p/2PP1P1P/R2Q1RK1 w q - 5 17",0.5
"r1b1kb2/qp2p3/p2p2p1/2p1BPN1/Pn2B2r/1P2PQ1p/2PP1P1P/R4RK1 w q - 0 19",0.5
"r3kb2/qp2p3/p2p2p1/2p2b2/Pn2N3/1P2PQBp/2PP1P1P/R4RK1 w q - 0 21",0.5
"r3kb2/qp2p3/p5p1/2pp1b2/P3N3/1PP1PQBp/R1nP1P1P/5RK1 w q - 0 23",0.5
"2kr1b2/1p2p3/pq4p1/2pp1bN1/P7/1PP1PQBp/R1nP1P1P/2R3K1 w - - 4 25",0.5
"2kr4/1p2p3/p5pb/P1pp1b2/1Pq5/2P1PQBN/R4P1P/2R3K1 w - - 1 29",0.5
"2k5/4p3/p1p3pb/P2r4/2p5/2P1P1Bb/R4P1P/2R3K1 w - - 0 33",0.5
"2k5/4p3/p1p3pb/Pr6/R1p5/2P1P1Bb/5P1P/1R4K1 w - - 4 35",0.5
"2k5/4p3/p1p1b1pb/Pr6/R1p5/2P1P1B1/5P1P/4R1K1 w - - 8 37",0.5
"2k5/4p3/p1p1b1pb/Pr6/R1p5/2P1P1B1/5P1P/4R1K1 w - - 12 39",0.5
"2k5/4p1b1/p1p1b3/Pr4p1/R1p1P3/2P3B1/5P1P/2R3K1 w - - 0 41",0.5
"2k5/4p1b1/p1p5/P5p1/R1p1P3/2P2PBb/1r6/2R3K1 w - - 0 43",0.5
"2k5/4p1b1/p1p5/P5p1/R1p1P3/2P2PBb/1r6/2R3K1 w - - 4 45",0.5
"2k5/4p3/p1p1bb2/P5p1/R1p1P3/2P1BP2/1r6/2R3K1 w - - 8 47",0.5
"2k5/4p3/p1p2b2/P7/2p1P1b1/B1P5/8/2R3K1 w - - 0 51",0.5
"2k5/4p3/p1p5/P3P1b1/2p5/B1P5/4b1K1/2R5 w - - 1 53",0.5
"7R/2k5/p1p1p3/P3P1b1/2p5/B1P5/4b1K1/8 w - - 2 55",0.5
"8/3k4/2R1p3/P3P3/2p5/B1b5/4b1K1/8 w - - 1 59",0.5
"2k5/8/P3R3/4P3/2pbb3/B7/7K/8 w - - 3 63",0.5
"4R3/2k5/P7/4P3/3bb3/B1p3K1/8/8 w - - 0 65",0.5
"2k5/4R3/Pb1B4/4P3/4b3/2p3K1/8/8 w - - 4 67",0.5
"2k5/P3R3/1bbB4/4P3/5K2/8/2p5/8 w - - 0 69",0.5
"2k5/P7/4R3/2b1P3/5K2/B7/2p5/7b w - - 4 71",0.5
"8/Pk6/4P3/5K2/8/b7/8/8 w - - 1 77",0.5
"r1b1kb1r/ppqppppp/8/3n4/3N4/4P3/PPP1BPPP/R1BQ1RK1 w kq - 0 9",1.0
"r1b1kb1r/ppqp1ppp/5n2/4p3/2PN4/3BP3/PP3PPP/R1BQ1RK1 w kq - 0 11",1.0
"r1b1k2r/ppqpbp1p/5np1/4p3/2P5/3BP1N1/PP3PPP/R1BQ1RK1 w kq - 2 13",1.0
"r1b2rk1/pp1pbp1p/3q1np1/4p3/2P5/3BPQN1/PP1B1PPP/R4RK1 w - - 6 15",1.0
"r1b2rk1/pp2bp1p/2qp1np1/4p3/2P1P3/3B2N1/PP1BQPPP/R4RK1 w - - 0 17",1.0
"r4rk1/pp2bp1p/2qpbnp1/4p3/P1P1P3/3BQ1N1/1P1B1PPP/R4RK1 w - - 3 19",1.0
"r4rk1/1p2bp1p/2qpb1p1/p3p3/P1P1P1n1/1P1BQ1N1/3B1PPP/R1R3K1 w - - 1 21",1.0
"r1r3k1/1p2bp1p/1q1pb1p1/p3p3/P1P1P1n1/1P1B1QN1/3B1PPP/1RR3K1 w - - 5 23",1.0
"r1r2k2/1p3p1p/3p4/p3p1Q1/P1P1P3/1P1q4/5PPP/1R2R1K1 w - - 1 29",1.0
"r1r2k2/5p1p/1p1p4/p3p3/P1P1P1Q1/1Pq5/1R3PPP/4R1K1 w - - 2 31",1.0
"r1r2k2/5p1p/1p1p4/p3p1Q1/P1P1P3/1P1q4/5PPP/1R2R1K1 w - - 6 33",1.0
"r4k2/2r2p1p/1p1p4/p3p3/P1P1P1Q1/1Pq5/1R3PPP/4R1K1 w - - 10 35",1.0
"r4k2/2r2p1p/1p1p4/p3p3/P1P1P1Q1/1P1q4/4RPPP/1R4K1 w - - 14 37",1.0
"r4k2/2r2p1p/1p1p4/p3p1Q1/P1P1P3/1P1q4/5PPP/1R2R1K1 w - - 18 39",1.0
"2r2k2/5p1p/1p1p4/p1r1p1Q1/P1P1P3/1P1q4/5PPP/1R2R1K1 w - - 22 41",1.0
"2r2k2/5p1p/1p1p4/p1r1p1Q1/P1P1P3/1P1q4/5PPP/1R2R1K1 w - - 26 43",1.0
"2r2k2/5p1p/1p1p4/p1r1p1Q1/P1P1P3/1P1q4/5PPP/1R2R1K1 w - - 30 45",1.0
"2r2k2/5p1p/1p1p4/p1r1p1Q1/P1P1P3/1P1q4/5PPP/1R2R1K1 w - - 34 47",1.0
"4rk2/2r2p1p/1p1p4/p3p1Q1/P1P1P3/1P1q4/5PPP/1R2R1K1 w - - 38 49",1.0
"r4k2/2r2p1p/1p1p4/p3p3/P1P1P1Q1/1Pq5/1R3PPP/4R1K1 w - - 42 51",1.0
"r4k2/2r2p1p/1p1p4/p3p3/P1P1P1Q1/1P1q4/4RPPP/1R4K1 w - - 46 53",1.0
"r4k2/2r2p1p/1p1p4/p3p3/P1P1P1Q1/1P1q4/5PPP/1RR3K1 w - - 50 55",1.0
"1r4k1/2r2p2/1p1R4/p3p3/P1P1P1p1/1P6/5PPP/5RK1 w - - 3 59",1.0
"1r3k2/2r2p2/1p1R4/p3p3/P1P1P3/1P3R2/6PP/6K1 w - - 1 61",1.0
"1r6/2r1k3/1p3p2/p2Rp3/P1P1P2P/1P3R2/6P1/6K1 w - - 0 63",1.0
"7r/4k3/1p3p2/p1rRp2P/P1P1P3/1P5R/6P1/6K1 w - - 3 65",1.0
"8/7r/1p2kp1P/p1rRp3/P1P1P1P1/1P5R/8/6K1 w - - 1 67",1.0
"8/7r/1pr1kp1P/pR2p2R/P1P1P1P1/1P6/8/6K1 w - - 5 69",1.0
"2r5/7r/1p2kp1P/p2Rp3/P1P1P1P1/1P6/8/6KR w - - 9 71",1.0
"6r1/1r6/1p2kp1P/pR2p3/P1P1P1PR/1P6/8/6K1 w - - 13 73",1.0
"8/7P/1P2kp2/p3p3/P3P1PR/1P2K3/1r6/8 w - - 5 79",1.0
"2Q5/8/1r1k1p2/p3p3/P3P1PR/2K5/8/8 w - - 2 83",1.0
"8/2k5/1r3p2/p2Qp3/P3P1PR/2K5/8/8 w - - 6 85",1.0
"r1bqkb1r/1ppppp2/2n2np1/p7/3P3p/2N1PN2/PPP1BPPP/R1BQ1RK1 w kq - 0 7",0.0
"r1bqkb1r/1ppppp2/n4np1/p2P4/7p/P1N1PN2/1PP1BPPP/R1BQ1RK1 w kq - 1 9",0.0
"r1bqkb1r/2pppp2/1p3np1/p1nP2N1/3Q3p/P1N1P3/1PP1BPPP/R1B2RK1 w kq - 0 11",0.0
"r1bqk2r/2p1pp2/1p1p1npb/p1nPQ3/7p/P1N1PN2/1PP1BPPP/R1B2RK1 w kq - 0 13",0.0
"r1bq1rk1/2p1pp2/1p1p1n1b/p1nP2p1/3Q3p/P1N1PN2/1PPBBPPP/R4RK1 w - - 2 15",0.0
"r1bq1rk1/2p2p2/1p1pnn1b/p5p1/1P1Q3p/P1N1PN2/2PBBPPP/R4RK1 w - - 0 17",0.0
"r1bq1rk1/5p2/1p2nn1b/pNpp2p1/1P5p/P2QPN2/2PBBPPP/R4RK1 w - - 0 19",0.0
"r1bq1rk1/5pb1/1p2n3/pNppN1p1/1P2n2p/P2QPB2/2PB1PPP/R4RK1 w - - 4 21",0.0
"r1b1qrk1/5pb1/1pN1n3/pN1p2p1/1Pp1n2p/P3PB2/2PBQPPP/R4RK1 w - - 2 23",0.0
"r1b2rk1/4qpb1/1p6/p2p2p1/1PpN4/P3PP1p/2PBQ1PP/R4RK1 w - - 1 27",0.0
"r4rk1/4qpb1/1p6/p2p2p1/1PpN4/P3PP1b/2PBQ1RP/R5K1 w - - 1 29",0.0
"r3r1k1/4qpb1/1p6/3p2p1/pPpN4/P3PP1b/2PB1R1P/R3Q1K1 w - - 0 31",0.0
"r3r1k1/5pb1/1p6/3p4/pPpNqp2/P1P1P2b/3B1R1P/R3Q1K1 w - - 0 33",0.0
"r3r1k1/5pb1/1p6/3p4/pPpN4/P1P1q2b/5R1P/RQ4K1 w - - 0 35",0.0
"r3r1k1/5p2/1p6/3p4/pPp5/P1q4b/5R1P/RQ4K1 w - - 0 37",0.0
"r3r1k1/5p2/1p6/1P1pq3/p1p5/P6b/5R1P/R1Q3K1 w - - 3 39",0.0
"r1b1kb1r/ppqppppp/8/3n4/3P4/5N2/PPP1BPPP/R1BQ1RK1 w kq - 0 9",1.0
"r1b1kb1r/1pqppppp/5n2/p3N3/2PP4/8/PP2BPPP/R1BQ1RK1 w kq - 1 11",1.0
"r1b1kb1r/1pqpppp1/8/p3N2p/Q1PPn3/8/PP2BPPP/R1B1R1K1 w kq - 2 13",1.0
"r1b1kb1r/1p1pppp1/3q4/p3N2p/Q1PP4/3B4/PP3KPP/R1B1R3 w kq - 1 15",1.0
"r1b1kb1r/3pppp1/8/pBPqN2p/Q2P4/8/PP3KPP/R1B1R3 w kq - 1 17",1.0
"7r/3k1pp1/3bp3/B6p/3P4/8/PP4PP/R3R1K1 w - - 2 25",1.0
"r7/3k1pp1/3bp3/BP6/3P3p/8/P5PP/R3R1K1 w - - 1 27",1.0
"8/3k1pp1/4p3/1P6/rb1P3p/4B3/P5PP/R3R1K1 w - - 5 29",1.0
"8/3k2p1/1P2p3/5p2/1b1P3p/r3B3/P5PP/R4RK1 w - - 1 31",1.0
"1k6/1P6/4p3/5pp1/3P3R/1R6/P5PP/6K1 w - - 0 37",1.0
"1Q5R/8/2k1p3/5pp1/3P4/1R6/P5PP/6K1 w - - 1 39",1.0
"rnbq1rk1/pp2bppp/2p2n2/1B1pN3/8/4P3/PPPP1PPP/RNBQ1RK1 w - - 0 7",1.0
"rnb2rk1/ppq2ppp/2pb1n2/3pN3/5P2/3BP3/PPPP2PP/RNBQ1RK1 w - - 1 9",1.0
"rnb1r1k1/ppq2ppp/2pb4/3p4/4nP2/2NBPN2/PPPP2PP/R1BQ1RK1 w - - 5 11",1.0
"r1b1r1k1/ppqn1ppp/2pb4/8/3NpP2/3BP3/PPPP2PP/R1BQ1RK1 w - - 0 13",1.0
"r3r1k1/1p3ppp/1qpb4/p7/P2N1Pb1/3QP3/1PP3PP/R1B2RK1 w - - 1 19",1.0
"3rr1k1/1p3ppp/1qp5/p1b5/P2N1Pb1/3QP3/1PP3PP/R1B2RK1 w - - 5 21",1.0
"4r1k1/1p3ppp/1qp5/p1br1b2/P2N1P2/1PPQP3/6PP/R1B2RK1 w - - 1 23",1.0
"4r1k1/1p3ppp/1qp5/p1br1b2/P2N1P2/1PP1P3/5RPP/R1BQ2K1 w - - 5 25",1.0
"4r1k1/1p3ppp/1qpr4/p1b5/P2NbP2/1PP1P3/R2B1RPP/3Q2K1 w - - 9 27",1.0
"r5k1/1p3ppp/1qp4r/p2b4/P2P1P2/1P2P3/1R1B1RPP/4Q1K1 w - - 3 31",1.0
"r5k1/1p3ppp/q1p1b2r/p7/P2PPP2/1P6/1R1B1RPP/1Q4K1 w - - 1 33",1.0
"r5k1/1p3ppp/1qp3r1/p3PR2/P2P4/1P6/1R1B2PP/5QK1 w - - 3 37",1.0
"3r2k1/1p3ppp/1qp1r3/p3P3/P1QP1R2/1P6/1R1B2PP/6K1 w - - 7 39",1.0
"3q2k1/1p3ppp/2p1r3/p2rP3/P1QP1R2/1P6/2RB2PP/7K w - - 11 41",1.0
"6k1/5ppp/1pp1r3/p2rP1q1/P1QP1R2/1P2B3/2R3PP/6K1 w - - 2 43",1.0
"6k1/5pp1/1p2r3/p1prPR1p/P2P3P/1P2B3/2R3P1/6K1 w - - 0 47",1.0
"1R6/2r2p1k/6p1/p3P2p/P2B3P/1P6/6P1/6K1 w - - 3 53",1.0
"5R2/3r1pk1/6p1/p3P2p/P6P/1P2B3/6P1/6K1 w - - 7 55",1.0
"8/8/5pp1/R6p/P5kP/1P4P1/7K/8 w - - 0 63",1.0
"8/6R1/5p2/5kpp/P6P/1P4P1/7K/8 w - - 2 65",1.0
"8/6R1/5p2/P3k2p/7P/1P6/7K/8 w - - 1 67",1.0
"8/P5R1/4k3/5p1p/7P/1P6/7K/8 w - - 1 69",1.0
"Q7/4k3/8/6Rp/5p1P/1P6/7K/8 w - - 1 71",1.0
"2k5/6R1/8/7p/4Qp1P/1P6/7K/8 w - - 5 73",1.0
"r1bq1rk1/pppp1ppp/2nbpn2/8/2B5/2P1PN2/PPQP1PPP/RNB2RK1 w - - 5 7",1.0
"r1bq1rk1/1ppp1ppp/2nb1n2/p3p3/2BPP3/2P2N2/PPQ2PPP/RNB2RK1 w - - 0 9",1.0
"r1bq1rk1/1ppp1ppp/3b1nn1/p2Pp1B1/2B1P3/2P2N2/PPQ2PPP/RN3RK1 w - - 3 11",1.0
"r1bq1rk1/1ppp1ppp/1b3n2/p2Pp1B1/P1B1P3/1NP2N2/1PQ2PKP/R4R2 w - - 3 15",1.0
"r1b2rk1/1ppq1ppp/1b1p1n2/p2Pp1B1/P1B1P3/1NP2N2/1P2QP1P/R4RK1 w - - 2 17",1.0
"r4r1k/1pp2p2/1b1p1p2/p2PpP1p/P1B5/1NP4P/1P3P2/R4RK1 w - - 0 23",1.0
"r5rk/1pp2p2/1b1p1p2/p2PpP2/P6p/1NP4P/1P2BP1K/R4R2 w - - 0 25",1.0
"r5k1/1pp2p2/1b1p1p2/p2PpPr1/P3B2p/1NP4P/1P3P1K/R4R2 w - - 4 27",1.0
"r5k1/1pp2p2/1b1p1p2/p2PpPr1/P3B2p/1NP4P/1P2RP1K/5R2 w - - 8 29",1.0
"2r3k1/1pp2p2/3p1p2/p1bPpPr1/P3B2p/2P4P/1P1NRP1K/6R1 w - - 12 31",1.0
"1r4k1/2p2p2/1p1p1p2/p1bPpPr1/P1N1B2p/1PP4P/4RP1K/6R1 w - - 1 33",1.0
"1r4k1/2p2p2/1p1p1p2/p1bPpPr1/P1N1B2p/1PP4P/4RP1K/R7 w - - 5 35",1.0
"1r4k1/2p2p2/1p1p1p2/p1bPpPr1/P1N1B2p/1PP4P/4RP1K/6R1 w - - 9 37",1.0
"7r/2p2p1k/1p1p1p2/p1bPpP2/P3B2p/1PP4P/R4PN1/6K1 w - - 3 41",1.0
"5k1r/2p2p2/1p1p1p2/p1bPpP2/P3B2p/1PP1N2P/R4P1K/8 w - - 7 43",1.0
"6r1/2p1kp2/1p1p1p2/p1bPpP2/P3B1Np/1PP4P/5P1K/R7 w - - 11 45",1.0
"2k5/2p2p2/1p1p1P2/p1bPp1p1/P3B2p/1PP1N2P/5P1K/8 w - - 1 49",1.0
"2k5/2p2p2/1p1p1P2/p1bPp1p1/P3B2p/1PP1N2P/5P2/5K2 w - - 5 51",1.0
"3k4/2p2p2/3p1P2/pP1Pp1p1/4B1Kp/1PP1N2P/1b3P2/8 w - - 3 55",1.0
"3k4/2p2p2/3p1P2/pP1Pp1K1/2P1B2p/1P2N2P/5P2/4b3 w - - 1 57",1.0
"3k4/2p2p2/3p1P2/pP1Pp3/2P1B1NK/1P5P/3b1P2/8 w - - 1 59",1.0
"4k3/2p2p2/5P2/pPpPN3/4B2K/1P5P/3b1P2/8 w - - 1 61",1.0
"5k2/2p2p2/5P2/pPpPN3/4BPK1/1Pb4P/8/8 w - - 1 63",1.0
"5k2/2p2p2/5P2/pPpPN2P/4BPK1/1Pb5/8/8 w - - 1 65",1.0
"6k1/2p2p2/5P1P/pPpPP3/4B1K1/1P6/8/8 w - - 1 67",1.0
"7k/3P1p1P/5P2/1P6/2P1BK2/8/p7/8 w - - 0 73",1.0
"r2qkbnr/pp2pppp/2p5/3p1b2/8/2NPP3/PP1P1PPP/R1BQK1NR w KQkq - 1 7",1.0
"r2qkbnr/pp2pppp/2p1b3/8/4P3/2N5/PP1P1PPP/R1BQK1NR w KQkq - 1 9",1.0
"r3kb1r/pp2pppp/2pqbn2/8/4P3/2N5/PP1PNPPP/R1BQ1RK1 w kq - 5 11",1.0
"r3kb1r/pp2pppp/2p1b3/3nP3/1q1P4/2N5/PP2NPPP/R1BQ1RK1 w kq - 1 13",1.0
"r3kb1r/pp2ppp1/2p1b3/1q1nP2p/3PN3/P7/1P2NPPP/R1BQ1RK1 w kq - 1 15",1.0
"r3kb1r/1p2ppp1/2p1b3/p2nP2p/Pq1PN3/8/1PQ1NPPP/R1B2RK1 w kq - 0 17",1.0
"r3kb1r/1p2ppp1/1qp5/p1NnP2p/P2P2b1/8/1PQBNPPP/R4RK1 w kq - 4 19",1.0
"r3kb1r/1p2pp2/1qp3p1/p1NnPN2/P2P4/7b/1PQB1P1P/RR4K1 w kq - 0 23",1.0
"r3kb1r/1p2pp2/1qp3p1/p1N1Pb2/P2P4/4B3/1PQ2P1P/RR4K1 w kq - 1 25",1.0
"2kr1b2/1p2pp2/1qp3p1/p3Pb2/P2PN2r/4BP2/1PQ4P/RR4K1 w - - 1 27",1.0
"2kr4/1p2pp2/1qp1b1pr/p3P3/P1RPN3/5P2/1P3Q1P/R5K1 w - - 2 31",1.0
"2kr4/1p2pp2/2p3pr/p1R1P3/Pq1P4/1bN2P2/1P3Q1P/R5K1 w - - 6 33",1.0
"2k5/4pp2/1pp3pr/R3P3/Pq1r4/RbN2P2/1P3Q1P/6K1 w - - 0 35",1.0
"2k5/R3pp2/2p3pr/p2bP3/1q1r4/R1N2P2/1P3Q1P/6K1 w - - 0 37",1.0
"R7/3kp3/2p3pr/R2bPp2/1q1r4/2N2P2/1P3Q1P/6K1 w - f6 0 39",1.0
"8/3kp3/2p3pr/3bPp2/N7/5P2/1P4QP/6K1 w - - 3 43",1.0
"4Q3/2k1p3/2p5/2N1Pp1r/1P6/5b2/7P/6K1 w - - 2 47",1.0
"r1b1kb1r/ppqppppp/2p2n2/8/3Pn3/2N1PN2/PPP1BPPP/R1BQ1RK1 w kq - 1 7",1.0
"r1b1kb1r/ppq1pppp/2pp1n2/4N3/3P4/2P1P3/P1P1BPPP/R1BQ1RK1 w kq - 0 9",1.0
"r1b1kb1r/pp2pppp/2pp4/q7/3Pn3/2PNP3/P1PBBPPP/R2Q1RK1 w kq - 4 11",1.0
"r3kb1r/pp2pppp/2pp4/5bq1/P2P1N2/2P1P3/2PQBPPP/R4RK1 w kq - 3 15",1.0
"r3kb1r/p3pppp/2pp4/Pp3bq1/3P1N2/2P1P3/2PQBPPP/RR4K1 w kq - 0 17",1.0
"3k1b1r/p4ppp/3pp3/P7/1R6/2r1PB2/2P2PPP/R5K1 w - - 0 25",1.0
"2rk1b1r/1R3ppp/p2pp3/P7/8/4PB2/2P2PPP/R5K1 w - - 0 27",1.0
"3k1b1r/1Rr2ppp/B2pp3/P7/8/4P3/5PPP/R5K1 w - - 1 29",1.0
"1R3b1r/4kppp/3pp3/P7/8/2rBP3/5PPP/R5K1 w - - 5 31",1.0
"5b1r/1R3ppp/4pk2/P2p4/8/2rBP3/5PPP/3R2K1 w - - 0 33",1.0
"7r/PR3p1p/3bpk2/3p2p1/8/2rBP3/5PPP/3R2K1 w - - 1 35",1.0
"r5k1/P2R1p2/2rbp3/3p2p1/8/3BP3/5PPP/R5K1 w - - 3 39",1.0
"r5k1/PR6/2rbp3/3p1p2/6p1/3BP1P1/5P1P/R5K1 w - - 0 41",1.0
"8/1R6/4pk2/3p1p2/6p1/3BP1P1/5PKP/2r5 w - - 3 47",1.0
"8/1R6/4pk2/3p1p2/8/2rBP1PK/5P2/8 w - - 1 49",1.0
"8/1R6/4pk2/1B1p1p2/8/4P1P1/1r3PK1/8 w - - 5 51",1.0
"8/1R6/4pk2/1B1p1p2/8/4P1P1/1r3P1K/8 w - - 9 53",1.0
"8/1R6/4pk2/1B1p1p2/8/4P1P1/1r3PK1/8 w - - 13 55",1.0
"8/1R6/5k2/1B1ppp2/8/4P1P1/5PK1/1r6 w - - 0 57",1.0
"8/1R6/5k2/1B1p1p2/4pP2/4P1PK/1r6/8 w - - 0 59",1.0
"8/1R6/5k2/1B1p4/4pPK1/4Pr2/8/8 w - - 5 63",1.0
"8/8/1RBk4/3p4/4pPK1/4Pr2/8/8 w - - 9 65",1.0
"8/8/8/3p4/B1k1pPK1/1R2Pr2/8/8 w - - 13 67",1.0
"8/1R6/8/3p1K2/B3pP2/3kP3/5r2/8 w - - 17 69",1.0
"8/1R6/8/3p1K2/B3pP2/3kP3/5r2/8 w - - 21 71",1.0
"8/1R6/8/3p1K2/B3pP2/3kP3/5r2/8 w - - 25 73",1.0
"8/1R6/8/3p1K2/B3pP2/3kP3/5r2/8 w - - 29 75",1.0
"8/1R6/8/3p1K2/B3pP2/3kP3/5r2/8 w - - 33 77",1.0
"8/1R6/8/3p1K2/B1k1pP2/4Pr2/8/8 w - - 37 79",1.0
"8/1R6/8/3B1K2/4pP2/4kr2/8/8 w - - 0 81",1.0
"8/8/8/4KPr1/4B3/1R6/3k4/8 w - - 3 85",1.0
"8/r7/5P2/8/3KB3/1R6/3k4/8 w - - 1 87",1.0
"8/3r4/5P2/4K3/4B3/8/1R6/4k3 w - - 5 89",1.0
"2r5/5P2/8/3BK3/8/8/1R6/4k3 w - - 1 91",1.0
"2r5/5P2/8/3B1K2/8/8/4k3/1R6 w - - 5 93",1.0
"8/5P2/8/5K2/2r5/8/4k3/8 w - - 0 95",1.0
"8/8/8/5K2/1Q6/8/2r5/3k4 w - - 3 97",1.0
"8/8/1Q6/5K2/8/8/2r1k3/8 w - - 7 99",1.0
"8/8/8/8/4K3/8/2rk4/1Q6 w - - 11 101",1.0
"8/8/8/8/3K4/3Q4/8/2r1k3 w - - 15 103",1.0
"8/8/8/8/8/2Q1K3/8/5k2 w - - 1 105",1.0
"rqb1kb1r/p2ppppp/1pn2n2/1Np5/8/4PN2/PPPPBPPP/R1BQ1RK1 w kq - 4 7",0.5
"rqb1kb1r/3pppp1/ppn2n2/2p4p/8/2NBPN2/PPPP1PPP/R1BQ1RK1 w kq - 0 9",0.5
"rqb1kb1r/3pppp1/1pn2n2/p1p3N1/P6p/2NBP3/1PPP1PPP/R1BQ1RK1 w kq - 0 11",0.5
"rqb1kb1r/3pppp1/1p3n2/pBp3N1/P5np/2N1P3/1PPP1PPP/R1BQ1RK1 w kq - 4 13",0.5
"r3kb1r/1q1p1pp1/1p2pn2/p1p3N1/P1Q2Pnp/2N1P3/1PPP2PP/R1B2RK1 w kq - 0 17",0.5
"r3k2r/3p1p2/1p1b1p2/p1pp4/P4Pnp/4P2N/1PPP2PP/R1B2RK1 w kq - 2 21",0.5
"2kr3r/3p1p2/1p1b1p2/p2p4/P1pP1Pnp/4P2N/1PPB2PP/R4RK1 w - - 2 23",0.5
"2k1r2r/3p1p2/1p1b4/p2p1p2/P1pP1Pnp/1P2P3/2PB1NPP/R4RK1 w - - 1 25",0.5
"2k1r1r1/3p1p2/1p1b4/p2p1p2/P1pP1Pn1/1P2P2p/2PB2PP/3NRRK1 w - - 0 27",0.5
"2k1r1r1/3p1p2/1p1b4/p2p1p2/P1PPnP2/4P1Pp/2PB3P/3NRRK1 w - - 1 29",0.5
"2k1r3/3p4/8/p1Pp1pr1/P7/4P1pR/2P5/3N1RK1 w - - 0 37",0.5
"2k1r3/3p4/8/p1P5/P2r1p2/2N3R1/2P3K1/5R2 w - - 0 41",0.5
"2k2r2/3p4/8/p1P5/P5R1/2N2p2/2P2K2/8 w - - 1 45",0.5
"2k5/3p4/8/p1P5/P3Nr2/5pR1/2P2K2/8 w - - 5 47",0.5
"8/3p4/2kN4/p1P5/P1P2r2/5pR1/5K2/8 w - - 1 49",0.5
"8/3p4/8/p1k2N2/P1P5/5K2/8/8 w - - 0 53",0.5
"8/3p4/8/p7/k1P1K3/4N3/8/8 w - - 0 55",0.5
"8/3p4/3K4/p7/2P5/2k1N3/8/8 w - - 4 57",0.5
"8/3p4/3K4/2PN4/p2k4/8/8/8 w - - 2 59",0.5
"8/3p4/3K4/2P5/p7/1k6/2N5/8 w - - 6 61",0.5
"8/3p4/3K4/1NP5/pk6/8/8/8 w - - 10 63",0.5
"8/3p4/3K4/2P5/p7/1k6/2N5/8 w - - 14 65",0.5
"8/3K4/2P5/8/8/p7/2k5/8 w - - 0 69",0.5
"2Q5/3K4/8/8/8/8/pk6/8 w - - 1 71",0.5
"Q7/3K4/8/8/8/8/pk6/8 w - - 5 73",0.5
"8/3K4/8/4Q3/8/1k6/p7/8 w - - 9 75",0.5
"8/8/4K3/8/3Q4/8/p7/1k6 w - - 13 77",0.5
"8/8/4K3/8/3Q4/8/p7/1k6 w - - 17 79",0.5
"8/8/4K3/8/3Q4/8/p7/1k6 w - - 21 81",0.5
"8/8/4K3/8/3Q4/8/p7/1k6 w - - 25 83",0.5
"8/8/4K3/8/3Q4/8/p7/1k6 w - - 29 85",0.5
"8/8/4K3/8/3Q4/8/p7/1k6 w - - 33 87",0.5
"8/8/4K3/8/3Q4/8/p7/1k6 w - - 37 89",0.5
"8/8/4K3/8/3Q4/8/p7/1k6 w - - 41 91",0.5
"8/8/4K3/8/3Q4/8/p7/1k6 w - - 45 93",0.5
"8/8/4K3/8/3Q4/8/p7/1k6 w - - 49 95",0.5
"8/8/4K3/8/3Q4/8/p7/1k6 w - - 53 97",0.5
"8/8/4K3/8/3Q4/8/p7/1k6 w - - 57 99",0.5
"8/8/4K3/8/3Q4/8/p7/1k6 w - - 61 101",0.5
"8/8/4K3/8/3Q4/8/p7/1k6 w - - 65 103",0.5
"8/8/4K3/8/3Q4/8/p7/1k6 w - - 69 105",0.5
"8/8/4K3/8/3Q4/8/p7/1k6 w - - 73 107",0.5
"8/8/4K3/8/3Q4/8/p7/1k6 w - - 77 109",0.5
"8/8/4K3/8/3Q4/8/p7/1k6 w - - 81 111",0.5
"8/8/4K3/8/3Q4/8/p7/1k6 w - - 85 113",0.5
"8/8/4K3/8/3Q4/8/p7/1k6 w - - 89 115",0.5
"8/8/4K3/8/3Q4/8/p7/1k6 w - - 93 117",0.5
"8/8/4K3/8/3Q4/8/p7/1k6 w - - 97 119",0.5
"r1b1kbnr/1pqppppp/8/p7/1n1N4/4P3/PPP1BPPP/RNBQ1RK1 w kq - 0 7",1.0
"r1b1kb1r/1p1ppppp/5n2/p3qN2/1n6/2N1P3/PPP1BPPP/R1BQ1RK1 w kq - 4 9",1.0
"r1b1kb1r/1p1pppp1/5n2/p4q1p/1P6/2N1P3/1PP1BPPP/R1BQ1RK1 w kq - 0 11",1.0
"2b1k2r/1p1p1pp1/6q1/P6p/3P1P2/5B2/1Pr3PP/R1BQ1RK1 w k - 3 21",1.0
"7Q/1p2k1p1/6q1/P2p3p/3PpP2/8/1P4PP/2R1R1K1 w - - 0 27",1.0
"7Q/1R4p1/5k2/P2p3p/3PpPq1/8/1P4PP/4R1K1 w - - 1 29",1.0
"8/1R4p1/6k1/P2Q3p/3Ppq2/8/1P4PP/4R1K1 w - - 0 31",1.0
"8/6p1/7k/P2Q2qp/3PR3/8/1P4PP/4R1K1 w - - 1 33",1.0
"8/4R3/6pk/P2Q3p/3P2q1/8/1P4PP/4R1K1 w - - 0 35",1.0
"8/4R3/P1Q3pk/7p/3P1q2/8/1P4PP/4R1K1 w - - 3 37",1.0
"8/P3R3/5Qpk/8/3P4/6p1/1P4PP/6K1 w - - 0 41",1.0
"r1bq1rk1/1ppp1ppp/2nbpn2/p7/2BP4/2N1PN2/PPP2PPP/R1BQ1RK1 w - - 0 7",1.0
"r1b2rk1/2pp1ppp/1p1qpn2/p7/PnBP4/3QPN2/1PP2PPP/R1B2RK1 w - - 2 11",1.0
"r1b2rk1/2pp1ppp/1p1qpn2/p7/PnBP4/1Q2PN1P/1PP2PP1/R1B2RK1 w - - 1 13",1.0
"r1b2rk1/3p1ppp/1p1qpn2/p1pn4/P1BP4/Q1P1PN1P/1P3PP1/R1B2RK1 w - - 0 15",1.0
"5rk1/3p1ppp/rp1qpn2/p1pnN3/P2P4/Q1P1P2P/1P3PP1/R1B2RK1 w - - 0 17",1.0
"5rk1/3p1ppp/r1q1pn2/p1p5/P1P5/2Q1P2P/1P3PP1/R1B2RK1 w - - 0 21",1.0
"1r4k1/5ppp/r1qppn2/p1p5/P1P5/3QP2P/1P3PP1/R1BR2K1 w - - 0 23",1.0
"1r4k1/5ppp/1rqpp3/p1p5/P1P1n3/RP1QP2P/5PP1/2BR2K1 w - - 3 25",1.0
"1r4k1/5ppp/r1qppn2/p1p5/P1P5/RP1QPP1P/3B2P1/3R2K1 w - - 3 27",1.0
"1r4k1/5ppp/1rqp1n2/p1p1pQ2/P1P5/RPB1PP1P/6P1/3R2K1 w - - 2 29",1.0
"1r4k1/5ppp/qr1p1n2/p1p1p3/P1P4P/RPB1PP2/2Q3P1/3R2K1 w - - 1 31",1.0
"1r4k1/5ppp/qr1p1n2/p1p1p3/P1P4P/RPB1PP2/2Q3P1/3R2K1 w - - 5 33",1.0
"1r4k1/5ppp/qr1p1n2/p1p1p3/P1P4P/RPB1PP2/2Q3P1/3R2K1 w - - 9 35",1.0
"1r4k1/5ppp/qr1p1n2/p1p1p3/P1P4P/RPB1PP2/2Q3P1/3R2K1 w - - 13 37",1.0
"1r4k1/5ppp/qr1p1n2/p1p1p3/P1P4P/RPB1PP2/2Q3P1/3R2K1 w - - 17 39",1.0
"qr4k1/5ppp/1r1p1n2/p1p1p3/P1P4P/RPB1PP2/2Q3P1/3R2K1 w - - 21 41",1.0
"qr4k1/5ppp/1r1p1n2/p1p1p3/P1P4P/RPB1PP2/2Q3P1/3R2K1 w - - 25 43",1.0
"qr4k1/5ppp/1r1p1n2/p1p1p3/P1P4P/RPB1PP2/2Q3P1/3R2K1 w - - 29 45",1.0
"qr4k1/5ppp/1r1p1n2/p1p1p3/P1P4P/RPB1PP2/2Q3P1/3R2K1 w - - 33 47",1.0
"qr4k1/5ppp/1r1p1n2/p1p1p3/P1P4P/RPB1PP2/2Q3P1/3R2K1 w - - 37 49",1.0
"qr4k1/5ppp/1r1p1n2/p1p1p3/P1P4P/RPB1PP2/2Q3P1/3R2K1 w - - 41 51",1.0
"1r4k1/5ppp/r1qp1n2/p1p1p3/P1P4P/RPB1PP2/2Q3P1/3R2K1 w - - 45 53",1.0
"1r4k1/5ppp/r1qp1n2/p1p1pQ2/P1P4P/RPB1PP2/6P1/1R4K1 w - - 49 55",1.0
"1r4k1/3n1ppp/1rqp4/p1p1pQ1P/P1P5/RPB1PP2/6P1/3R2K1 w - - 3 57",1.0
"1r4k1/3n1ppp/1rqp4/p1p1pQ1P/P1P5/RPB1PP2/6P1/3R2K1 w - - 7 59",1.0
"qr3nk1/5ppp/1r1p4/p1p1pQ1P/P1P5/RPB1PP2/6P1/3R2K1 w - - 11 61",1.0
"1r4k1/5ppp/qr1pn3/p1pRp2P/P1P5/RPB1PP2/6P1/1Q4K1 w - - 15 63",1.0
"1r4k1/1r3ppp/q2p4/p1p1p1nP/P1P5/RPB1PP2/3R2P1/1Q4K1 w - - 19 65",1.0
"1r4k1/4rppp/q2pn3/p1pRp2P/P1P5/RPB1PP2/2Q3P1/6K1 w - - 23 67",1.0
"6k1/4rppp/q1rpn3/B1pRp2P/P1P5/RP2PP2/3Q2P1/6K1 w - - 1 69",1.0
"2q3k1/2n2ppp/2rp4/2p4P/P1P1r3/RPBRP3/5QP1/6K1 w - - 2 73",1.0
"2q3k1/2n3pp/r2p4/P1p2p1P/2P1r3/RPBRPQ2/6P1/6K1 w - - 1 75",1.0
"2q3k1/2n3pp/r2p4/P1p2prP/2P5/1PBRPQ2/5RP1/6K1 w - - 5 77",1.0
"6k1/2nq2pp/r2p4/P1p2prP/2P5/1PBRPQ2/5RP1/6K1 w - - 9 79",1.0
"6k1/2n3pp/r2p4/P1p2Prq/2P5/1PBR1Q2/5RP1/6K1 w - - 0 81",1.0
"4n1k1/1Q4pp/3p4/B1p2Prq/2P5/1P1R4/5RP1/6K1 w - - 1 83",1.0
"2Q1n2k/6pp/3R4/B1p2P1q/2P5/1P4r1/5RP1/6K1 w - - 1 85",1.0
"2Q3R1/7p/6pk/2p2P1q/2P5/8/5RP1/6K1 w - - 3 91",1.0
"6R1/4Q2p/6pk/2p2P1q/2P5/8/5RP1/6K1 w - - 7 93",1.0
"6R1/7p/6p1/2p2P1k/2P3q1/4QR2/6P1/6K1 w - - 11 95",1.0
"6R1/7p/6p1/2p2P2/2P4k/4Q2P/8/6K1 w - - 1 97",1.0
"rnbq1rk1/pp2bppp/4pn2/2pp4/8/2NBPN2/PPPP1PPP/R1BQ1RK1 w - - 0 7",0.5
"r2q1rk1/pp1bbppp/2n1pn2/2pp4/P7/1PNBPN2/2PP1PPP/R1BQ1RK1 w - - 1 9",0.5
"r4rk1/ppqbbppp/4pn2/2pp2N1/Pn6/1PNBPQ2/2PP1PPP/R1B2RK1 w - - 5 11",0.5
"r4rk1/1pqbbppp/4pn2/p1pp2N1/P7/1PNQP3/2PP1PPP/R1B2RK1 w - - 0 13",0.5
"r4rk1/3bbppp/1p2pn2/pNppq1N1/P7/BP1QP3/2PP1PPP/R4RK1 w - - 2 15",0.5
"r4rk1/3bbppp/1p3n2/pNpp1pN1/P4P2/BP2P3/2PP2PP/R4RK1 w - - 0 17",0.5
"r2r2k1/3bbppp/1p6/pNp2P2/P1P1p3/B3P3/3P2PP/R4RK1 w - - 1 21",0.5
"1r1r2k1/4bppp/1pb5/pNp2P2/P1P1p3/B3P3/3P1RPP/1R4K1 w - - 5 23",0.5
"1r2r1k1/5ppp/1pb5/pNp2P2/P1P1p2b/4P3/1B1PR1PP/1R4K1 w - - 9 25",0.5
"1r4k1/4rppp/1pb5/pNp2Pb1/P1P1p3/4P3/1B1PR1PP/1R4K1 w - - 13 27",0.5
"3r2k1/1r3ppp/1pb5/p1p2Pb1/P1P1p3/N1B1P3/3PR1PP/1R4K1 w - - 17 29",0.5
"3r2k1/3r2pp/1pb2p2/pNp2Pb1/P1P1p3/2B1P3/3P1RPP/1R4K1 w - - 0 31",0.5
"4r3/3b2pk/1RN2p2/2p2P1p/2P4P/8/4p2K/4B3 w - - 2 43",0.5
"8/6pk/1R3p2/N1p2b1p/2P1r2P/8/4pB1K/8 w - - 0 47",0.5
"6k1/2R5/5pp1/N4b1p/2P4P/8/7K/4r3 w - - 2 51",0.5
"7k/2R1N3/5pp1/7p/2P1b2P/8/7K/4r3 w - - 6 53",0.5
"7k/R7/6p1/3N1p1p/2P1b2P/8/7K/3r4 w - - 2 55",0.5
"7k/R7/6p1/3P1p1p/3r3P/8/7K/8 w - - 1 61",0.5
"8/8/6pk/1R1P1p1p/3r4/8/8/6K1 w - - 4 65",0.5
"8/8/7k/1R1P2pp/3r1p2/5K2/8/8 w - - 0 67",0.5
"8/8/1R1P4/4k2p/3r1pp1/8/8/5K2 w - - 4 71",0.5
"8/8/3k4/7R/3r2p1/5p2/8/5K2 w - - 0 73",0.5
"5R2/8/4k3/8/6p1/4Kp2/r7/8 w - - 8 77",0.5
"5R2/8/4k3/8/3r2p1/5pK1/8/8 w - - 12 79",0.5
"8/R7/6k1/8/3r2p1/5pK1/8/8 w - - 16 81",0.5
"8/8/5k2/R7/3r2p1/5pK1/8/8 w - - 20 83",0.5
"8/8/5k2/R7/3r2p1/5pK1/8/8 w - - 24 85",0.5
"8/8/5k2/R7/3r2p1/5pK1/8/8 w - - 28 87",0.5
"8/8/5k2/R7/3r2p1/5pK1/8/8 w - - 32 89",0.5
"8/8/5k2/R7/3r2p1/5pK1/8/8 w - - 36 91",0.5
"8/8/6k1/R7/3r2p1/5pK1/8/8 w - - 40 93",0.5
"8/8/5k2/R7/3r2p1/5pK1/8/8 w - - 44 95",0.5
"8/8/6k1/R7/3r2p1/5pK1/8/8 w - - 48 97",0.5
"8/8/5k2/R7/3r2p1/5pK1/8/8 w - - 52 99",0.5
"8/8/6k1/R7/3r2p1/5pK1/8/8 w - - 56 101",0.5
"8/8/5k2/R7/3r2p1/5pK1/8/8 w - - 60 103",0.5
"8/8/6k1/R7/3r2p1/5pK1/8/8 w - - 64 105",0.5
"8/8/5k2/R7/3r2p1/5pK1/8/8 w - - 68 107",0.5
"8/8/6k1/R7/3r2p1/5pK1/8/8 w - - 72 109",0.5
"8/8/6k1/R7/3r2p1/5pK1/8/8 w - - 76 111",0.5
"8/8/6k1/R7/3r2p1/5pK1/8/8 w - - 80 113",0.5
"8/8/6k1/R7/3r2p1/5pK1/8/8 w - - 84 115",0.5
"8/8/6k1/R7/3r2p1/5pK1/8/8 w - - 88 117",0.5
"8/8/6k1/R7/3r2p1/5pK1/8/8 w - - 92 119",0.5
"r1bq1rk1/1ppp1ppp/2nbpn2/p7/2BP4/2N1PN2/PPP2PPP/R1BQ1RK1 w - - 0 7",0.0
"r1b2rk1/1ppp1ppp/2nqpn2/p7/2BP4/4PN2/PPP2PPP/R1BQ1RK1 w - - 0 9",0.0
"r1b2rk1/1ppp1pp1/2n1pn1p/p7/1qBP4/4P2N/PPP2PPP/R1BQ1RK1 w - - 2 11",0.0
"r1b2rk1/1pp2pp1/2nqpn1p/p2p4/3P4/2PBP2N/PP3PPP/R1BQ1RK1 w - - 1 13",0.0
"r1b2rk1/1pp2pp1/3q1n1p/p2pn3/P7/2PBP2N/1P3PPP/R1BQ1RK1 w - - 0 15",0.0
"r1b2rk1/1pp2pp1/3q3p/p3n3/P3pN2/2P1P3/1P3PPP/R1BQ1RK1 w - - 0 17",0.0
"r1br2k1/1p3pp1/3q3p/p1p1n3/P3pN2/1QP1P3/1P3PPP/R1B1R1K1 w - - 0 19",0.0
"r2r2k1/5pp1/bp1q3p/pQp1n3/P3pN2/2P1P3/RP3PPP/2B1R1K1 w - - 2 21",0.0
"r2r2k1/5pp1/1p5p/p1p1n3/P1b1pN2/Q1P1P3/RP3PPP/2BqR1K1 w - - 6 23",0.0
"r5k1/5pp1/1p5p/p1p1n3/P1b1pNq1/Q1P1P3/1P1r1PPP/R3R1K1 w - - 2 25",0.0
"r5k1/5pp1/1p5p/p1p1n3/P1b1p1q1/Q1P1P2N/1P1r1PPP/R1R3K1 w - - 6 27",0.0
"r5k1/5pp1/1p5p/p1p5/P1b3q1/Q1PpP3/1P1r1PPP/R1R3K1 w - - 0 29",0.0
"r5k1/5pp1/1p5p/p1pb4/PP2q3/Q1Pp4/3r1PPP/R1R3K1 w - - 0 31",0.0
"r1bq1rk1/1ppp1ppp/p1nbpn2/8/2BP4/2N1PN2/PPP2PPP/R1BQ1RK1 w - - 0 7",1.0
"r1bq1rk1/1ppp1ppp/p1nbpn2/8/P2P4/2NBPN2/1PP2PPP/R1BQ1RK1 w - - 3 9",1.0
"r1b1qrk1/1pp2ppp/p1pb1n2/8/P1B1P3/2N5/1PP2PPP/R1BQ1RK1 w - - 0 13",1.0
"r1b1qrk1/2p2ppp/ppp2n2/2Q1b3/P1B1P3/2N5/1PP2PPP/R1B2RK1 w - - 0 15",1.0
"r1b2rk1/2p2ppp/pppb1n2/4q3/PPB1P3/Q1N5/2P2PPP/R1B2RK1 w - - 1 17",1.0
"r1b2rk1/2p1qppp/pppb4/8/PPB5/1Q3PP1/2P4P/R1B2RK1 w - - 1 21",1.0
"r4rk1/2p2ppp/pppb4/4qb2/PPB3P1/1Q3P2/2PB3P/R4RK1 w - - 1 23",1.0
"r4rk1/2p2ppp/ppp5/8/Pb1B1PP1/1B6/7P/R4RK1 w - - 0 27",1.0
"3r2k1/2p2p1p/2p5/p1p2Pp1/P1B3P1/8/7P/4R1K1 w - g6 0 33",1.0
"3k4/2R2p2/8/8/P1B1r2p/7K/7P/8 w - - 1 47",1.0
"8/5p2/4k3/1BR5/P3r2p/7K/7P/8 w - - 5 49",1.0
"8/8/7R/1B2kp2/P3r2p/7K/7P/8 w - - 2 51",1.0
"8/3B4/8/P3kp1R/5r2/8/3K3P/8 w - - 1 59",1.0
"8/PB6/6k1/5p1R/8/1r6/3K3P/8 w - - 1 65",1.0
"4Q3/5r2/6k1/5p1R/8/8/3K3P/8 w - - 2 67",1.0
"8/5Q2/7k/5p2/8/8/3K3P/8 w - - 1 69",1.0
"8/8/6k1/8/5Q1P/8/3K4/8 w - - 1 71",1.0
"8/6k1/8/7P/5Q2/3K4/8/8 w - - 1 73",1.0
"8/7k/7P/8/3K1Q2/8/8/8 w - - 1 75",1.0
"r1bq1rk1/ppp1bppp/2n1pn2/3p4/8/2NBPN2/PPPP1PPP/R1BQ1RK1 w - - 2 7",0.0
"r1bq1rk1/1pp2ppp/2n1pn2/p1bp2N1/P7/2NBP3/1PPP1PPP/R1BQ1RK1 w - - 0 9",0.0
"r1bq1rk1/1pp2pp1/2n2n1p/p1bpp3/P7/2NBPQ1N/1PPP1PPP/R1B2RK1 w - - 0 11",0.0
"r2qr1k1/1pp2pp1/7p/p1b1n3/P5Q1/4P2P/1PPP1P1P/R1B2RK1 w - - 3 17",0.0
"r3r1k1/1pp2pp1/6np/p1bq4/P4P2/4P1QP/1PPP3P/R1B2RK1 w - - 1 19",0.0
"r3r1k1/1pp2pp1/3b2np/p4q2/P2P1P2/1P2P1QP/2P4P/R1B2RK1 w - - 1 21",0.0
"r3r1k1/1p3pp1/2pb2n1/p4q1p/P2P1P2/1P2P2P/R1P3QP/2B2RK1 w - - 0 23",0.0
"2r1r1k1/1p3pp1/2pb2n1/p4q2/P2P1P1p/1P2PQ1P/R1PB3P/5RK1 w - - 2 25",0.0
"r3r1k1/1p3pp1/2pb2n1/p7/P1PP1P1p/1P1qPQ1P/R2B3P/3R2K1 w - - 1 27",0.0
"rb2r1k1/1p3pp1/2p5/p1P2P2/P2P1n1p/1P1qPQ1P/R2B3P/3R2K1 w - - 1 29",0.0
"rb2r1k1/1p3pp1/2p5/p1P2P2/P2P2Qp/1q2P2P/R2Bn2P/3R3K w - - 0 31",0.0
"rb6/1p3ppk/2p5/p1Pq1P2/P2Pr3/7P/3Bn2P/R2R3K w - - 0 35",0.0
"r1bqk2r/1pp1bppp/2n1pn2/p2p4/8/2NBPN2/PPPP1PPP/R1BQ1RK1 w kq - 0 7",0.0
"r1bq1rk1/1pp1bppp/4pn2/p2p4/Pn1N4/2NBP3/1PPP1PPP/R1BQ1RK1 w - - 3 9",0.0
"r1b2rk1/1pp1bppp/1q2pn2/pN1p4/Pn1N4/3BP3/1PPPQPPP/R1B2RK1 w - - 7 11",0.0
"r1b2rk1/1p2bppp/1qp1pn2/pN1p4/P2N4/2PQP3/1P1P1PPP/R1B2RK1 w - - 0 13",0.0
"r4rk1/1p1bbppp/1q2pn2/p1pp4/P2N4/N1PQP3/1P1P1PPP/R1B1R1K1 w - - 0 15",0.0
"r4rk1/1p3ppp/1q1bpn2/p1ppN3/b7/N1PQP3/1P1P1PPP/R1B1R1K1 w - - 2 17",0.0
"r4rk1/1p3ppp/1q2p3/p1ppP3/b5n1/N1PQP3/1P1P2PP/R1B1R1K1 w - - 1 19",0.0
"r4rk1/1p3ppp/2q1p3/p1p5/2p5/R1PnP3/1P1P2PP/1QB1R1K1 w - - 3 23",0.0
"r4rk1/5ppp/2q1p3/1pp5/p1p5/R1PnP3/1PQP2PP/2B2RK1 w - - 0 25",0.0
"r2r2k1/5ppp/4p3/1ppq4/p1p5/R1PnP3/1PQP2PP/2B2RK1 w - - 4 27",0.0
"3r2k1/5ppp/r7/1ppqp3/p1p5/2PnP3/1PQP2PP/R1BR2K1 w - - 2 29",0.0
"3r2k1/5ppp/5r2/1ppqp3/p1p5/2PnP1P1/1PQP3P/1RBR2K1 w - - 1 31",0.0
"3r2k1/5ppp/8/1pp1p3/p1p1q3/2Pn2P1/1PQP1r1P/R1BR2K1 w - - 0 33",0.0
"r1bq1rk1/ppp1bppp/2n1pn2/3p4/2BP4/2N1PN2/PPP2PPP/R1BQ1RK1 w - - 0 7",1.0
"r1bq1rk1/1pp2ppp/2nbpn2/p2p2N1/3P4/2NBP3/PPP2PPP/R1BQ1RK1 w - - 0 9",1.0
"r2r2k1/1ppbqppp/3bpn2/p5N1/P2PP3/1PN1B3/5PPP/R2Q1RK1 w - - 3 15",1.0
"r2r2k1/1ppb1ppp/4pq2/p5N1/Pb1P4/1PN1B3/5PPP/R2Q1RK1 w - - 0 17",1.0
"r2r2k1/1pp3pp/2b1p3/p4p2/Pb1PN3/1P2B3/3N1PPP/R4RK1 w - - 0 21",1.0
"r5k1/1pp3pp/2b1p3/p1N2p2/P2r4/1P6/3B1PPP/R4RK1 w - - 0 23",1.0
"r5k1/1pp3pp/2b1p1r1/p1N2p2/P7/1P2BP2/6PP/R4RK1 w - - 1 25",1.0
"r5k1/1ppN2pp/2b3r1/p3p3/P4p2/1P2BP2/6PP/3R1RK1 w - - 0 27",1.0
"6k1/6p1/2p3p1/R7/P4p2/1b3P2/6PP/6K1 w - - 0 35",1.0
"6k1/R5p1/6p1/P1pb4/5p2/5P2/6PP/6K1 w - - 0 37",1.0
"8/2R3pk/P5p1/3b4/2p2p2/5P2/6PP/6K1 w - - 2 39",1.0
"6k1/P5p1/6p1/3b4/5p2/2R2P2/6PP/6K1 w - - 1 41",1.0
"2R5/P3k1p1/6p1/3b4/5p1P/5P2/6P1/6K1 w - - 1 43",1.0
"6R1/P5p1/5kp1/3b4/5p1P/5P2/5KP1/8 w - - 5 45",1.0
"5R2/Pb4p1/6p1/4k3/5p1P/5P2/5KP1/8 w - - 9 47",1.0
"8/P5R1/5kp1/3b4/5p1P/5P2/5KP1/8 w - - 1 49",1.0
"6R1/P7/6p1/3b1k2/5P1P/6K1/8/8 w - - 1 53",1.0
"R7/8/5kp1/8/5P1P/6K1/8/8 w - - 1 55",1.0
"8/6k1/R7/5p2/7P/6K1/8/8 w - - 0 57",1.0
"5k2/R7/8/5K1P/8/8/8/8 w - - 3 61",1.0
"7k/R7/4K2P/8/8/8/8/8 w - - 1 63",1.0
"7k/R7/4K2P/8/8/8/8/8 w - - 5 65",1.0
"R7/8/5K1k/8/8/8/8/8 w - - 0 67",1.0
"r1bq1rk1/ppp1bppp/2n1pn2/3p4/2BP4/2N1PN2/PPP2PPP/R1BQ1RK1 w - - 0 7",1.0
"r2q1rk1/pppbb1pp/2n1p3/5p2/3PB3/5N2/PPP2PPP/R1BQ1RK1 w - - 0 11",1.0
"r3brk1/ppp1b1pp/2nqp3/5p2/3P4/2PB1N2/PP3PPP/R1BQ1RK1 w - - 1 13",1.0
"r5k1/ppp1b1pp/2nqpr2/5p1b/2BP4/2P2N2/PP3PPP/R1BQR1K1 w - - 5 15",1.0
"r5k1/1pp1b1pp/2nqpr2/p4p2/2BP4/2P2Q2/PP3PPP/R1B1R1K1 w - - 0 17",1.0
"r2n2k1/1ppqb1pp/4pr2/p4p2/2BP1B2/2P1Q3/PP3PPP/R3R1K1 w - - 4 19",1.0
"r2n2k1/1ppqb1pp/4pr2/p4p2/2BP1B2/2P1Q3/PP3PPP/R3R1K1 w - - 8 21",1.0
"r2n2k1/1pp1b1pp/4p1r1/p3Bp2/q1BP4/2P2Q2/PP3PPP/R3R1K1 w - - 12 23",1.0
"r6k/1pq1b1pp/7r/p4B2/8/1PP2Q2/P4PPP/R3R1K1 w - - 1 29",1.0
"4r2k/2q1b1pp/7r/pp3B2/8/1PP2QP1/P4P1P/3RR1K1 w - - 0 31",1.0
"5r1k/3RR2p/6pr/p1q2B2/p5Q1/1PP3P1/5P1P/6K1 w - - 0 35",1.0
"7k/4R2p/6p1/p7/5P2/1pP4B/5P1P/6K1 w - - 0 39",1.0
"R7/6kp/6p1/p7/5P2/2P4B/1p3P1P/6K1 w - - 0 41",1.0
"8/7p/8/R7/5p1k/2P4B/5P1P/6K1 w - - 3 47",1.0
"3qkb1r/2pppppp/rpn2n2/p7/8/2N1PN2/PPPP1PPP/R1BQ1RK1 w k - 0 7",1.0
"r2qkb1r/2pppppp/1pn5/p7/3P2n1/2NQPN2/PPP2PPP/R1B2RK1 w k - 3 9",1.0
"r2qkb1r/2ppppp1/1pn4n/p4QNp/3P4/2N1P3/PPP2PPP/R1B2RK1 w k - 2 11",1.0
"r2qkb1r/2pppp2/1p4pn/p2P2Np/1n6/2N1PQ2/PPP2PPP/R1B2RK1 w k - 1 13",1.0
"r2qkb1r/2ppp3/1p4pn/p2PQpNp/8/2N1P3/PPn2PPP/R1B2RK1 w k - 0 15",1.0
"r2qk1r1/2ppp1b1/1p4pn/p2PQpNp/8/2N1P3/PPnB1PPP/2R2RK1 w - - 4 17",1.0
"r2qk1r1/2ppp3/1p3bpn/p2P1pNp/1nQ5/2N1P3/PP1B1PPP/2R2RK1 w - - 8 19",1.0
"r3k1r1/1q1ppn2/1pn3p1/pN3p1p/2QN4/2R1P3/PP3PPP/5RK1 w - - 3 25",1.0
"r3k1r1/1q1ppn2/1pn3p1/pN3p1p/2QN4/2R1P3/PP3PPP/5RK1 w - - 7 27",1.0
"r3k1r1/3ppn2/1p4p1/pN1qnp1p/3N4/2R1P3/PP3PPP/3R2K1 w - - 0 29",1.0
"3k2r1/3ppn2/rp4p1/p2Nnp1p/3N4/2R1P3/PP3PPP/3R2K1 w - - 1 31",1.0
"4k1r1/4pn2/rN2p1p1/p3np1p/8/2R1P3/PP3PPP/3R2K1 w - - 1 33",1.0
"6R1/4p3/4pkp1/p4p1p/1rR5/1P2P3/P4PPP/6K1 w - - 1 39",1.0
"5R2/2R1p1k1/4p1p1/5p1p/pr6/1P2P3/P4PPP/6K1 w - - 2 41",1.0
"8/2R1R3/4pkp1/5p1p/1r6/1p2P3/P4PPP/6K1 w - - 0 43",1.0
"8/2R2R2/4k1p1/4pp1p/1r3P2/1p2P3/P5PP/6K1 w - - 2 45",1.0
"8/4R3/5Rp1/3kPp1p/8/4r3/6PP/6K1 w - - 0 49",1.0
"8/5R2/4P2R/6kp/8/5PK1/8/7r w - - 4 59",1.0
"8/4R3/R7/5k2/7p/5P2/5K2/8 w - - 1 63",1.0
"8/8/4k3/R7/5P1R/8/5K2/8 w - - 1 67",1.0
"5k2/8/R7/5P2/7R/8/5K2/8 w - - 3 69",1.0
"6k1/8/R4P2/8/5R2/8/5K2/8 w - - 3 71",1.0
"4k3/R7/5P2/8/1R6/8/5K2/8 w - - 7 73",1.0
"r1bqkb1r/ppp1ppp1/2n2n2/3p4/2B4P/2N1PN2/PPPP1P1P/R1BQK2R w KQkq - 0 7",1.0
"2kr1b1r/ppp1ppp1/2bq1n2/3p4/7P/4PN2/PPPPNP1P/R1BQ1RK1 w - - 2 11",1.0
"2kr1b1r/ppp2pp1/2bq1n2/3p4/4p2P/3PPN2/PPPBNP1P/R2Q1RK1 w - - 0 13",1.0
"2kr4/pppq1pp1/2bb1n2/6N1/4p2r/2B1P1N1/PPP2P1P/R2Q1RK1 w - - 2 17",1.0
"2kr4/Q1p2p2/2bb1p2/1p3q2/4p1r1/4P1NN/PPP2P1P/R4RK1 w - - 2 21",1.0
"2kr2r1/Q1p2p2/2bb1p2/1q6/4p3/4P1NN/1PP2P1P/R4RK1 w - - 0 23",1.0
"2k3r1/Qbp2p2/5p2/5q2/4pN2/1P2P1N1/2Pr1P1P/5RK1 w - - 2 27",1.0
"2k5/Qbp2p1q/5p2/6r1/2P1pN2/1P2P1N1/3r1P1P/R5K1 w - - 3 29",1.0
"2k5/Qbp2p2/7q/1P3pr1/2P1pN2/4P1N1/3r1P1P/R5K1 w - - 0 31",1.0
"8/4kp2/4q3/1PP1Qp2/4p3/4P1P1/5P2/R5K1 w - - 3 39",1.0
"2k5/R4p2/4q3/1PP2p2/3Qp3/4P1P1/5P2/6K1 w - - 7 41",1.0
"r1bqkb2/ppppppp1/2n2n2/8/8/2NBPN1r/PPPP1P1P/R1BQ1RK1 w q - 0 7",1.0
"r1bq1b2/pppppkp1/2n2n2/8/7r/2NBP3/PPPP1P1P/R1BQ1RK1 w - - 0 9",1.0
"r1bq1bk1/pppp2p1/2n1pn2/5B2/P6r/2N1P3/1PPP1P1P/R1BQ1RK1 w - - 0 11",1.0
"r1bq1bk1/pppp2p1/4pn2/4n3/P5r1/2NBP3/1PPP1P1P/R1BQ1R1K w - - 4 13",1.0
"r1bq2k1/pppp2p1/4pn2/2b5/P5r1/2NQP3/1PPP1P1P/R1B2R1K w - - 1 15",1.0
"r1bq2k1/ppp3p1/4pn2/2bp4/P6r/2NQPP2/1PPP3P/R1B3RK w - - 0 17",1.0
"r2q2k1/p1pb2p1/p3pn2/2bp4/7r/2NQPP2/1PPP3P/R1B3RK w - - 0 19",1.0
"r2q2k1/p1pb2p1/p2bp3/R2p4/5Pnr/2NQP3/1PPP3P/2B3RK w - - 1 21",1.0
"r1bq2k1/p5p1/p2bp3/R1pp4/5Pnr/2NQP3/1PPP2RP/2B3K1 w - - 0 23",1.0
"r1bq2k1/p5p1/p2b2Q1/3pp3/2p2Pnr/2N1P3/1PPP2RP/R1B3K1 w - - 0 25",1.0
"r2q2k1/p5p1/p2b2Qn/4p3/2ppN1r1/4P3/1PPP2RP/R1B3K1 w - - 3 29",1.0
"r6k/p7/p2N1p2/4p3/2pp2n1/4P3/1PPP3P/R1B3K1 w - - 0 33",1.0
"7k/p7/p4p1n/8/2Np4/3P3P/1PP3K1/R1B1r3 w - - 5 39",1.0
"7k/p7/p2N3n/5p2/3p4/3P3P/1PP2K2/R1Br4 w - - 2 41",1.0
"6k1/p7/p2N3n/8/2P2p2/3P3P/5K2/R1B4r w - - 1 47",1.0
"8/p4k2/p7/2P5/5p2/3P3P/5K2/R1B4r w - - 0 49",1.0
"8/p4k2/p1P5/8/5p2/3P1K1P/2r5/R1B5 w - - 3 51",1.0
"1R6/p4k2/p7/8/5B2/2rP1K1P/8/8 w - - 3 55",1.0
"6k1/R7/8/p7/3PKB2/7P/r7/8 w - - 1 59",1.0
"3Q4/R7/4k3/8/8/p3K2P/8/8 w - - 1 65",1.0
"r2qkb1r/p1ppppp1/bpn5/7p/P5n1/2N2NPB/1PPPPP1P/R1BQ1RK1 w kq - 4 7",1.0
"r2qk2r/p1ppppb1/bpn3p1/3N3p/P5n1/3P1NPB/1PP1PP1P/R1BQ1RK1 w kq - 2 9",1.0
"r2qk2r/p1pppp2/bpn3p1/3Nn2p/P3P3/3P2PB/1PP2P1P/R1BQ1RK1 w kq - 0 11",1.0
"r2q1rk1/p1p1pp2/bpnp2p1/3Nn1Bp/PP2P3/3P2PB/2P2P1P/R2Q1RK1 w - - 1 13",1.0
"2rq1rk1/2p1pp2/1pnp2p1/p2N2Bp/P1P1P3/3P2P1/5P1P/R2Q1RK1 w - - 0 17",1.0
"2rqr1k1/2p1pp2/1p1p2pB/p2N3p/P1PnP3/3P2P1/3Q1P1P/R4RK1 w - - 4 19",1.0
"2rqr1k1/2p1pp2/1p1p2pB/p2Nn2p/P1P1P3/3P2P1/1Q3P1P/R4R1K w - - 8 21",1.0
"2rq2r1/5R2/1p2p1pk/p1p1Q2p/P1P1P1P1/3PN3/7P/R6K w - - 0 27",1.0
"6Q1/8/1p4pk/p1p4p/P1P1P3/4r3/7P/R6K w - - 0 33",1.0
"r1b1kb1r/ppqppppp/5n2/2p5/8/2NPPN2/PP1P1PPP/R1BQ1RK1 w kq - 2 7",1.0
"r1b1kb1r/pp1ppppp/2q5/1Npn4/P7/3PPN2/1P1P1PPP/R1BQ1RK1 w kq - 1 9",1.0
"r1b1kb1r/pp1ppppp/1q6/1Np1N3/P3Pn2/3P4/1P1P1PPP/R1BQ1RK1 w kq - 3 11",1.0
"r1b1kb1r/pp1ppppp/2q3n1/1Np5/P1N1P1Q1/3P4/1P1P1PPP/R1B2RK1 w kq - 7 13",1.0
"r1b1kb1r/1p2pppp/p1qp2n1/1Np5/P1N1P3/1P1P2Q1/3P1PPP/R1B2RK1 w kq - 0 15",1.0
"r3kb1r/1p2ppp1/p1qpb1n1/2p4p/P1N1P3/1PNP2Q1/3P1PPP/R1B1R1K1 w kq - 0 17",1.0
"r3kb1r/1p2ppp1/p1qpb1n1/P1p3Q1/2N1P3/1PNP3p/3P1PPP/R1B1R1K1 w kq - 0 19",1.0
"3rkb1r/1p2ppp1/p1qpb3/P1pNn1Q1/4P3/1PNP3p/3P1PPP/R1B1R1K1 w k - 4 21",1.0
"3rkb1r/1p2p1p1/p1qpbp2/P1pNn3/4P3/1PNPR3/3P1PQP/R1B3K1 w k - 0 23",1.0
"3rkb2/1p2pb1Q/p1qp1pp1/P1pN4/4PPn1/1PNP4/3P3P/R1B3K1 w - - 2 27",1.0
"3rk3/1p2pb1Q/p1qp2pb/P1pN1p2/4PPn1/BPNP4/3P3P/2R3K1 w - - 0 29",1.0
"3r1k2/1p2pb1Q/p1qp3b/P1pN1p2/5Pn1/BPNP4/3P3P/4R1K1 w - - 0 31",1.0
"4r1b1/4k3/p1pp3Q/P1p2p2/5P2/BPNP3P/3P1K2/8 w - - 3 39",1.0
"5rb1/8/p1ppk3/P1p2pQ1/5P1P/BPNP4/3P1K2/8 w - - 1 41",1.0
"5r2/4kb2/p1pp3Q/P1p2p2/5P1P/BPNP4/3P4/6K1 w - - 5 43",1.0
"8/5b1Q/p1pBk3/P7/4NPrP/3P4/3P4/7K w - - 3 51",1.0
"3k4/5Q2/p1pB4/P4P2/4N1rP/3P4/3P4/7K w - - 1 53",1.0
"r1bqkb2/pppppp2/2n2np1/6Nr/4N2p/3BP3/PPPP1PPP/R1BQK2R w KQq - 0 7",0.0
"r1bqkb2/ppp1pp2/2n3p1/3p3r/4N2p/3BP3/PPPP1PPP/R1BQ1RK1 w q - 0 9",0.0
"r1bqkb2/ppp1pp2/2n3p1/1N1p3r/7p/3BP3/PPPP1PPP/R1BQ1RK1 w q - 4 11",0.0
"r1bqkb2/ppp1pp2/2n3p1/1N1p1r2/5P1p/4P3/PPPPB1PP/R1BQ1RK1 w q - 1 13",0.0
"r1bqkb2/1pp1pp2/p1n2rp1/1N1p4/3P1PBp/4P3/PPP3PP/R1BQ1RK1 w q - 0 15",0.0
"r2qkb2/1pp1pp2/p1n3p1/3p1r2/3P1P1p/2N1P3/PPP3PP/R1BQ1RK1 w q - 0 17",0.0
"r3kb2/1pp2p2/p1n1pqp1/3p1r2/3P1PQp/2N1P3/PPPB2PP/R4RK1 w q - 2 19",0.0
"2kr1b2/1pp2p2/p1n1pqp1/3p3r/P2P1PQp/2N1P3/1PP3PP/R3BRK1 w - - 1 21",0.0
"2kr4/1pp2p2/4p1p1/pN1p1q1r/Pn1P1PQp/1P2P3/2P3PP/2R2RK1 w - - 2 25",0.0
"1k1r4/Npp2p2/6p1/p2p1p1r/Pn1P1P1p/1P2P3/2P3PP/2R2RK1 w - - 0 27",0.0
"2k1r3/1pp2p2/6p1/pN1p1p1r/Pn1P1P1p/1P2PR2/2P3PP/2R3K1 w - - 4 29",0.0
"2k1r3/1pp2p2/6p1/pN1p1p1r/Pn1P1P1p/1P2PR2/2P3PP/2R3K1 w - - 8 31",0.0
"2k1r3/1pp2p2/2n5/pN3pr1/P1PP3p/4PR2/6PP/2R3K1 w - - 0 35",0.0
"2k3r1/1pp1np2/8/pN3pr1/P1PP3p/4PR2/5RPP/6K1 w - - 4 37",0.0
"6r1/1pk5/5p2/p4R2/P1P5/4P2p/6PP/6K1 w - - 0 43",0.0
"8/1pk5/5R2/p7/P1r5/4P1Pp/7P/6K1 w - - 0 45",0.0
"8/kp6/5R2/p7/P1r5/4P1Pp/7P/6K1 w - - 4 47",0.0
"8/k7/8/1P6/p7/4P1Pp/7P/5K2 w - - 0 51",0.0
"8/8/1k6/1P6/8/p3PKPp/7P/8 w - - 2 53",0.0
"8/8/8/1k4P1/8/7K/7P/6q1 w - - 0 67",0.0
"8/8/3q4/1k4P1/6K1/8/8/8 w - - 2 69",0.0
"8/8/8/1k4P1/5K2/8/2q5/8 w - - 14 75",0.0
"8/8/4q3/6P1/2k5/6K1/8/8 w - - 30 83",0.0
"8/8/7K/6P1/2k5/4q3/8/8 w - - 46 91",0.0
"rqb1kb1r/pp1pppp1/2n2n2/1Np4p/8/3BPN2/PPPP1PPP/R1BQ1RK1 w kq - 4 7",1.0
"rqb1kb1r/1p1pppp1/p1n2n2/1Np3N1/P6p/3BP3/1PPP1PPP/R1BQ1RK1 w kq - 0 9",1.0
"rqb1kb1r/1p1pppp1/5n2/p1p1n1N1/P1B4p/2N1P3/1PPP1PPP/R1BQ1RK1 w kq - 2 11",1.0
"rqb1kb1r/3pppp1/1p3n2/pBp3N1/P4Pnp/2N1P3/1PPP2PP/R1BQ1RK1 w kq - 0 13",1.0
"rqb1kb1r/3p1pp1/1p2pn1n/p1p3N1/P4P1p/2N1P3/1PPPB1PP/R1BQ1RK1 w kq - 2 15",1.0
"rq2k2r/3p1pp1/1p2pn2/p1b1P3/P2n1P1p/2N5/1PP3PP/R1BQ1RK1 w kq - 1 21",1.0
"rq2k2r/3p1pp1/1p2pn2/p1B1P3/P4P1p/2N5/1P4PP/n2Q1RK1 w kq - 0 23",1.0
"r3k2r/1q1p1p2/3Bpp2/pN6/P4P1p/8/1P3RPP/n2Q2K1 w kq - 1 27",1.0
"3k4/3p1p2/3Bpp1r/p2q4/PP3P1p/8/5RPP/Q5K1 w - - 1 31",1.0
"3k4/3p1p2/4ppr1/8/qB3P1p/8/5RPP/4Q1K1 w - - 0 35",1.0
"8/3pkp2/4pp2/B4P2/q5rp/8/5RPP/4Q1K1 w - - 3 37",1.0
"4k3/8/3pp3/3q4/3B3R/1r5P/6P1/4Q1K1 w - - 0 45",1.0
"8/3k4/3p4/3qp3/3BR3/1r5P/6P1/4Q1K1 w - - 2 47",1.0
"8/3k1q2/3p4/4p3/4R2P/8/1r3BP1/4Q1K1 w - - 1 49",1.0
"8/5q2/3pk3/4p3/1Q5P/8/5BP1/6K1 w - - 1 51",1.0
"8/8/2Qpk3/5q2/4p2P/8/5BP1/6K1 w - - 2 53",1.0
"2Q5/8/3p2k1/5q2/3Bp2P/8/6P1/6K1 w - - 6 55",1.0
"4Q3/6k1/3p4/5q2/4p2P/4B3/6P1/6K1 w - - 10 57",1.0
"8/7k/3Q4/5q2/4p2P/4B3/6P1/6K1 w - - 1 59",1.0
"3Q4/7k/8/8/3Bp2P/6q1/6P1/6K1 w - - 5 61",1.0
"8/7k/8/6Q1/3Bp2P/8/6P1/6K1 w - - 3 65",1.0
"rqb1kb1r/1p1ppppp/p1n2n2/1Np5/8/3BPN2/PPPP1PPP/R1BQ1RK1 w kq - 0 7",1.0
"rqb1kb1r/1p1pppp1/p1n2n2/2p5/P6p/2NBPN2/1PPP1PPP/R1BQ1RK1 w kq - 0 9",1.0
"rqb1kb1r/1p1pppp1/5n2/p1p1n1N1/P1B4p/2N1P3/1PPP1PPP/R1BQ1RK1 w kq - 2 11",1.0
"rqb1kb1r/1p1pppp1/5n2/p1p1n1N1/P1B4p/2N1P3/1PPP1PPP/R1BQ1RK1 w kq - 6 13",1.0
"r1b1kb2/1p1ppNp1/5n2/p1q4r/P1Bn3p/2N5/1PP2PPP/R1BQR1K1 w q - 3 19",1.0
"r1b1kb2/1p1ppNp1/1q3n2/p4r2/P1Bn3p/BPN5/2P2PPP/R2QR1K1 w q - 3 21",1.0
"r1bk1b2/1p1pp1p1/1q3n2/p4n2/P1B4p/BPN5/2P2PPP/R2QR1K1 w - - 0 23",1.0
"r1bk1b2/1p1pp1p1/2qn1n2/p1B1R3/P1B4p/1PN5/2P2PPP/R2Q2K1 w - - 4 25",1.0
"r1bk1b2/1pqpp3/3n1np1/pBB1R3/P2Q3p/1PN5/2P2PPP/R5K1 w - - 0 27",1.0
"5b2/1p1kp3/1P1p1np1/R7/2Q5/1PN4b/2P2P1P/6K1 w - - 2 35",1.0
"R1Q5/1p1np1b1/1P1k2p1/3p4/8/1PN5/2P2P1P/6K1 w - - 3 39",1.0
"R1Q5/1pNnp1b1/1P1k2p1/3p4/8/1P6/2P2P1P/6K1 w - - 7 41",1.0
"R1Q5/1p1np1N1/1P3kp1/3p4/8/1P6/2P2P1P/6K1 w - - 1 43",1.0
"2Q1N3/1p1np3/1P2k1p1/8/3p4/1P6/2P2P1P/R5K1 w - - 0 45",1.0
"4N3/1p1Qpk2/1P4p1/R7/8/1P1p4/2P2P1P/6K1 w - - 0 47",1.0
"5k2/1p1Qp3/1P6/6R1/4N3/1P1P4/5P1P/6K1 w - - 1 51",1.0
"r1bqkb1r/pp1p1pp1/4pn2/2p3N1/7p/1QNPP3/PP1P1PPP/R1B2RK1 w kq - 0 9",1.0
"r1b1kb1r/pp1p1pp1/4pn2/2p3N1/Qq5p/2NPP3/PP1P1PPP/R1B2RK1 w kq - 4 11",1.0
"r1b2rk1/pp1p1pp1/1q1bp3/2p5/P3N2p/3PP3/1PQP1PPP/R1B2RK1 w - - 1 15",1.0
"r1b2rk1/pp1p1pp1/3qp3/P1p5/7p/3PP3/1PQP1PPP/R1B2RK1 w - - 0 17",1.0
"r1b2rk1/pp1p1pp1/4p3/P1pq4/R7/3PP2P/1PQP1P1P/2B2RK1 w - - 1 19",1.0
"r1b2rk1/p2p1pp1/1p6/P1pqp3/6R1/2QPP2P/1P1P1P1P/2B2RK1 w - - 0 21",1.0
"r1b1r1k1/p2p1pp1/1p1q4/P1p1p3/4PPR1/2QP3P/1P1P3P/2B2RK1 w - - 1 23",1.0
"r1b1r1k1/p2p1pp1/7q/p1p1P1R1/4P3/2QP3P/1P1P3P/2B2RK1 w - - 1 25",1.0
"3r3k/p2Q4/1q6/p7/2P1P3/7P/1P1P3P/2B2R1K w - - 1 35",1.0
"2r5/p5k1/1q6/p7/2P1P2Q/7P/1P1P3P/2B2R1K w - - 5 37",1.0
"2Q5/p5qk/8/p7/2P1P3/3P3P/1P5P/2B2R1K w - - 1 41",1.0
"8/7k/p5q1/Q7/2P1P3/3P3P/1P5P/2B2R1K w - - 0 43",1.0
"7k/5Q2/8/p7/2P1P3/1P1P3P/7P/2B4K w - - 0 47",1.0
"r2qkb2/ppp1ppp1/2n2n2/3p4/8/2NBP2r/PPPP1P1P/R1BQ1RK1 w q - 0 9",0.0
"r2qkb2/ppp1pp2/2n2np1/3p1B2/3P3r/2N1P3/PPP2P1P/R1BQ1RK1 w q - 0 11",0.0
"2kr1b2/ppp1pp2/2nq1np1/3p4/3P1P1r/2NBP3/PPP4P/R1BQ1RK1 w - - 1 13",0.0
"2kr1b2/1pp1pp2/p1n1q1p1/1N6/P2PpP1r/4P3/1PPB3P/R2Q1RK1 w - - 0 17",0.0
"2kr1b2/1pp1p3/p5p1/3n1pNq/P4Pr1/4P3/1PPBQ2P/R4R1K w - - 2 23",0.0
"2kr4/1pp3b1/p3p1p1/3n1p1q/P4Pr1/2P1PN2/1P1BQ2P/R4R1K w - - 0 25",0.0
"rn1q3r/pbpppk1p/1p3n1b/8/4P3/3B4/PPPP1PPP/RNBQK2R w KQ - 0 7",1.0
"rn1q2kr/pbppp2p/1p3n2/8/4Pb2/2NB4/PPPP1PPP/R1BQ1RK1 w - - 4 9",1.0
"rn1q2kr/1bppp2p/1p3n2/p7/4P3/2NB1Q2/PPPP1PPK/R1B2R2 w - - 0 11",1.0
"r4qkr/3pp2p/1Qn2n2/p7/4P3/2NP4/PP1P1PP1/R1B2RK1 w - - 1 17",1.0
"r5kr/3p1q1p/2n2n2/pQ2p3/P3P3/2NP4/1P1P1PP1/R1B2RK1 w - - 0 19",1.0
"5rkr/3p2qp/2n5/p1Q1P2n/P4R2/2NP4/1P1P2P1/R1B3K1 w - - 1 23",1.0
"6kr/3p1rnp/2n5/p2Q4/P7/2NP4/1P1P2P1/R1B3K1 w - - 2 27",1.0
"6kr/3p2np/8/p3nr2/P7/2NP2Q1/1P1P2P1/R1B3K1 w - - 6 29",1.0
"6kr/3p2np/8/p2P1r2/P2n4/2N3Q1/1P1P2P1/R1B3K1 w - - 1 31",1.0
"7k/3p1r2/8/p2P3p/P7/2NP2Q1/1Pn3P1/R5K1 w - - 0 35",1.0
"5r2/3p2k1/8/p2P3Q/P7/2NP4/1Pn3P1/R5K1 w - - 1 37",1.0
"6k1/8/8/p2P4/Pn3r2/2NP3Q/1P4P1/2R3K1 w - - 3 41",1.0
"6k1/8/8/p2P4/Pn3Q2/2NP4/1P4P1/2R3K1 w - - 1 43",1.0
"4k3/8/3P4/p7/PnQ5/2NP4/1P4P1/2R3K1 w - - 1 45",1.0
"8/6k1/3P4/pQ6/Pn1P4/2N5/1P4P1/2R3K1 w - - 3 47",1.0
"3Q4/8/7k/pQ6/Pn1P4/2N5/1P4P1/2R3K1 w - - 1 49",1.0
"r1b1kb1r/ppp1ppp1/2nq4/3p2Np/6n1/2N1P3/PPPPBPPP/R1BQ1RK1 w kq - 2 7",0.0
"r3kb1r/pppqppp1/2n5/1N1p1bNp/5Pn1/4P3/PPPPB1PP/R1BQ1RK1 w kq - 3 9",0.0
"r3kb1r/1ppqp1p1/p1n2p2/3p1bNp/3P1Pn1/2N1P3/PPP1B1PP/R1BQ1RK1 w kq - 0 11",0.0
"2kr1b1r/1ppq2p1/p1n1p3/3p1bP1/3P2p1/2NBP3/PPP3P1/R1BQ1RK1 w - - 0 15",0.0
"2k2r1r/1pp3p1/p2qp1b1/3p4/1P4p1/P1N5/R1P3P1/2BQ2K1 w - - 2 27",0.0
"2k4r/1pp3p1/p3p1b1/3p4/1P3r2/P1N2p2/R1P2KP1/7q w - - 0 31",0.0
"2k4r/1pp3p1/p3p1bq/3p4/1P3N2/P4r2/R1PK4/6q1 w - - 0 35",0.0
"r1bqk2r/1ppppp2/2n2npb/p6p/P7/2N2NPB/1PPPPP1P/R1BQ1RK1 w kq - 2 7",0.5
"r1q1k2r/1pp1pp2/5np1/p2p3p/Pn1P1Q2/2N2NP1/1PP1PP1P/R4RK1 w kq - 2 11",0.5
"r1q2rk1/1p2pp2/2p2np1/pN1p3p/Pn1P1Q2/5NP1/1PP1PP1P/R1R3K1 w - - 0 13",0.5
"5rk1/rpNqpp2/2p2np1/p2pQ2p/Pn1P4/5NP1/1PP1PP1P/R1R3K1 w - - 4 15",0.5
"5rk1/1p1qpp2/r1p2np1/p2pQ2p/P2P4/2P2NP1/1P2PP1P/R1R3K1 w - - 0 17",0.5
"5rk1/1p2pp2/1rp2n2/p4p1p/P2P4/5NPP/1PR1PP2/R5K1 w - - 1 23",0.5
"3r2k1/1p3p2/1rp1pn2/p3Np1p/P2P4/4P1PP/1PR2P2/R5K1 w - - 2 25",0.5
"3r2k1/1p3p2/r1p1p3/p3Np1p/P2Pn3/4P1PP/1PR2P2/R5K1 w - - 6 27",0.5
"3r2k1/1p6/1rp1ppN1/p4p1p/P2Pn3/1P2P1PP/2R2P2/R5K1 w - - 2 29",0.5
"3r2k1/1p6/1rp5/p3pp1p/P3nN2/1P2P1PP/2R2P2/R5K1 w - - 0 31",0.5
"4r1k1/1p6/2p5/R3pp1p/P7/3rP1PP/5P2/R5K1 w - - 1 35",0.5
"4r1k1/1p4r1/2p5/R3pp1p/P6P/4P1P1/5P2/1R4K1 w - - 1 37",0.5
"r7/6k1/P1p5/1p2pp1p/7P/4P1P1/5P2/1R4K1 w - - 1 41",0.5
"r7/8/P1p2k2/4pp1p/1p3P1P/4P1P1/8/R5K1 w - - 1 43",0.5
"r7/P3k3/R1p5/5p1p/1p2pP1P/4P1P1/8/6K1 w - - 2 45",0.5
"r7/P3k3/8/2p2p1p/4pP1P/1p2P1P1/8/R5K1 w - - 0 47",0.5
"8/4k3/8/5p1p/2p1pP1P/r3P1P1/1R3K2/8 w - - 0 51",0.5
"8/8/5k2/4Rp1p/2p1pP1P/4P1P1/r7/6K1 w - - 8 55",0.5
"8/8/5k2/2R2p1p/r1p1pP1P/4P1P1/7K/8 w - - 12 57",0.5
"8/6k1/2R5/5p1p/1rp1pP1P/4P1PK/8/8 w - - 16 59",0.5
"8/7k/2R5/5p1p/1rp1pP1P/4P1PK/8/8 w - - 20 61",0.5
"8/7k/2R5/5p1p/1rp1pP1P/4P1PK/8/8 w - - 24 63",0.5
"8/7k/2R5/5p1p/1rp1pP1P/4P1PK/8/8 w - - 28 65",0.5
"8/7k/2R5/5p1p/1rp1pP1P/4P1PK/8/8 w - - 32 67",0.5
"8/7k/2R5/5p1p/1rp1pP1P/4P1PK/8/8 w - - 36 69",0.5
"8/7k/2R5/5p1p/1rp1pP1P/4P1PK/8/8 w - - 40 71",0.5
"8/7k/2R5/5p1p/1rp1pP1P/4P1PK/8/8 w - - 44 73",0.5
"8/7k/2R5/5p1p/1rp1pP1P/4P1PK/8/8 w - - 48 75",0.5
"8/7k/2R5/5p1p/1rp1pP1P/4P1PK/8/8 w - - 52 77",0.5
"8/7k/2R5/5p1p/1rp1pP1P/4P1PK/8/8 w - - 56 79",0.5
"8/7k/2R5/5p1p/1rp1pP1P/4P1PK/8/8 w - - 60 81",0.5
"8/7k/2R5/5p1p/1rp1pP1P/4P1PK/8/8 w - - 64 83",0.5
"8/7k/2R5/5p1p/1rp1pP1P/4P1PK/8/8 w - - 68 85",0.5
"8/7k/2R5/5p1p/1rp1pP1P/4P1PK/8/8 w - - 72 87",0.5
"8/7k/2R5/5p1p/1rp1pP1P/4P1PK/8/8 w - - 76 89",0.5
"8/7k/2R5/5p1p/1rp1pP1P/4P1PK/8/8 w - - 80 91",0.5
"8/7k/2R5/5p1p/1rp1pP1P/4P1PK/8/8 w - - 84 93",0.5
"8/7k/2R5/5p1p/1rp1pP1P/4P1PK/8/8 w - - 88 95",0.5
"8/7k/2R5/5p1p/1rp1pP1P/4P1PK/8/8 w - - 92 97",0.5
"8/7k/2R5/5p1p/1rp1pP1P/4P1PK/8/8 w - - 96 99",0.5
"r1bqkb1r/1pp1ppp1/2n2n2/p1P4p/3p3P/2N2N2/PPQPPPP1/R1B1KB1R w KQkq - 0 7",1.0
"r2qkb1r/1pp1ppp1/2n1b3/p1P4p/3pQ2P/5N2/PP1PPPP1/R1B1KB1R w KQkq - 1 9",1.0
"N2k1b1r/1p2ppp1/8/p1P4p/1n1pq2P/8/PP1PPPP1/R1B1KB1R w KQ - 1 13",1.0
"N2k1b1r/1p2ppp1/8/p1P4p/3p3P/8/nPqPPPP1/R1B1KB1R w - - 0 15",1.0
"3k1b1r/1p2ppp1/1N6/R1P4p/3p3P/8/1q1PPPP1/2n1KB1R w - - 0 17",1.0
"rnbq1rk1/pp2bppp/4pn2/2pp4/8/2NBPN2/PPPP1PPP/R1BQ1RK1 w - - 0 7",0.0
"r2q1rk1/5ppp/p2bpn2/1ppp4/5P2/4P3/PPPPB1PP/R1BQ1RK1 w - - 0 13",0.0
"r4rk1/5ppp/p2bpn2/qp1p4/P1p2P2/1P2P3/2PPB1PP/R1BQ1RK1 w - - 0 15",0.0
"r4rk1/2q3pp/p2bpp2/1p1p4/P2QnP2/1P2P3/1BP1B1PP/R4RK1 w - - 0 19",0.0
"r4rk1/2q3pp/p2bp3/2n2p2/p1P2P2/4P3/1BQ1B1PP/R4RK1 w - - 0 23",0.0
"1r3rk1/2q3pp/3bp3/p1n2p2/p1PB1P2/4PB2/2Q3PP/R4RK1 w - - 2 25",0.0
"1r3rk1/2q3pp/5b2/p3Rp2/R1PP4/5B2/2Q4P/6K1 w - - 3 31",0.0
"5r1k/3q2pp/8/p2BQ3/R1PP4/8/6KP/1r6 w - - 11 39",0.0
"r3kb1r/p1qppppp/bpp2n2/8/3N4/2NPP3/PPQP1PPP/R1B2RK1 w kq - 3 9",1.0
"r3kb1r/p2ppppp/bppq4/8/1P1N1Pn1/2NPP3/P1QP2PP/R1B2RK1 w kq - 1 11",1.0
"r3kb1r/p2ppppp/bpp2n1q/8/1P1N1P2/B1NPP2P/P1QP2P1/R4RK1 w kq - 1 13",1.0
"r3kb1r/p3pppp/1pp5/8/5P2/B2PP2P/P2P2P1/R4RK1 w kq - 0 19",1.0
"3rkb1r/p3pp1p/1pp5/5Pp1/3P4/B3P2P/P2P2P1/R4RK1 w k g6 0 21",1.0
"2R2b1r/p2kpp2/1p6/5rpp/3P4/B3P2P/P2P2P1/1R4K1 w - - 2 25",1.0
"7R/p1R1bp2/1p2k3/6pp/3P4/4P2P/P2PK1P1/6r1 w - - 5 31",1.0
"8/p1R2p2/1p2k3/6pR/1b1P4/3KP2P/P2P2r1/8 w - - 2 35",1.0
"8/p7/1p1bkp1R/6p1/3P4/3KP2P/P1RP2r1/8 w - - 2 37",1.0
"8/p4k2/1p1b1p1R/6p1/P2PP3/3K3P/2RP3r/8 w - - 1 39",1.0
"1b6/p5k1/1p3R2/3KP1p1/P2P3r/8/2RP4/8 w - - 4 43",1.0
"2R5/p5k1/1p3R2/3KP1p1/r7/8/3P4/8 w - - 0 45",1.0
"5k2/p1R5/1p4R1/3KP1p1/r7/8/3P4/8 w - - 4 47",1.0
"5k2/p1R5/1p2K1R1/4P1p1/3P4/8/2r5/8 w - - 3 49",1.0
"r1bqkb1r/2ppppp1/1pn2n2/p7/7p/2NBPQ1N/PPPP1PPP/R1B2RK1 w kq - 0 7",1.0
"3qkb1r/2ppppp1/rpn2n2/p5N1/7p/2N1PQ2/PPPP1PPP/R1B2RK1 w k - 0 9",1.0
"3qkb1r/2p1ppp1/rp3n2/p2p2N1/1nQ4p/2N1P3/PPPP1PPP/R1B2RK1 w k - 0 11",1.0
"4kb1r/4ppp1/rp1q1n2/p1pp2N1/1n1P3p/1QN1P3/PPP2PPP/R1B2RK1 w k - 0 13",1.0
"4kb2/3qppp1/rp3n2/pNpp2Nr/Pn1P3p/1Q2P3/1PP2PPP/R1B2RK1 w - - 1 15",1.0
"r3kb2/3qppp1/1p3n2/pN1p2Nr/PnpP1P1p/2Q1P3/1PP3PP/R1B2RK1 w - - 2 17",1.0
"2r1kb2/4ppp1/1p3n2/pN1p2Nr/PnpP1Pqp/2Q1PR2/1PPB2PP/R5K1 w - - 6 19",1.0
"3rkb2/4ppp1/1p3n2/p2p1qNr/PnpP1P1p/N1Q1PR1P/1PPB2P1/R5K1 w - - 3 21",1.0
"3r1b2/2Nkppp1/1p3n2/p2p2Nr/PnpP1P1p/2Q1PR1P/1PqB2P1/R5K1 w - - 2 23",1.0
"3r1b2/3kppp1/1p6/pN5r/PnpPpP1p/2Q1PR1P/1PqB2P1/R5K1 w - - 0 25",1.0
"8/4R3/kp5b/5r1r/PnRP3p/2N1P2P/6P1/6K1 w - - 3 39",1.0
"2R5/4R3/1p6/5rb1/kn1P3p/4P2P/6P1/6K1 w - - 2 43",1.0
"R7/8/1p2R3/r5b1/1n1P3p/1k2P2P/6P1/6K1 w - - 6 45",1.0
"8/8/4R3/1r6/3P3p/4P2P/k1n3P1/6K1 w - - 2 49",1.0
"4R3/8/8/8/3P3p/kr2P2P/2n3P1/6K1 w - - 6 51",1.0
"2R5/8/8/8/3P3p/k3P2P/1rn2KP1/8 w - - 10 53",1.0
"2r5/1R6/8/8/1n1P3p/1k2PK1P/6P1/8 w - - 18 57",1.0
"3r4/1R6/8/3P4/1n4Kp/1k2P2P/6P1/8 w - - 3 59",1.0
"3r4/1R6/8/3P4/1n2P2p/1k3K1P/6P1/8 w - - 11 65",1.0
"8/1R6/3P4/8/1n2P2p/1k2K2P/6r1/8 w - - 0 67",1.0
"6r1/1R1P4/8/8/1n2P2p/1k5P/5K2/8 w - - 3 69",1.0
"8/5k2/6R1/8/7p/7P/8/7K w - - 3 79",1.0
"8/8/5k2/8/7R/7P/8/7K w - - 1 81",1.0
"8/8/8/7k/1R5P/8/8/7K w - - 1 83",1.0
"8/6k1/8/1R6/7P/8/6K1/8 w - - 5 85",1.0
"8/6k1/1R6/7P/8/8/6K1/8 w - - 1 87",1.0
"6k1/8/1R5P/8/8/5K2/8/8 w - - 3 89",1.0
"6k1/1R6/7P/8/4K3/8/8/8 w - - 7 91",1.0
"6k1/1R6/7P/8/4K3/8/8/8 w - - 11 93",1.0
"6k1/1R6/6KP/8/8/8/8/8 w - - 15 95",1.0
"4kbnr/p1pqpppp/1pQ5/4pb2/8/3PP3/PP1P1PPP/RNB1K2R w KQk - 3 9",0.5
"4kbnr/p1p1pppp/1p2q3/3Qpb2/8/3PP3/PP1P1PPP/RNB1K2R w KQk - 7 11",0.5
"2b1kbnr/p1p1pppp/1p6/4p3/8/3PP3/PP1P1PPP/RNB1K2R w KQk - 0 13",0.5
"4kbnr/p3pppp/1p6/1Np1pb2/8/3PP3/PP1P1PPP/R1B1K2R w KQk - 2 15",0.5
"4kbnr/N3pppp/1p4b1/4p3/2p1P3/3P4/PP1P1PPP/R1B1K2R w KQk - 0 17",0.5
"4kb1r/4p1pp/1p3nb1/8/4p3/3N1P2/PP1P2PP/R1B1K2R w KQk - 0 21",0.5
"4kb1r/6pp/1p2pnb1/8/8/5N2/PP1P2PP/R1B1K2R w KQk - 0 23",0.5
"4k2r/6pp/1p1bpn2/5bN1/P7/8/1P1P2PP/R1B1K2R w KQk - 1 25",0.5
"4k2r/6p1/1p1bp2p/3n1b2/P2P4/5N2/1P4PP/R1B1K2R w KQk - 2 27",0.5
"5rk1/6p1/1p1bp3/3nNb1p/P2P4/8/1P4PP/R1B2RK1 w - - 0 29",0.5
"r5k1/6p1/1p1bp3/4NbBp/P2P4/1Pn5/6PP/R4RK1 w - - 1 31",0.5
"r5k1/6p1/1p1bp3/4Nb2/P2Pn2p/1P2B3/6PP/4RRK1 w - - 0 33",0.5
"2R5/7k/1p2p3/r3Pbp1/P3n2p/1P2B3/6PP/5RK1 w - - 3 37",0.5
"8/2R5/1B2p2k/4rbp1/P3n2p/1P6/6PP/5RK1 w - - 0 39",0.5
"8/2R5/1B2p2k/4rbp1/PP5p/1n6/6PP/2R3K1 w - - 3 41",0.5
"8/2R5/1B2p2k/5bp1/PP5p/1nR5/5KPP/1r6 w - - 7 43",0.5
"8/2R5/1B2p2k/P4bp1/1P5p/2R5/1r1nK1PP/8 w - - 3 45",0.5
"8/2R5/1B1np2k/P4bp1/1PR4p/8/1r4PP/4K3 w - - 7 47",0.5
"2R5/8/1BR1p2k/Pn3bp1/1r5p/8/6PP/4K3 w - - 0 49",0.5
"8/8/PB5k/1n2pbp1/7p/8/6PP/2R2K2 w - - 0 53",0.5
"8/8/PB5k/1nR3p1/4p2p/3b4/6PP/4K3 w - - 0 55",0.5
"8/n7/P7/2R3Bk/4p2p/3b4/6PP/4K3 w - - 1 57",0.5
"8/2R5/P5k1/1n6/4p2p/3bB3/6PP/4K3 w - - 5 59",0.5
"8/8/P7/1n2k3/4p2p/3bB2P/6P1/2R1K3 w - - 1 61",0.5
"8/B7/8/8/4pk1p/3b3P/6P1/2R1K3 w - - 1 63",0.5
"1B6/8/7k/2R5/4p2p/3b3P/6P1/4K3 w - - 5 65",0.5
"8/6k1/8/2R5/4p3/3b2BP/8/4K3 w - - 1 67",0.5
"8/5k2/b7/2R1B3/4p2P/8/8/4K3 w - - 1 69",0.5
"6k1/8/8/2R4P/3Bp3/3b4/8/4K3 w - - 1 71",0.5
"5k2/2R5/7P/8/3B4/3bp3/8/4K3 w - - 0 73",0.5
"6k1/7R/8/8/3B4/4p3/8/4K3 w - - 1 75",0.5
"7k/1R6/8/2B5/8/3K4/8/8 w - - 3 79",0.5
"7k/1R6/8/2B5/8/3K4/8/8 w - - 7 81",0.5
"7k/1R6/8/2B5/8/3K4/8/8 w - - 11 83",0.5
"7k/1R6/8/2B5/8/3K4/8/8 w - - 15 85",0.5
"7k/1R6/8/2B5/8/3K4/8/8 w - - 19 87",0.5
"7k/1R6/8/2B5/8/3K4/8/8 w - - 23 89",0.5
"7k/1R6/8/2B5/8/3K4/8/8 w - - 27 91",0.5
"7k/1R6/8/2B5/8/3K4/8/8 w - - 31 93",0.5
"7k/1R6/8/2B5/8/3K4/8/8 w - - 35 95",0.5
"7k/1R6/8/2B5/8/3K4/8/8 w - - 39 97",0.5
"7k/1R6/8/2B5/8/3K4/8/8 w - - 43 99",0.5
"7k/1R6/8/2B5/8/3K4/8/8 w - - 47 101",0.5
"7k/1R6/8/2B5/8/3K4/8/8 w - - 51 103",0.5
"7k/1R6/8/2B5/8/3K4/8/8 w - - 55 105",0.5
"7k/1R6/8/2B2K2/8/8/8/8 w - - 59 107",0.5
"7k/1R6/8/2B2K2/8/8/8/8 w - - 63 109",0.5
"7k/1R6/8/2B2K2/8/8/8/8 w - - 67 111",0.5
"7k/1R6/8/2B2K2/8/8/8/8 w - - 71 113",0.5
"7k/1R6/8/2B2K2/8/8/8/8 w - - 75 115",0.5
"7k/1R6/8/2B2K2/8/8/8/8 w - - 79 117",0.5
"7k/1R6/8/2B2K2/8/8/8/8 w - - 83 119",0.5
"r1bqk2r/1pp1bppp/2n1pn2/p2p4/8/2NBPN2/PPPP1PPP/R1BQ1RK1 w kq - 0 7",0.0
"r1bq1rk1/1pp1bppp/2n2n2/p2pp3/P7/1PNBPN2/2PP1PPP/R1BQ1RK1 w - - 0 9",0.0
"r1b2rk1/1pp1qppp/2n2n2/p2p4/P3p3/1PNBPN2/2PP1PPP/R2Q1RK1 w - - 0 11",0.0
"r1b2rk1/1pp1qppp/5n2/pB1pn3/P7/1PN1PQ2/2PP1PPP/R4RK1 w - - 1 13",0.0
"r4rk1/1pp2ppp/3q2n1/pB1n4/P2P2Q1/1P2P3/2P2PPP/R4RK1 w - - 1 17",0.0
"r4rk1/2p2ppp/1p1q1nn1/pB6/P1PP4/1P2PQ2/5PPP/R4RK1 w - - 0 19",0.0
"3r1rk1/2p2ppp/1pB2nn1/p2Pq3/P1P5/1P2PQ2/5PPP/R4RK1 w - - 3 21",0.0
"3r2k1/2p2ppp/1pBr1nn1/p2Pq3/P1P5/1P2P2Q/5PPP/R2R2K1 w - - 7 23",0.0
"3r2k1/2p2ppp/1pBr1n2/p2Pq3/P1PR4/1P1nPQ2/5PPP/R5K1 w - - 11 25",0.0
"3r2k1/2p1qppp/1pBr1n2/p1nP4/P1PR1P2/1P2P3/4Q1PP/R5K1 w - - 1 27",0.0
"3r2k1/2p1qppp/1pBr1n2/p1nP4/P1P2P2/4P3/4Q1PP/1R1R2K1 w - - 2 29",0.0
"3r2k1/2p1qppp/1pBr4/p1nP3Q/P1P2P2/2n1P3/6PP/1R1R2K1 w - - 6 31",0.0
"3r2k1/2p1qppp/1pB4r/p1nP4/P1P2P2/4PQ2/6PP/3R2K1 w - - 1 33",0.0
"3r2k1/2p2ppp/1pBr4/p1nP1Pq1/P1PR4/4PQ2/6PP/6K1 w - - 1 35",0.0
"r5k1/2p2ppp/1p1r1q2/pBnP1P2/P1PR1Q2/4P3/6PP/6K1 w - - 5 37",0.0
"3r2k1/2p2ppp/1p1r1q2/pB1P1P2/P1P2Q2/3nP3/6PP/1R4K1 w - - 9 39",0.0
"3r2k1/5ppp/1pr2q2/p4P2/P1P1Q3/4P3/6PP/1R4K1 w - - 0 43",0.0
"3r2k1/4qppp/1p5r/p4P2/P1P2Q2/4P3/6PP/4R1K1 w - - 4 45",0.0
"3r2k1/4qpp1/1pr5/p4P1p/P1P2Q1P/4P3/6P1/1R4K1 w - - 0 47",0.0
"6k1/4qpp1/1pr5/p4P1p/P1P2Q1P/3rP3/6P1/2R3K1 w - - 4 49",0.0
"2r3k1/5pp1/1p6/p1q2P1p/P1P2Q1P/3rP3/6P1/1R4K1 w - - 8 51",0.0
"2r2k2/5p2/1p3p2/p1q4p/P1P4P/3rP1Q1/6P1/1R4K1 w - - 2 53",0.0
"5k2/5p2/1pr2p2/p6p/P1q4P/3rP3/5QP1/4R1K1 w - - 2 55",0.0
"5k2/5p2/1p3p2/p6p/P1r2P1P/3r4/6P1/4R1K1 w - - 1 57",0.0
"5k2/5p2/1p3p2/p4P1p/1r5P/3r4/6P1/1R4K1 w - - 2 59",0.0
"2R5/5pk1/1p3p2/p4P1p/7r/3r4/6P1/6K1 w - - 2 61",0.0
"8/5pk1/1p3p2/5P1p/7r/p2r4/6P1/1R4K1 w - - 0 63",0.0
"8/5pk1/5p2/5r1p/1p6/p2r4/6P1/R6K w - - 0 67",0.0
"8/5pk1/5p2/6rp/1p6/p7/3r2P1/R5K1 w - - 4 69",0.0
"8/5pk1/5p2/7p/1p6/6r1/p2r4/R6K w - - 0 71",0.0
"8/5pk1/5p2/7p/8/6r1/pp1r4/R6K w - - 0 73",0.0
"r1bq1rk1/ppp1bppp/2n1pn2/3p4/8/2NBPN2/PPPP1PPP/R1BQ1RK1 w - - 2 7",0.5
"r2q1rk1/ppp1bppp/2n2n2/3pp1N1/P5b1/2NBP3/1PPP1PPP/R1BQ1RK1 w - - 2 9",0.5
"r2q1rk1/ppp1bppp/2n2n2/4pBNb/P2p4/2N1PP2/1PPP2PP/R1BQ1RK1 w - - 0 11",0.5
"r3r1k1/ppp2p2/2n2p2/3qpB1b/P2p4/4PP2/1PPP2PP/R1BQ1RK1 w - - 0 15",0.5
"r3r1k1/ppp2p2/5p2/2q1pB1b/Pn1pP3/3P1P2/1PP3PP/R1BQ1RK1 w - - 1 17",0.5
"r3r1k1/1pp2p2/5pbB/p1q1pB2/Pn1pP3/3P1P2/1PP2RPP/R2Q2K1 w - - 2 19",0.5
"r3r1k1/1p3p2/3q1pbB/p1p1p3/Pn1pPPB1/3P4/1PP2RPP/R2Q2K1 w - - 0 21",0.5
"r5bk/1p2r3/3q1p1B/p1p1pP2/PnBpP3/3P4/1PP2RPP/R2Q2K1 w - - 3 25",0.5
"3r2bk/1p5r/3q1p2/pBp1pP2/Pn1pP3/3P4/1PPB1RPP/R2Q2K1 w - - 7 27",0.5
"3r3k/1p3b1r/2nq1p2/pBp1pP2/P2pP3/2PP1R2/1P1B2PP/R2Q2K1 w - - 1 29",0.5
"3r3k/1p5r/2q2p2/p3pP1b/P1p1P1Q1/2BP4/1P3RPP/R5K1 w - - 2 33",0.5
"7k/1p6/5p2/p1q1pP2/P1p1P3/2B3r1/1P3RP1/3R2K1 w - - 0 39",0.5
"8/1p1R2rk/5p2/p1q1pP2/P1p1P3/2B5/1P3RP1/6K1 w - - 4 41",0.5
"3B4/1p3rk1/3R1p2/4pP2/P1p1q3/8/1P3RP1/6K1 w - - 2 45",0.5
"8/1p4k1/1B3p2/P3pP2/2p5/3q4/1P3RP1/6K1 w - - 2 49",0.5
"8/1p4k1/5p2/P1B2P2/2p1pR2/8/1P2q1P1/6K1 w - - 2 51",0.5
"8/1p4k1/5p2/P1B2P2/2p1p2R/8/1P2q1PK/8 w - - 6 53",0.5
"8/1p4k1/5p2/P1Bq1P2/2p1p2R/8/1P4PK/8 w - - 10 55",0.5
"8/1p4k1/5p2/P2q4/2p1p2R/4B3/1P4P1/6K1 w - - 2 57",0.5
"8/1p3k2/5p2/P7/2p1p1R1/4q1PK/1P6/8 w - - 2 61",0.5
"8/1p5R/5pk1/P7/2p1p3/6PK/1P6/4q3 w - - 6 63",0.5
"8/1p6/5pk1/P7/2p1p1KR/6P1/1P6/5q2 w - - 10 65",0.5
"r1b1kb1r/p1q1pppp/p2p1n2/2p1N3/3P4/4P3/PPP2PPP/RNBQ1RK1 w kq - 0 7",0.0
"r3kb1r/p1q1pppp/p2pbn2/8/2pP4/4PN2/PPP1QPPP/RNB2RK1 w kq - 0 9",0.0
"r3kb1r/p1q1ppp1/p2pbn2/8/P1pP3p/2N1PN2/1PP1QPPP/R1B2RK1 w kq - 0 11",0.0
"r3kb1r/p1qbppp1/p2p1n2/6N1/P1pP3p/2N1PP2/1PP1Q1PP/R1B2RK1 w kq - 1 13",0.0
"r1q1kb1r/p3pp2/p2p1p2/8/P1pP1Pb1/4PN1p/1PP1Q1PP/R1B2RK1 w kq - 0 17",0.0
"1rq1k2r/p3pp2/p2p1p1b/8/P1pPPPb1/5NPp/1PP1Q2P/R1B2RK1 w k - 1 19",0.0
"1rq1k2r/p3pp2/p6b/3pPp2/P1pP1Pb1/2P2NPp/1P2Q2P/R1B2RK1 w k - 0 21",0.0
"2q2rk1/p3pp2/p6b/Pr1pPp2/2pP1Pb1/2P2NPp/1P5P/R1BQ1RK1 w - - 3 23",0.0
"1r4k1/p1q1pp2/p6b/Pr1pPp2/Q1pP1Pb1/2P2NPp/1P3R1P/R1B3K1 w - - 7 25",0.0
"1r4k1/p1q2p2/p3p2b/P2pPpN1/Q1pP1Pb1/1rP3Pp/RP3R1P/2B3K1 w - - 0 27",0.0
"1r4k1/p1q1bp2/p3p3/P2pPpN1/Q1pP1Pb1/1rP1B1Pp/RP1R3P/6K1 w - - 4 29",0.0
"1r4k1/p1q2p2/p3p3/P2pPpP1/Q1pP4/1rP2bPp/RP1R1B1P/6K1 w - - 1 31",0.0
"6k1/p1q2p2/p3p3/P2pPpP1/Q1pP4/R1P2bPp/1r3B1P/6K1 w - - 0 33",0.0
"1r2Q3/p1q2p1k/p3p3/P2pPpP1/2pP4/2P2bPp/5B1P/R5K1 w - - 4 35",0.0
"8/p1q2p1k/p3p3/Pr1pPpP1/Q1pP4/2P2bPp/5B1P/2R3K1 w - - 8 37",0.0
"8/p1q2p1k/p3p3/P2pPpP1/Q1pPb3/1rP1B1Pp/7P/R5K1 w - - 12 39",0.0
"3q4/p4p1k/p3p3/P2pPpP1/Q1pPb3/2P3Pp/1r1B3P/2R3K1 w - - 16 41",0.0
"3q4/p4p1k/p3p3/Pr1pPpP1/2pP4/2P3Pp/2bB3P/Q2R2K1 w - - 20 43",0.0
"3q2k1/p4p2/p3p3/Pr1pPpP1/2pP4/1bP3Pp/Q2B3P/4R1K1 w - - 24 45",0.0
"2q3k1/p4p2/p2Qp3/r2pPpP1/2pP4/1bP3Pp/3B3P/4R1K1 w - - 2 47",0.0
"2q3k1/p4p2/p2Qp3/3pPpP1/2pP4/1bP1B1Pp/4r2P/5RK1 w - - 6 49",0.0
"2q3k1/p4p2/3Qp3/p2pPpP1/2pP4/1bP3Pp/2r2B1P/4R1K1 w - - 2 51",0.0
"2q3k1/p4p2/3Qp3/R2pPpP1/2pP4/1b4Pp/4r2P/4B2K w - - 3 55",0.0
"2q3k1/p4p2/3Qp3/R2pPpP1/3P4/1bB3Pp/5r1P/7K w - - 1 57",0.0
"r1b1kb1r/p1qppppp/p1p5/8/3P2n1/N3PN2/PPP2PPP/R1BQ1RK1 w kq - 3 7",0.0
"1rb1kb1r/p1q1pppp/p1p5/3pN3/3P2n1/4PN2/PPP2PPP/R1BQ1RK1 w k - 2 9",0.0
"1rb1kb1r/p1q1pppp/2p5/p2pP3/8/3QPN2/PPP2PPP/R1B2RK1 w k - 0 11",0.0
"1r2kb1r/p1q1ppp1/2p1b3/p2pP2p/P7/3QPN2/1PP2PPP/R1BR2K1 w k - 1 13",0.0
"1r2kb1r/p1q1p1p1/2p2p2/p2pP2p/P4Qb1/4PN2/1PP2PPP/R1BR2K1 w k - 0 15",0.0
"1r2kb1r/p1q1p1p1/2p5/p2pp1Qp/P3P3/5b2/1PP2PPP/R1BR2K1 w k - 0 17",0.0
"1r3b1r/p1qk2p1/2p1p1Q1/p2pp2p/P3P3/5P2/1PP2P1P/R1BR2K1 w - - 0 19",0.0
"1r1q1b1r/p2k2p1/4p1Q1/p2pp2p/P7/1P3P2/2P2P1P/R1BR2K1 w - - 0 21",0.0
"1r2q2r/p2kb1p1/4p3/p2pp1Bp/P7/1P1Q1P2/2P2P1P/R2R2K1 w - - 4 23",0.0
"1r4q1/p3k3/4p3/p2p3p/P4p2/1P6/2P2P1P/R2R3K w - - 0 29",0.0
"1r6/p3k3/4p3/p1qp3p/P4p2/1P1R4/2P2P1P/2R4K w - - 4 31",0.0
"1r6/p3k3/4p3/p2q3p/P2p1p2/1P3R2/2P2P1P/3R3K w - - 2 33",0.0
"8/p3k3/4p3/p6p/P2p1pr1/1P1R1R1K/2P2P1P/4q3 w - - 10 37",0.0
"r1bqk2r/pppp1ppp/3bpn2/8/8/2NPPN2/PP1P1PPP/R1BQ1RK1 w kq - 2 7",0.0
"r2qk2r/p1pp1ppp/bp1bpn2/4N3/3P4/2N1P3/PP1P1PPP/R1BQ1RK1 w kq - 2 9",0.0
"r2q1rk1/p2p1ppp/bppbpn2/4N3/3P4/2N1P3/PPQP1PPP/R1B1R1K1 w - - 0 11",0.0
"r2q1rk1/p2p2pp/bppbpp2/4N3/3PQ3/4P3/PP1P1PPP/R1B1R1K1 w - - 0 13",0.0
"r4rk1/p2p2pp/bppbpq2/5p2/3P4/4PN2/PPQP1PPP/R1B1R1K1 w - - 2 15",0.0
"r3r1k1/p2p2pp/b1pbpq2/1p3p2/3P4/3PPN2/PPQB1PPP/R3R1K1 w - - 2 17",0.0
"r3r1k1/pb1pq1pp/2pb4/1p2p3/1P1PP3/P4N2/2QB1PPP/R3R1K1 w - - 0 21",0.0
"r3r1k1/pb1pq1pp/2p5/1p6/1P1BPb2/P4N2/2Q2PPP/R3R1K1 w - - 1 23",0.0
"r4rk1/pb1p2pp/2p1q3/1p2P3/1P1BQb2/P4N2/5PPP/R3R1K1 w - - 3 25",0.0
"r5k1/pb1p1rpp/2p1q2b/1pB1P3/1P2Q3/P4NP1/5P1P/R3R1K1 w - - 1 27",0.0
"r5k1/1b1p1rpp/2p4b/ppB1P3/1PqNQ3/P5P1/5P1P/3RR1K1 w - - 0 29",0.0
"6k1/1b1p1rpp/2p4b/1pB1P3/1PqNQ3/3R2P1/r4P1P/4R1K1 w - - 1 31",0.0
"5bk1/1b1p1r1p/2p3p1/1pB1P3/1PqN1P2/3RQ1P1/r6P/4R1K1 w - - 2 33",0.0
"6k1/1b1p1r1p/2p3p1/2P1P3/1p1N1P2/4Q1P1/q6P/2R3K1 w - - 0 37",0.0
"6k1/1b1p1r1p/2p3p1/2P1P3/1p1N1PP1/7q/3Q3P/2R3K1 w - - 3 39",0.0
"6k1/3p3p/b1p3p1/2P1P3/1p4r1/5N2/5K1P/2R5 w - - 0 43",0.0
"6k1/3R3p/b1p3p1/2P1P3/6r1/5N2/1p3K1P/8 w - - 0 45",0.0
"8/5k2/b1p3p1/2P1P2p/6r1/5N2/1p3K1P/3R4 w - - 0 47",0.0
"8/5k2/2p3p1/2P1P2p/2br4/8/1p3K1P/7R w - - 2 49",0.0
"8/5k2/2p5/2P1P1pp/2b5/6K1/1p1r3P/4R3 w - - 0 51",0.0
"8/4k3/2p1P3/2P3pp/8/3b2KP/1p1r4/4R3 w - - 1 53",0.0
"8/4k3/2p1r3/2P3pp/8/3b1K1P/1p6/6R1 w - - 0 55",0.0
"8/4k3/2p5/2P1r1pp/8/3b3P/1p3K2/6R1 w - - 4 57",0.0
"8/4k3/2p5/2P1rb1p/7p/8/5K2/8 w - - 2 61",0.0
"8/4k3/2p5/2r2b1p/5K2/7p/8/8 w - - 0 63",0.0
"8/4k3/2p5/7p/5Kb1/8/2r4p/8 w - - 0 67",0.0
"r1bqkb1r/3pppp1/ppn2n2/2p4p/N7/3BPN2/PPPP1PPP/R1BQ1RK1 w kq - 0 7",0.0
"1rb1kb1r/2qpppp1/ppn2n2/2p4p/N7/1QPBPN2/PP1P1PPP/R1B2RK1 w k - 3 9",0.0
"1rb1kb1r/2q1ppp1/ppn5/2pp2Np/N1P3n1/1Q1BP3/PP1P1PPP/R1B2RK1 w k - 1 11",0.0
"1rb1kb1r/2q1ppp1/ppn2n2/2p3Np/N1PpBP2/1Q2P3/PP1P2PP/R1B2RK1 w k - 2 13",0.0
"1rb1kb1r/4ppp1/ppnq4/2p3Np/N1PpQP2/4P3/PP1P2PP/R1B2RK1 w k - 1 15",0.0
"1r2kb1r/3bppp1/2n5/1p1q1PNp/8/3PQ3/PP4PP/R1B2RK1 w k - 2 21",0.0
"1r2kb1r/3bpp2/5R2/1p1qn1Np/8/3PQ3/PP4PP/R1B3K1 w k - 1 23",0.0
"1r2kb1r/4pp2/2b5/1p1q2Np/6n1/3PQ3/PP3RPP/R1B3K1 w k - 5 25",0.0
"3k3r/4p1b1/2b5/1p5p/8/3P3P/PP5P/R1B2K2 w - - 1 31",0.0
"3k1r2/4p1b1/8/1p5p/8/3PB2P/bP5P/1R2K3 w - - 0 35",0.0
"4kr2/4p1b1/1B6/1p1b3p/8/3P3P/1P5P/R3K3 w - - 4 37",0.0
"4k3/4p1b1/1B6/R2b1r1p/1p1P4/7P/1P5P/4K3 w - - 2 39",0.0
"4k3/4p3/1B3b2/R2b2rp/1p1P4/1P5P/4K2P/8 w - - 3 41",0.0
"4k3/4p3/1B6/3b3p/1R1P3b/1P1K4/7r/8 w - - 0 45",0.0
"4k3/2B1p3/8/3b3p/1R1P3b/1PK5/r7/8 w - - 4 47",0.0
"4k3/8/3Bp3/1R1b4/3P3p/1P1K4/1r6/4b3 w - - 0 51",0.0
"8/3k4/1R1Bp3/3b4/1P1P4/3K3p/1r6/4b3 w - - 0 53",0.0
"2k5/8/3Rp3/2Bb4/1P1P4/3K4/1r5p/4b3 w - - 2 55",0.0
"3k4/8/4p3/2Bb4/1P1P4/4K3/1r6/4b2q w - - 0 57",0.0
"r1bqkr2/1ppppp2/2n2n1p/p7/6p1/3BP3/PPPPQPPP/RNB2RK1 w q - 0 9",1.0
"r1b1kr2/1pp1pp2/2nq1n1p/p2p4/P5p1/2NBP3/1PPPQPPP/R1B2RK1 w q - 2 11",1.0
"r3kr2/1pp1pp2/2n1bn1p/pN1pq3/P1P3p1/3BP3/1P1PQPPP/R1B2RK1 w q - 1 13",1.0
"r3kr2/1pp1pp2/2n1bn1p/pN2q3/P1p5/3BPQ2/1P1P2PP/R1B2RK1 w q - 0 15",1.0
"2kr1r2/1pp2p2/4p2p/p3nN2/P1p2Rn1/4P3/1P1P2PP/R1B3K1 w - - 0 21",1.0
"2kr1r2/1pp2p2/4p3/p6p/P1pN1Rn1/R2nP3/1P1P2PP/2B3K1 w - - 2 23",1.0
"2kr1r2/1pp5/8/p3pp1p/P1p3n1/R2nPN2/1P1P2PP/2B2RK1 w - - 0 25",1.0
"2k2N2/1pp5/8/p6p/P1p1p1n1/8/1P1p2PP/2R3K1 w - - 0 31",1.0
"3k4/1pp5/6N1/p6p/P1p3n1/4p3/1P1p2PP/3R2K1 w - - 2 33",1.0
"3k4/2p5/1p4N1/p6p/P7/2P1p3/3p2PP/3K4 w - - 0 37",1.0
"3k4/2p5/8/1P6/8/2P1N2P/p2K3P/8 w - - 0 43",1.0
"8/2p5/3k4/1P6/8/2P4P/p1N4P/2K5 w - - 4 45",1.0
"8/2p5/8/1P6/2kN4/2P4P/pK5P/8 w - - 8 47",1.0
"8/2p5/8/1P6/3N3P/2k5/7P/K7 w - - 0 49",1.0
"8/2p5/4N3/1P1k3P/8/8/7P/K7 w - - 1 51",1.0
"8/2p4P/8/1P1k4/8/8/7P/K7 w - - 1 53",1.0
"8/2p5/8/1P2Q3/1k6/8/7P/K7 w - - 3 55",1.0
"8/2p5/8/1P2Q2P/1k6/8/8/K7 w - - 1 57",1.0
"8/2p5/7P/kP6/4Q3/8/8/K7 w - - 3 59",1.0
"8/2p4P/2Q5/1P6/k7/8/8/K7 w - - 1 61",1.0
"8/2p5/2Q5/1P6/k7/8/1Q6/K7 w - - 3 63",1.0
"r3kbnr/pp1qpppp/8/2pp4/1n6/4PN2/PPPP1PPP/RNBQK2R w KQkq - 0 7",1.0
"r3kb1r/pp1qpppp/8/2pp4/1n1Pn3/4PN2/PPP2PPP/RNBQ1RK1 w kq - 1 9",1.0
"3rkb1r/1p1qpppp/2n5/p1Pp4/8/2P1PN2/P1P2PPP/1RBQ1RK1 w k - 3 13",1.0
"3rkb1r/1pq2ppp/2n1p3/p1Pp4/8/B1PQPN2/P1P2PPP/1R3RK1 w k - 2 15",1.0
"4k2r/1pqrbppp/2n1p3/pQPp4/8/BRP1PN2/P1P2PPP/5RK1 w k - 6 17",1.0
"3nk2r/1pqr1ppp/4pb2/pQPp4/8/BRP1PN2/P1P2PPP/3R2K1 w k - 10 19",1.0
"5rk1/1pqr1ppp/2n1pb2/p1Pp4/3N4/BRPQP3/P1P2PPP/3R2K1 w - - 14 21",1.0
"2r3k1/1r3ppp/4pb2/p1Ppn3/3N4/B1P1P3/P1P2PPP/5QK1 w - - 2 25",1.0
"6k1/1r3ppp/2r1pb2/p1Pp4/5P2/B1P1P3/P1P3PP/5QK1 w - - 0 27",1.0
"1r1b2k1/5pp1/Q3p3/2P4p/5P2/B3P3/P1P2KPP/1r6 w - - 3 33",1.0
"3r2k1/5pp1/2PQpb2/7p/5P2/B3P3/P1P2KPP/1r6 w - - 1 35",1.0
"2r3k1/2P2pp1/4pb2/2Q5/5P1p/B3P2K/P1Pr2PP/8 w - - 1 39",1.0
"2r3k1/2P2pp1/2Q1pb2/2B5/5P1p/4P2K/P1r3PP/8 w - - 0 41",1.0
"8/4bpp1/2Q1p2k/2B5/5P2/4P1K1/P1r3PP/8 w - - 3 47",1.0
"8/5Qp1/3bp1rk/8/5P2/4P3/P4KPP/8 w - - 3 51",1.0
"8/6p1/4p1rk/2b5/5P2/3QP3/P4KPP/8 w - - 7 53",1.0
"8/6p1/3bpr1k/1Q6/P4P2/4P3/5KPP/8 w - - 1 55",1.0
"8/6p1/3b1rk1/1Q2p1P1/P4P2/4P3/5K1P/8 w - - 1 57",1.0
"8/6pk/3Q4/4prP1/P4P2/4P3/5K1P/8 w - - 1 59",1.0
"8/6p1/5rPk/8/P3QP2/4P3/5K1P/8 w - - 3 63",1.0
"8/6p1/2Q3P1/5r1k/P4P2/4P3/5K1P/8 w - - 7 65",1.0
"8/6p1/6P1/2r5/P3QPk1/4P3/5K1P/8 w - - 11 67",1.0
"8/3Q4/6P1/r6k/P4P2/4P3/5K1P/8 w - - 3 71",1.0
"8/6PQ/8/7r/P4Pk1/4P3/5K1P/8 w - - 1 73",1.0
"8/6P1/8/6Q1/P4P2/4P2k/5K1P/8 w - - 1 75",1.0
"r1bq1rk1/1ppp1ppp/2nbpn2/p7/2B4P/2N1PN2/PPPP1PP1/R1BQ1RK1 w - - 0 7",0.5
"r1bq1rk1/2pp1ppp/1pnbp3/p7/P1BP2nP/2N1PN2/1PP2PP1/R1BQ1RK1 w - - 0 9",0.5
"r2qr1k1/1bpp1ppp/1pnbp3/p7/P1BP2nP/2NQPN2/1PPB1PP1/R4RK1 w - - 4 11",0.5
"r2qr1k1/1bpp1ppp/1p2p3/pN6/PbBP2nP/3QPN2/1PP2PP1/R4RK1 w - - 0 13",0.5
"r2qr1k1/1bpp1p1p/1p2pnp1/pN4N1/PbBP3P/4P3/1PP1QPP1/R4RK1 w - - 2 15",0.5
"rq2r1k1/1bppbp1p/1p2pnp1/pN4N1/P2P3P/2PBP3/1P2QPP1/R4RK1 w - - 3 17",0.5
"r3r1k1/1b1pbp1p/1p2pnp1/p1q3N1/P1PN1P1P/1P1BP3/4Q1P1/R4RK1 w - - 1 21",0.5
"r3r1k1/1b1pbp2/1p2p1pp/pNq5/P1P1nP1P/1P1BPN2/4Q1P1/R4RK1 w - - 2 23",0.5
"r3r1k1/3p1p2/1p2p1pp/p1q2n2/P1PN1P1b/1P1BPQ2/6P1/R2R2K1 w - - 2 27",0.5
"2r1r1k1/3p1p2/1p1np1pp/p1q5/P1PNBP1b/1P2PQ2/R5P1/3R2K1 w - - 6 29",0.5
"2r1r1k1/4qp2/1p4pp/p2p4/P2N1P1b/1P2PQ2/3R2P1/3R2K1 w - - 2 33",0.5
"2r1r1k1/5p2/1p5p/p2p2p1/P2NqP1b/1P2P2Q/4R1P1/3R2K1 w - - 0 35",0.5
"4rk2/5p2/1p5N/p2p2p1/P3qP1b/1Pr1P2Q/4R1P1/3R2K1 w - - 1 37",0.5
"4rk2/5p2/1p6/p2p1Np1/P4P1b/1r2P3/4R1P1/3R2K1 w - - 0 39",0.5
"4rk2/5p2/1p6/p2p1NP1/P4b2/1r2P3/4R3/3R2K1 w - - 1 41",0.5
"5k2/5p2/1p2r3/p5P1/P2p4/4b3/1R5K/3R4 w - - 2 45",0.5
"3r1k2/5p2/1p6/p5P1/P2p4/4b1K1/2R5/3R4 w - - 6 47",0.5
"5k2/8/1p6/p4p2/P2p4/4bK2/8/3R4 w - - 0 53",0.5
"3k4/8/8/5R2/P4p2/3Kb3/8/8 w - - 3 61",0.5
"2k5/5R2/8/P7/5p2/3Kb3/8/8 w - - 3 63",0.5
"k7/5R2/P7/8/4Kp2/4b3/8/8 w - - 3 65",0.5
"k7/3R4/P7/4K3/5p2/4b3/8/8 w - - 7 67",0.5
"k7/1R6/P7/4K3/5p2/8/8/2b5 w - - 11 69",0.5
"1k6/2R5/P7/8/4Kp2/4b3/8/8 w - - 15 71",0.5
"k7/1R6/P7/8/4Kp2/8/3b4/8 w - - 19 73",0.5
"k7/1R6/P7/8/4Kp2/8/3b4/8 w - - 23 75",0.5
"k7/1R6/P7/8/4Kp2/8/3b4/8 w - - 27 77",0.5
"k7/1R6/P7/8/4Kp2/8/3b4/8 w - - 31 79",0.5
"k7/1R6/P7/8/4Kp2/8/3b4/8 w - - 35 81",0.5
"k7/1R6/P7/8/4Kp2/8/3b4/8 w - - 39 83",0.5
"k7/1R6/P7/8/4Kp2/8/3b4/8 w - - 43 85",0.5
"k7/1R6/P7/8/4Kp2/8/3b4/8 w - - 47 87",0.5
"k7/1R6/P7/8/4Kp2/8/3b4/8 w - - 51 89",0.5
"k7/1R6/P7/8/4Kp2/8/3b4/8 w - - 55 91",0.5
"k7/1R6/P7/8/4Kp2/8/3b4/8 w - - 59 93",0.5
"k7/1R6/P7/8/4Kp2/8/3b4/8 w - - 63 95",0.5
"k7/1R6/P7/8/4Kp2/8/3b4/8 w - - 67 97",0.5
"k7/1R6/P7/8/4Kp2/8/3b4/8 w - - 71 99",0.5
"k7/1R6/P7/8/4Kp2/8/3b4/8 w - - 75 101",0.5
"k7/1R6/P7/8/4Kp2/8/3b4/8 w - - 79 103",0.5
"k7/1R6/P7/8/4Kp2/8/3b4/8 w - - 83 105",0.5
"k7/1R6/P7/8/4Kp2/8/3b4/8 w - - 87 107",0.5
"k7/1R6/P7/8/4Kp2/8/3b4/8 w - - 91 109",0.5
"k7/1R6/P7/8/4Kp2/8/3b4/8 w - - 95 111",0.5
"r1b1kb1r/pp2pppp/2n2n2/q2p4/8/2NBPN2/PPPP1PPP/R1BQK2R w KQkq - 4 7",1.0
"r3kb1r/pp2ppp1/2n2n2/q2p3p/P5b1/2NBPN2/1PPP1PPP/R1BQ1RK1 w kq - 0 9",1.0
"r3kb1r/pp1bppp1/2n2n2/q2p4/P6p/1PNBPN1P/2PP1PP1/R1BQ1RK1 w kq - 1 11",1.0
"2r1kb1r/pp1bpp2/2n2np1/q2p4/P6p/BPNBPN1P/2PPQPP1/R4RK1 w k - 0 13",1.0
"2r1kb1r/pp1bpp2/1qn2np1/1N6/P2pP2p/BP1B1N1P/2PPQPP1/R4RK1 w k - 2 15",1.0
"2r1kb1r/pp1bpp2/1qn2np1/8/3NP2p/BP1B1N1P/2PPQPP1/R4RK1 w k - 1 17",1.0
"2r1kb1r/1p1bpp2/1q3np1/p7/3NP2p/BPPB3P/3PQPP1/R4RK1 w k - 0 19",1.0
"2r1kb1r/1p1b1p2/1q2p1p1/p2nP3/3NQ2p/BPPB3P/3P1PP1/R4RK1 w k - 0 21",1.0
"2r2rk1/1p1b1p2/1q2p1p1/p2nP3/3N3p/RPPB1Q1P/3P1PP1/5RK1 w - - 1 23",1.0
"2rr2k1/1pqb1p2/4p1p1/p2nP3/3N3p/RPPB1Q1P/3P1PP1/4R1K1 w - - 5 25",1.0
"2r1r1k1/1pqb1p2/4p1p1/p3P3/1nPN3p/1P1B1Q1P/3P1PP1/R3R1K1 w - - 1 27",1.0
"2rr2k1/1pqb1p2/4p1p1/p3P3/2PN3p/1P1Q3P/3P1PP1/R3R1K1 w - - 1 29",1.0
"2rr2k1/1p1b1p2/4p1p1/2q1P3/p1PN3p/1PQ4P/3P1PP1/R3R1K1 w - - 0 31",1.0
"2rr2k1/1p1b1p2/4p3/4P1p1/P1qNR2p/2Q4P/3P1PP1/R5K1 w - - 0 33",1.0
"2rr4/1p1bkp2/4p2Q/3qP3/P5R1/1N5P/3P1PP1/R5K1 w - - 3 39",1.0
"r1bq1rk1/1ppp1ppp/2nbpn2/p7/2P5/2NBPN2/PP1P1PPP/R1BQ1RK1 w - - 2 7",0.0
"r1bq1rk1/2pp1ppp/1p2pn2/pNb5/P1P5/3QPN2/1P1P1PPP/R1B2RK1 w - - 2 11",0.0
"r1b2rk1/2p2ppp/1pNqpn2/p1bp4/P1P5/3QPN2/1P1P1PPP/R1B2RK1 w - - 2 13",0.0
"r4rk1/1bp2ppp/1pNqp3/p1bnN3/P7/3QP3/1P1P1PPP/R1B2RK1 w - - 0 15",0.0
"r4rk1/2p2ppp/1p1q4/p1bp4/P7/3Q4/1P1P1PPP/R1B1R1K1 w - - 0 19",0.0
"4Rbk1/2p2ppp/1p6/p2p4/P7/1P5P/R2P2PK/1q6 w - - 1 27",0.0
"4Rbk1/2p2ppp/1p6/p2p4/P5P1/qP5P/3P3K/8 w - - 0 29",0.0
"6k1/2p2ppp/1p1b4/p2p4/P5P1/1q6/3PK3/8 w - - 0 35",0.0
"6k1/2p2ppp/1p1b4/p2p2P1/5q2/3K4/3P4/8 w - - 2 37",0.0
"6k1/2p2ppp/1p1b4/3p2q1/p7/3P4/2K5/8 w - - 0 39",0.0
"r1bq1rk1/1ppp1ppp/2nbpn2/p7/P7/2NBPN2/1PPP1PPP/R1BQ1RK1 w - - 0 7",1.0
"r1bq1rk1/1pp2ppp/4pn2/p1bp4/P2N4/3QPN2/1PPP1PPP/R1B2RK1 w - - 0 11",1.0
"r1bq1rk1/1p3ppp/2pbpn2/pQ1p4/P7/1N2PN2/1PPP1PPP/R1B2RK1 w - - 0 13",1.0
"r1bq1rk1/1p3ppp/2pb1n2/p2p2N1/P3p3/1N1QP3/1PPP1PPP/R1B2RK1 w - - 0 15",1.0
"r1b2rk1/1pq2pp1/2pb1n1p/p2p2N1/P3pP2/1NQ1P3/1PPP2PP/R1B2RK1 w - - 0 17",1.0
"r4rk1/1pq2pp1/3b1n1p/p1pp4/P3pP2/1NQ1P2P/1PPP3P/R1B2RK1 w - - 0 19",1.0
"r4rk1/1pq2pp1/5n1p/p2p4/PbP1pP2/1NQ1P2P/1PP4P/R1B2RK1 w - - 1 21",1.0
"r4rk1/1p3pp1/3b1n1p/p2p1Q2/P1q1pP2/1N2P2P/1PP4P/R1B2RK1 w - - 0 23",1.0
"r4rk1/1p3pp1/3b1n2/p2p1Q1p/P2NpP2/1Pq1P2P/2P4P/R1B2RK1 w - - 1 25",1.0
"r4rk1/1p3pp1/5n2/p1bp2Q1/P2NpP1p/1Pq1P2P/R1P4P/2B2RK1 w - - 2 27",1.0
"r4r2/1p3p1k/5npN/p1bp2Q1/P3pP1p/1Pq1P2P/R1P4P/2B2RK1 w - - 2 29",1.0
"5r2/1p3p1k/r4n1N/p1bp1RQ1/P3p2p/1Pq1P2P/R1P4P/2B3K1 w - - 1 31",1.0
"5r2/1p3p1k/2r2n1N/p1b3Q1/P2pp2p/1Pq1P2P/R1P4P/2B2R1K w - - 0 33",1.0
"4nr2/1p2Npk1/2r5/p7/P2bp2Q/1Pq4P/R1P4P/2B2R1K w - - 2 37",1.0
"4nr2/1p4k1/5p2/8/Pp2p2Q/1P5P/1RP4P/5R1K w - - 0 41",1.0
"4nr2/1Q6/4kp2/8/Pp6/1P5P/1RP4P/6RK w - - 1 45",1.0
"8/8/2kn1Q2/8/P7/1P5P/1RP4P/4R2K w - - 1 49",1.0
"k7/8/3Q4/8/P7/1P5P/1RP4P/3R3K w - - 1 51",1.0
"rnb1kb1r/1p1pppp1/5n1p/p3qN2/8/2N1P3/PPP1BPPP/R1BQ1RK1 w kq - 2 9",1.0
"r1b1kb1r/1p2ppp1/2n2n1p/p2pq3/8/2NQP1N1/PPP1BPPP/R1B2RK1 w kq - 2 11",1.0
"r1b1kb1r/1p2ppp1/2nq1n2/pQ1p3p/5P2/2N1P1N1/PPP1B1PP/R1B2RK1 w kq - 1 13",1.0
"r1b1kb1r/1p2ppp1/2n5/pQ6/3q1P1p/8/PPP1BNPP/R1B2RK1 w kq - 0 17",1.0
"r3kb1r/qp1bppp1/2n5/pQ6/5P1p/3R4/PPP1BNPP/R1B3K1 w kq - 4 19",1.0
"r3kb1r/qp2ppp1/2n1b3/1Q6/p4P1p/3R4/PPP1BNPP/R1B3K1 w kq - 0 21",1.0
"3rkb1r/qp1bppp1/2n5/3Q1P2/p6p/3R4/PPP1BNPP/R1B3K1 w k - 3 23",1.0
"3rkb1r/1p1bppp1/8/n4P2/p6p/3RB3/PPP1BNPP/R5K1 w k - 0 25",1.0
"2brkb1r/1p2ppp1/2n5/1R3P2/p6p/4B3/PPP1BNPP/R5K1 w k - 4 27",1.0
"2brkb1r/1p4p1/2n1p3/1R6/p6p/3BB3/PPP2NPP/R5K1 w k - 0 29",1.0
"2br4/1p2n1p1/3kp1B1/7R/p6p/8/PPP3PP/R5K1 w - - 2 35",1.0
"2b3r1/6pR/3k4/1p3p2/p7/8/PPP3PP/R5K1 w - - 2 39",1.0
"6r1/6pR/2k1b3/1p3p2/p7/1P6/P1P3PP/3R2K1 w - - 1 41",1.0
"6r1/6pR/8/2kb4/p4p2/P2R4/2P3PP/6K1 w - - 0 45",1.0
"6r1/6p1/8/7R/p1k1bp2/P7/2PR2PP/6K1 w - - 4 47",1.0
"r7/6p1/2b5/4R3/p1k2p2/P7/2PR2PP/6K1 w - - 8 49",1.0
"4r3/6p1/8/8/p1k1bR2/P7/2PR2PP/6K1 w - - 1 51",1.0
"8/6p1/8/4r3/p2kbR1P/P7/2P1R1P1/6K1 w - - 1 53",1.0
"1r6/6P1/8/8/p1P2R2/P7/3k2P1/4R1K1 w - - 3 59",1.0
"5Q2/8/8/8/p1P5/P7/6P1/4k1K1 w - - 0 61",1.0
"8/8/2P5/8/Q7/P7/6P1/1k4K1 w - - 1 65",1.0
"2Q5/8/8/8/Q7/P7/6P1/k5K1 w - - 1 67",1.0
"r1bqkb1r/ppp1pp2/2n2n1p/3p4/6pN/2N1P3/PPPPBPPP/R1BQ1RK1 w kq - 0 7",1.0
"r2qkb1r/pppbpp2/5n1p/1B1pn3/6pN/2N1P3/PPPP1PPP/R1BQ1RK1 w kq - 4 9",1.0
"r2qkb1r/1pp1pp2/5n1p/pN1pn3/P5pN/4P3/1PPP1PPP/R1BQ1RK1 w kq - 0 11",1.0
"r2qkb1r/1pp1pp2/3n1n1p/pN1p4/P2P2pN/1P2P3/2P2PPP/R1BQ1RK1 w kq - 1 13",1.0
"r2qkb1r/4pp2/1p1p1n1p/p2p4/P2P2pN/BP2P3/2P2PPP/R2Q1RK1 w kq - 0 15",1.0
"2r1kb1r/3qpp2/1p3n1p/p2p4/P2P2pN/BP1QP3/5PPP/R4RK1 w k - 2 19",1.0
"2Rq1b1r/3kpp2/Qp3n1p/p2p4/P2P2pN/BP2P3/5PPP/6K1 w - - 3 23",1.0
"r1b1kb1r/ppqppppp/5n2/2p5/8/2NPPN2/PP1P1PPP/R1BQ1RK1 w kq - 2 7",1.0
"r1b1kb1r/pp1ppppp/1q6/1Npn4/Q7/3PPN2/PP1P1PPP/R1B2RK1 w kq - 6 9",1.0
"r1b1kb1r/pp1ppppp/8/1qpQ4/8/3PPN2/PP1P1PPP/R1B2RK1 w kq - 0 11",1.0
"r1b1kb1r/pp1p2pp/4p3/1qp1Np2/8/3PPQ2/PP1P1PPP/R1B2RK1 w kq - 0 13",1.0
"r1b4Q/pp1p1kb1/4p1p1/1qp2p2/3P4/4P3/PP1P1PPP/R1B2RK1 w - - 1 17",1.0
"r1b5/pp1p1kb1/4p1p1/3q1p2/P2p3Q/4P3/1P1P1PPP/R1B2RK1 w - - 1 19",1.0
"r1b5/p2p1kb1/1p2p1p1/3q1p2/P6Q/4R3/1P1P1PPP/R1B3K1 w - - 0 21",1.0
"2r5/p2p1kb1/bp2p1p1/3q1p2/P7/3PR1Q1/1P3PPP/R1B3K1 w - - 3 23",1.0
"8/p2p1kb1/bp2p3/3q1p1p/P7/3PR1Q1/1Pr2PP1/R1B3K1 w - - 0 25",1.0
"6k1/p2p2b1/1p6/3qp2p/P4Q2/3b1R2/1Pr2PP1/R1B3K1 w - - 0 29",1.0
"5k2/p2p2b1/1p6/3qp1Qp/P7/8/1Pr1bPP1/R1B3K1 w - - 0 31",1.0
"6k1/p2p2b1/1p6/3qp2p/P1b5/8/1PQ2PP1/R1B3K1 w - - 1 33",1.0
"6k1/3p2b1/1p6/p2q3p/P1b1pB2/R7/1PQ2PP1/6K1 w - - 0 35",1.0
"2Q5/3p2bk/1p6/p2q3p/P3pB2/3bR3/1P3PP1/6K1 w - - 4 37",1.0
"8/3p2bk/1p6/p2q3p/P3pBb1/7R/1P3PP1/2Q3K1 w - - 8 39",1.0
"8/3p3k/1p6/p2q1b1p/P2bpB2/8/1P3PP1/2Q1R1K1 w - - 12 41",1.0
"8/3p3k/1p6/p2q1b1p/P2bpB2/8/1PQ2PP1/4R1K1 w - - 16 43",1.0
"8/3p3k/1p4b1/p4q2/P3pB1p/6P1/1P2QK2/3R4 w - - 0 47",1.0
"8/3p3k/1R4b1/p4q2/P3pB2/6P1/1P2QK1p/8 w - - 0 49",1.0
"4b3/7k/1R6/p2p1q2/P3pB2/6P1/1P2Q2K/8 w - - 1 51",1.0
"4b1k1/8/8/3p1q2/PR2pB2/6P1/4Q2K/8 w - - 1 53",1.0
"4b1k1/8/8/3p1q2/P2RpB2/6P1/4Q3/6K1 w - - 5 55",1.0
"6k1/8/P3q1b1/3p4/3RpB2/6P1/4Q3/6K1 w - - 1 57",1.0
"q5k1/P7/6b1/3R4/4pB2/6P1/4Q3/6K1 w - - 1 59",1.0
"q3k3/P2R4/6b1/8/4pB2/6P1/1Q6/6K1 w - - 5 61",1.0
"rnb1kb1r/ppqppp2/5n1p/6p1/2p5/2N1PN2/PPPPBPPP/R1BQ1RK1 w kq - 0 7",0.0
"r1b1kb1r/ppqppp2/2n2n1p/6p1/8/2NBPN2/PPP2PPP/R1BQ1RK1 w kq - 1 9",0.0
"rqb1kb1r/1p1ppp2/p1n2n1p/1N4p1/2P5/3BPN2/PP3PPP/R1BQ1RK1 w kq - 0 11",0.0
"rqb1kb1r/1p1ppp2/p1n2n2/7p/2P3pN/2NBP3/PP3PPP/R1BQ1RK1 w kq - 0 13",0.0
"r1b1kb1r/3ppp2/p1n2n2/1p2qB1p/2P3pN/1PN1P3/P4PPP/R1BQ1RK1 w kq - 1 15",0.0
"1rb1kb1r/3ppp2/p1n2n2/4qB1p/2P3pN/2N1P3/PB3PPP/R2Q1RK1 w k - 1 17",0.0
"2b1k2r/2qp1p2/p1nb1p2/5B1p/NrP3pN/4P3/P1Q2PPP/R4RK1 w k - 2 21",0.0
"2b2rk1/2qp1p2/p4p2/2b2N1p/Q4Pp1/P3P3/6PP/2R2RK1 w - - 2 27",0.0
"2b2r1k/1q1pNp2/p4p2/2b4p/4QPp1/P3P3/6PP/2R2RK1 w - - 6 29",0.0
"2b2r1k/3p4/p4pp1/1qb4p/5Pp1/P2QP3/6PP/2R2RK1 w - - 2 31",0.0
"2b2r1k/8/p2p1pp1/2b4p/5Pp1/P2RP3/6PP/2R3K1 w - - 0 33",0.0
"2b4k/8/p2p1pp1/2b4p/P3rPp1/3RP3/6PP/4R1K1 w - - 3 35",0.0
"7k/8/p2p1pp1/P1b2b1p/r4Pp1/3RP1P1/7P/4R1K1 w - - 1 37",0.0
"1R6/7k/p2p1pp1/r1b2b1p/5Pp1/4P1P1/7P/4R1K1 w - - 2 39",0.0
"8/5R2/p2p1ppk/2b2b1p/5Pp1/4P1P1/r6P/4R1K1 w - - 6 41",0.0
"4R3/6k1/p4pp1/2bp1b1p/5Pp1/4P1P1/r6P/4R1K1 w - - 0 43",0.0
"1R6/6k1/p4p2/2bp1bpp/5Pp1/4P1P1/3r3P/4R1K1 w - - 0 45",0.0
"8/2R5/p4pk1/2bp1b1p/5Pp1/4P3/2r4P/4R1K1 w - - 3 49",0.0
"8/3b4/5pk1/2rp3p/p4Pp1/4P3/7P/1R3K2 w - - 0 53",0.0
"8/8/6k1/1brp1p2/p4Pp1/4P1Kp/R6P/8 w - - 0 57",0.0
"8/8/4k3/1brp1p2/p4Pp1/4P2p/R6P/4K3 w - - 4 59",0.0
"8/3b4/4k3/3p1p2/p1r2Pp1/4P2p/1R1K3P/8 w - - 8 61",0.0
"8/8/1Rb1k3/2rp1p2/p4Pp1/3KP2p/7P/8 w - - 12 63",0.0
"8/8/1Rbk4/3p1p2/p4Pp1/3KP2p/7P/2r5 w - - 16 65",0.0
"8/8/1Rbk4/3p1p2/p4Pp1/3KP2p/7P/2r5 w - - 20 67",0.0
"8/8/4k3/1b1p1p2/5Pp1/p1K1P2p/R6P/7r w - - 6 71",0.0
"8/8/4k3/3p1p2/2bK1Pp1/R3P2p/7r/8 w - - 0 73",0.0
"4R3/8/3k4/3p1p2/2bK1P2/4P1pp/7r/8 w - - 2 75",0.0
"1R6/4k3/8/3p1p2/2bK1P2/4P2p/6pr/8 w - - 0 77",0.0
"3k4/1R6/8/3p1p2/2bK1P2/4P2p/6p1/7r w - - 4 79",0.0
"6R1/8/4k3/3p1p2/2bK1P2/4P2p/6p1/7r w - - 8 81",0.0
"8/8/4k3/3p1p2/2bKPP2/7p/8/6r1 w - - 0 83",0.0
"8/8/4k3/2Kb1p2/5P2/8/7p/6r1 w - - 0 85",0.0
"8/K7/4k3/3b1p2/4qP2/8/8/6r1 w - - 2 87",0.0
"r1bq1rk1/pppp1ppp/2n2n2/2b1p3/P7/2NBPN2/1PPP1PPP/R1BQ1RK1 w - - 1 7",0.5
"r1bq1rk1/ppp2ppp/2n2n2/P1bp2N1/4p3/2NBP3/1PPP1PPP/R1BQ1RK1 w - - 0 9",0.5
"r4rk1/1pp2pp1/p4n1p/P1b5/3qp3/7P/1PPPBP1P/R1BQ1RK1 w - - 0 15",0.5
"r4rk1/1pp2pp1/p2b1n1p/P2q4/3Pp3/2P4P/1P2BP1P/R1BQ1RK1 w - - 1 17",0.5
"r4rk1/1pp2pp1/p4n1p/P1P2q2/3Pp3/7P/1P2BP1P/R1Q2RK1 w - - 2 21",0.5
"2r3k1/1p1r1pp1/pQ3n1p/P1P2q2/4p3/7P/1P2BP1P/R4RK1 w - - 3 25",0.5
"5nk1/1p3pp1/p6p/P1r5/4p3/7P/1P2BP1P/3R2K1 w - - 2 29",0.5
"5nk1/1p3pp1/p6p/P7/1Pr1p1B1/7P/5P1P/3R2K1 w - - 3 31",0.5
"6k1/1p3pp1/p6p/P4B2/1Pr1p2n/7P/5P1P/1R4K1 w - - 7 33",0.5
"6k1/1p1B1pp1/p6p/P7/1P2p3/5n1P/2r2P1P/1R5K w - - 11 35",0.5
"6k1/1p1B1p2/p7/P5pp/1P2p3/5n1P/2r2PKP/3R4 w - - 0 37",0.5
"3R4/1p3pk1/p7/P5pp/BP2p3/5n1P/1r3PKP/8 w - - 4 39",0.5
"3R4/1p3pk1/p7/P7/1P2p1p1/5n2/1r3PKP/3B4 w - - 0 41",0.5
"4R3/1p4k1/p1n5/r4p1P/8/4K3/8/3B4 w - - 0 49",0.5
"R7/6k1/2p5/p2r1p1P/5K2/8/8/8 w - - 2 53",0.5
"8/8/2R5/p2r1p1k/5K2/8/8/8 w - - 0 55",0.5
"8/8/2R5/p2r1p1k/5K2/8/8/8 w - - 4 57",0.5
"8/8/2R5/7k/p3K3/8/5r2/8 w - - 0 61",0.5
"8/8/6k1/2R5/p7/4K3/1r6/8 w - - 4 63",0.5
"8/8/8/5k2/p7/1rR1K3/8/8 w - - 8 65",0.5
"8/8/8/5k2/pr6/R7/3K4/8 w - - 12 67",0.5
"8/8/8/5k2/p7/6R1/2r5/4K3 w - - 16 69",0.5
"8/8/8/5k2/p7/3R4/2r5/4K3 w - - 20 71",0.5
"8/8/8/8/p1r1k3/R7/8/4K3 w - - 24 73",0.5
"8/8/8/4k3/p2r4/7R/4K3/8 w - - 28 75",0.5
"8/8/8/4k3/p2r3R/8/4K3/8 w - - 32 77",0.5
"8/8/8/4k3/p2r3R/8/4K3/8 w - - 36 79",0.5
"8/8/8/4k3/p2r3R/8/4K3/8 w - - 40 81",0.5
"8/8/8/4k3/p2r3R/8/4K3/8 w - - 44 83",0.5
"8/8/5k2/2R5/p6r/8/4K3/8 w - - 48 85",0.5
"8/8/5k2/R7/p5r1/3K4/8/8 w - - 52 87",0.5
"8/8/R7/4k3/p5r1/8/4K3/8 w - - 56 89",0.5
"8/8/R7/4k3/p5r1/8/4K3/8 w - - 60 91",0.5
"R7/8/4k3/8/p2r4/8/4K3/8 w - - 64 93",0.5
"8/R7/8/3k4/pr6/8/3K4/8 w - - 72 97",0.5
"8/R7/8/2k5/p6r/8/1K6/8 w - - 76 99",0.5
"8/1R6/8/k7/p6r/K7/8/8 w - - 80 101",0.5
"8/1R6/8/k7/p6r/K7/8/8 w - - 84 103",0.5
"8/1R6/8/k7/p6r/K7/8/8 w - - 88 105",0.5
"8/1R6/8/k7/p6r/K7/8/8 w - - 92 107",0.5
"8/1R6/8/k7/p6r/K7/8/8 w - - 96 109",0.5
"r1bqk2r/pppppp1p/5n1b/4n3/3N2p1/2N1P3/PPPPBPPP/R1BQ1RK1 w kq - 2 7",1.0
"r1bqk1r1/pppp1p1p/2n1pn2/5Nb1/3P4/2N1P3/PPP1BPPP/R1BQ1RK1 w q - 0 11",1.0
"r1bqk1r1/1ppp1p1p/4pn2/p5b1/1nBP4/2N1P1N1/PPP2PPP/R1BQ1RK1 w q - 0 13",1.0
"r2qk1r1/2pp1p1p/1p2pn2/p5b1/Pn1PP3/2N3N1/1PPB1PPP/R2Q1RK1 w q - 1 17",1.0
"r3k1r1/2p4p/1p2p3/p3P3/Pn1Pp2q/6N1/1P1Q1PPP/R4RK1 w q - 0 23",1.0
"r3k3/2p4p/1p2p3/p3P3/Pn1Ppr1q/6NP/1P1Q1PP1/R3R1K1 w q - 1 25",1.0
"r3k3/2p2r1p/1p2p3/p3P2N/Pn1P3q/4P2P/1P1Q2P1/R3R1K1 w q - 1 27",1.0
"r2k4/2p2r1p/1p3N2/p2pP3/Pn5q/4P2P/1P1Q2P1/R3R1K1 w - - 0 29",1.0
"r3R3/1kp4p/1p3q2/p2P4/Pn6/7P/1P1Q2P1/R5K1 w - - 2 33",1.0
"r7/1kp4p/1p2R3/p2q4/Pn6/7P/1P1Q2P1/5RK1 w - - 0 35",1.0
"2k3r1/2p4p/1p6/p7/P3R3/1P1n3P/6P1/5RK1 w - - 1 39",1.0
"2k3r1/2p5/1p6/p1n4p/P5P1/1P2R2P/8/5RK1 w - - 0 41",1.0
"2k3r1/8/2p5/ppn4p/P2R2P1/1P2R2P/8/6K1 w - - 0 43",1.0
"6r1/8/1k6/ppn5/3R2P1/1P2R3/8/6K1 w - - 0 47",1.0
"6r1/k7/8/p1n5/1p1R2P1/1P2R3/8/6K1 w - - 0 49",1.0
"4r3/k7/8/p4KP1/1p1R4/1P3R2/5n2/8 w - - 9 55",1.0
"4r3/3R4/1k4P1/p4K2/1p2n3/1P3R2/8/8 w - - 1 57",1.0
"4r3/6P1/2k5/p1n2K2/1p1R4/1P3R2/8/8 w - - 3 59",1.0
"6r1/1n4P1/2k2K2/p7/1p1R4/1P4R1/8/8 w - - 7 61",1.0
"6Q1/1n3K2/2k5/p7/1p1r4/1P4R1/8/8 w - - 0 63",1.0
"2Q5/1n3K2/1k1r2R1/p7/1p6/1P6/8/8 w - - 4 65",1.0
"8/3Q4/1k4K1/p1n5/1p6/1P6/8/8 w - - 1 67",1.0
"8/8/1k6/p1nQ2K1/1p6/1P6/8/8 w - - 5 69",1.0
"8/8/1k6/p1nQ2K1/1p6/1P6/8/8 w - - 9 71",1.0
"8/8/1k6/p1n2K2/1pQ5/1P6/8/8 w - - 13 73",1.0
"8/8/1k6/p1n2K2/1pQ5/1P6/8/8 w - - 17 75",1.0
"8/8/n3Q3/pk6/1p3K2/1P6/8/8 w - - 21 77",1.0
"8/8/n3Q3/pk6/1p3K2/1P6/8/8 w - - 25 79",1.0
"8/8/n3Q3/pk6/1p3K2/1P6/8/8 w - - 29 81",1.0
"8/8/n3Q3/pk6/1p3K2/1P6/8/8 w - - 33 83",1.0
"8/1nk5/8/p2K4/1p1Q4/1P6/8/8 w - - 41 87",1.0
"8/1nk5/8/p7/1pK1Q3/1P6/8/8 w - - 45 89",1.0
"8/1nk5/4Q3/p7/1pK5/1P6/8/8 w - - 49 91",1.0
"1k1n4/8/1K2Q3/p7/1p6/1P6/8/8 w - - 53 93",1.0
"rn1qkb1r/pp2pp2/2p2n1p/3p2p1/6b1/3BP3/PPPP1PPP/RNBQK1NR w KQkq - 4 7",1.0
"rn1qkb1r/pp2pp2/2p2n1p/3p4/6p1/3BPQ2/PPPP1PPP/RNB1K2R w KQkq - 0 9",1.0
"r2qkb1r/pp2pp2/2p2n1p/3pnB2/6p1/4P3/PPPPQPPP/RNB1K2R w KQkq - 4 11",1.0
"r3k2r/ppq1bp2/2p1pn1p/3p4/3Q2p1/4P3/PPPP1PPP/RNB2RK1 w kq - 3 15",1.0
"r3k2r/1pq1bp2/4pn1p/p1pp4/3QP1p1/2N5/PPPP1PPP/R1B2RK1 w kq - 0 17",1.0
"r6r/1p1kbp2/4pn1p/p1pp4/4P1p1/2N5/PPPP1PPP/R1B2RK1 w - - 0 19",1.0
"r6r/1p1kbp2/4p2p/p1p1P2n/3p2p1/2NP4/PPP2PPP/R1B2RK1 w - - 0 21",1.0
"r6r/1p2bp2/2k1p2p/p1p1P2n/N2p4/3P1Pp1/PPP3PP/R1B2RK1 w - - 0 23",1.0
"r6r/4bpn1/2k1p2p/ppp1P3/6P1/2NP1P2/PP5K/R1B2R2 w - - 1 27",1.0
"r6r/4bpn1/2k1p3/p1p1P2p/Pp4P1/2NP1P2/1P6/R1B2RK1 w - - 0 29",1.0
"7r/3r1pn1/2k1p3/p1p1P1N1/Pp4Pp/3P1P2/1P3R2/R5K1 w - - 3 33",1.0
"4n2r/3r1p2/2k1p3/p1p1P1N1/P5Pp/1p1P1P2/1P5R/2R3K1 w - - 2 35",1.0
"4n2r/4kp2/4p3/1R2P3/P3N1Pp/1p1r1P2/1P4KR/8 w - - 5 41",1.0
"r7/4k3/5n2/P1Np4/6P1/1p3PKR/1P6/8 w - - 1 47",1.0
"8/8/5k2/3p4/8/5PKR/1r1N4/8 w - - 0 51",1.0
"8/8/4k3/8/3p1P2/6K1/1r1N3R/8 w - - 0 53",1.0
"8/8/2k5/7R/3p1P2/5K2/1r1N4/8 w - - 4 55",1.0
"8/8/4k3/7R/3p1P2/3K4/1r1N4/8 w - - 8 57",1.0
"8/5k2/8/4R3/1r1pNP2/3K4/8/8 w - - 12 59",1.0
"8/8/4k3/8/4NP2/4K3/8/8 w - - 3 63",1.0
"8/8/4k3/8/5P2/4KN2/8/8 w - - 7 65",1.0
"8/8/8/4kP2/3N4/4K3/8/8 w - - 1 67",1.0
"8/5k2/8/5P2/3NK3/8/8/8 w - - 5 69",1.0
"3k4/8/4K3/5P2/3N4/8/8/8 w - - 9 71",1.0
"5k2/5P2/4K3/8/3N4/8/8/8 w - - 1 73",1.0
"8/4KP2/6k1/8/8/5N2/8/8 w - - 5 75",1.0
"5Q2/4K3/6k1/8/3N4/8/8/8 w - - 3 77",1.0
"8/8/4K2k/8/3N4/5Q2/8/8 w - - 7 79",1.0
"8/8/7k/3K1Q2/3N4/8/8/8 w - - 11 81",1.0
"7k/8/8/3K2Q1/3N4/8/8/8 w - - 15 83",1.0
"r1bqkb2/ppppppp1/2n2n2/8/8/2NBPN1r/PPPP1P1P/R1BQ1RK1 w q - 2 7",0.0
"r1bqkb2/ppppppp1/2n5/8/4N1nr/2NBP3/PPPP1P1P/R1BQ1RK1 w q - 6 9",0.0
"r1bqkb2/ppp1p1p1/2n2p2/3p2N1/7r/2NPP2P/PP1P1P1K/R1BQ1R2 w q - 0 13",0.0
"r1b1kb2/ppp1p1p1/2nq1p2/3p4/8/2NPPN1r/PP1P1P2/R1BQ1RK1 w q - 0 15",0.0
"r1bq1b2/ppp2kp1/5p2/3pp3/P2N4/3PP2r/1P1P1P2/R1BQ1RK1 w - - 0 19",0.0
"r1bq1bk1/pp4p1/2p2p2/1N1pp3/P7/3PP2r/1PQP1P2/R1B2RK1 w - - 0 21",0.0
"r1bq2k1/pp4p1/2pb1p2/3pp3/P6r/3PP3/1PQPNP2/R1B2RK1 w - - 4 23",0.0
"r1bq2k1/1p4p1/2pb4/p2ppp2/P6r/1Q1PP1N1/1P1P1P2/R1B2RK1 w - - 0 25",0.0
"r1bq2k1/1p4p1/3b4/p1pPp3/P4p1r/1Q1P2N1/1P1P1P2/R1B2RK1 w - - 0 27",0.0
"r1bq2k1/1p4p1/3b4/p1pPp3/P5r1/1Q1P2p1/1P1P1P2/R1B2RK1 w - - 0 29",0.0
"r1b3k1/1p4p1/3b4/p1pPp3/P7/1Q1PK1p1/1P1P3q/R1B2r2 w - - 0 33",0.0
"r1b1kb1r/p1qppppp/n1p2n2/8/1p1N4/2N1P3/PPPPBPPP/R1BQ1RK1 w kq - 0 7",1.0
"r1b1kb1r/p2pppp1/n1p2n2/4q2p/NpBN4/4P3/PPPP1PPP/R1BQ1RK1 w kq - 0 9",1.0
"r1b1kb1r/p2ppp2/n1N2n2/6pp/NpB1q3/4PQ2/PPPP1PPP/R1B2RK1 w kq - 1 11",1.0
"r1b1kb2/p2ppp1r/n7/4N1pp/NpB1n3/4P3/PPPP1PPP/R1B2RK1 w q - 0 13",1.0
"1rb1kb2/p2ppp1r/n7/3BN1pp/Np6/4P3/PPPB1PPP/R4RK1 w - - 1 15",1.0
"1rb1kb2/p2p1p2/n3p2r/3BN1pp/Np6/4P3/PPPB1PPP/R4RK1 w - - 0 17",1.0
"1rb1kb2/p2p4/n3p2r/5ppp/Np2B3/3NP3/PPPB1PPP/R4RK1 w - - 0 19",1.0
"4kb2/pr1p4/n3p2r/5ppp/Np6/3NP3/PPPB1PPP/R4RK1 w - - 0 21",1.0
"4kb2/pr1p4/n3p2r/5p2/NpP2Ppp/3NP3/PP1B2PP/R4RK1 w - - 0 23",1.0
"4kb2/pr6/n2pp2r/4Np2/N1P2Ppp/Pp2P3/1P1B2PP/R4RK1 w - - 0 25",1.0
"4kb2/pr6/n1Npp2r/5p2/N1P2P2/Pp2P2p/1P1B3P/R4RK1 w - - 0 27",1.0
"1r2kb2/p7/n2pp1r1/N4p2/N1P2P2/Pp2P2p/1P1B3P/R4R1K w - - 4 29",1.0
"3rkb2/p7/4p2r/N1p2p2/2P2P2/Pp2PRRp/1P1B3P/7K w - - 2 33",1.0
"4kb2/p7/4p2r/N1p2p2/2P2P2/PpB1PR1p/1P5P/7K w - - 3 37",1.0
"5b2/p4k1r/4p3/2p2p2/2P2P2/PNB1P1Rp/1P5P/7K w - - 1 39",1.0
"8/4bk1r/p3p3/2p1Bp2/P1P2P2/1N2P1Rp/1P5P/7K w - - 0 41",1.0
"8/4bk1r/p3p3/P1p1Bp2/2P1PP2/1N4Rp/1P5P/7K w - - 1 43",1.0
"3b4/5k1r/p7/P1p1Bp2/2P2P2/6Rp/1P1N3P/7K w - - 0 45",1.0
"3b2R1/3k3r/p7/P1p1Bp2/2P2P2/5N1p/1P5P/7K w - - 4 47",1.0
"2kb4/6R1/p7/P1p1BpNr/2P2P2/7p/1P5P/7K w - - 8 49",1.0
"6R1/8/pk6/4Bp1r/2P2P2/3N3p/1P1b3P/7K w - - 3 53",1.0
"8/6R1/p7/2P1Bp1r/2k2P2/3N3p/1P1b3P/7K w - - 3 55",1.0
"8/3R2Br/p7/2P2p2/2k2P2/3N3p/1P1b3P/7K w - - 7 57",1.0
"8/6R1/p1P5/1k3p2/5P2/3N3p/1P1b3P/7K w - - 1 59",1.0
"8/2PR4/p7/1k3p2/5P2/3N3p/1P1b3P/7K w - - 3 61",1.0
"8/3R4/p7/k4p2/2Q2P2/3N3p/1P5P/4b2K w - - 3 63",1.0
"r2qk2r/ppp1ppbp/7n/4Pbp1/1P2p3/4P3/P1P1NPPP/RNBQ1RK1 w kq - 1 9",1.0
"r3k2r/ppp1ppbp/7n/4P1p1/1P2p1b1/4P3/PBP1NPPP/RN1R2K1 w kq - 1 11",1.0
"r3k2r/1pp1ppbp/7n/p3P1p1/1P2p3/4P3/PBP1RPPP/RN4K1 w kq - 0 13",1.0
"r3k2r/1pp1pp1p/8/pP2n3/4N1p1/4P3/P1P1RPPP/R5K1 w kq - 0 17",1.0
"r4rk1/1pp1p2p/8/pP2np2/P3N1p1/4P3/2PR1PPP/R5K1 w - - 0 19",1.0
"r4rk1/1pp1p2p/3n4/pP1R1p2/P5p1/4P1N1/2P2PPP/R5K1 w - - 4 21",1.0
"2r2rk1/2p1p2p/1p1n4/pPR2p2/P5p1/4P1N1/2P2PPP/3R2K1 w - - 0 23",1.0
"2r3k1/4pr1p/1p1n4/pPp1Rp2/P1P3p1/4P1N1/5PPP/3R2K1 w - c6 0 25",1.0
"3r2k1/4pr1p/1p1n4/pPpR1p2/P1P3p1/4P1N1/5PPP/2R3K1 w - - 4 27",1.0
"3r2k1/4pr1p/1p1n4/pPpR1p2/P1P3p1/4P1N1/5PPP/2R3K1 w - - 8 29",1.0
"3r2k1/4pr1p/1p1n4/pPpR1p2/P1P3p1/4P1N1/5PPP/2R3K1 w - - 12 31",1.0
"3r2k1/4pr1p/1p1n4/pPpR1p2/P1P3p1/4P1N1/5PPP/2R3K1 w - - 16 33",1.0
"3r2k1/4pr1p/1p1n4/pPpR1p2/P1P3p1/4P1N1/5PPP/2R3K1 w - - 20 35",1.0
"3r2k1/4pr1p/1p1n4/pPpR1p2/P1P3p1/4P1N1/5PPP/2R3K1 w - - 24 37",1.0
"3r2k1/4pr1p/1p1n4/pPpR1p2/P1P3p1/4P1N1/5PPP/2R3K1 w - - 28 39",1.0
"3r2k1/4pr1p/1p1n4/pPpR1p2/P1P3p1/4P1N1/5PPP/2R3K1 w - - 32 41",1.0
"3r2k1/4pr1p/1p1n4/pPpR1p2/P1P3p1/4P1N1/5PPP/2R3K1 w - - 36 43",1.0
"3r2k1/5r1p/1p1n4/pPp1pp1N/P1P3p1/4P3/3R1PPP/2R3K1 w - - 0 45",1.0
"8/1r4kp/1p1R1N2/pPp2p2/P1P1p1p1/4P3/5PPP/6K1 w - - 3 49",1.0
"2r5/8/5k2/pPNR1p1p/P1P1p3/4P2P/5P1K/8 w - - 5 57",1.0
"6r1/1P6/5k2/p1NR1p2/P1P1p2p/4P2P/5P1K/8 w - - 1 59",1.0
"1N6/8/5k2/R4p2/P1P1p2p/4P2P/5P1K/8 w - - 1 63",1.0
"8/8/7k/P4R2/2PNp2p/4P2P/5P1K/8 w - - 1 67",1.0
"8/8/P7/6k1/2PNpR1p/4P2P/5P1K/8 w - - 1 69",1.0
"Q7/8/8/6k1/2PNpR1p/4P2P/5P1K/8 w - - 1 71",1.0
"r1bqkb1r/p2p1ppp/2p1pn2/1pn2B2/8/2N1PN2/PPPP1PPP/R1BQ1RK1 w kq - 0 7",1.0
"r1bqk2r/p2p1ppp/2pbpn2/2n5/1p6/4PN1B/PPPPNPPP/R1BQ1RK1 w kq - 2 9",1.0
"1rbq1rk1/p2p1ppp/n1pbpn2/8/1P6/B3PN1B/2PPNPPP/RQ3RK1 w - - 3 13",1.0
"1rb2rk1/p2p1ppp/n1pbpq2/3n4/1P6/B1PQPN1B/3PNPPP/R4RK1 w - - 3 15",1.0
"1rb2rk1/p2p1ppp/n1p1pq2/8/1nP5/B2QP2B/3PNPPN/R4RK1 w - - 0 17",1.0
"1rb2rk1/p4ppp/n1p1p3/3p4/1nPP4/B6B/3PNPPN/R4RK1 w - - 0 19",1.0
"1r2r1k1/p2b1ppp/n1p1p3/3p4/1nPP4/B6B/3PNPPN/1RR3K1 w - - 4 21",1.0
"6k1/p2b2pp/n1p1pp2/3n4/3P4/5N1B/3PNPP1/2B3K1 w - - 0 27",1.0
"6k1/3b2pp/2p1pp2/p2n4/1n1P4/2N2NPB/3P1P2/2B3K1 w - - 0 29",1.0
"6k1/3b4/2p1pp2/p2n2pp/1n1P4/2N2NP1/1B1P1P2/5BK1 w - - 0 31",1.0
"4b1k1/8/2p1pp2/p2n4/1n1P2p1/2N3P1/1B1P4/4NBK1 w - - 2 35",1.0
"4b1k1/8/2p1pp2/p7/1n1P2p1/2NN2P1/1BnP2B1/6K1 w - - 6 37",1.0
"4b1k1/8/2p1p3/p4p2/Nn1P2p1/6P1/1B1P1NB1/4n1K1 w - - 2 39",1.0
"4b3/5k2/2p1p3/p1N2p2/1n1P2p1/6P1/1B1P1NK1/8 w - - 1 41",1.0
"4b3/5k2/2p1p3/5p2/N2P2p1/5nP1/1B1P1N2/5K2 w - - 3 45",1.0
"4b3/8/2pkp3/2N2p2/3P2p1/2B2nP1/3P1N2/5K2 w - - 7 47",1.0
"8/5b2/2p1p3/2Nk1p2/3P2p1/2BN1nP1/3P1K2/8 w - - 11 49",1.0
"8/1N3b2/2p1p3/5p2/1N1nk1p1/2B3P1/3P1K2/8 w - - 0 51",1.0
"4k3/8/2N1p3/5p2/3B2p1/6P1/3P1K2/8 w - - 1 55",1.0
"8/8/3kp3/4Np2/3B2p1/3P2P1/5K2/8 w - - 3 57",1.0
"8/8/2k1p3/5p2/2NB2p1/3PK1P1/8/8 w - - 7 59",1.0
"8/8/2k1p3/5p2/2NB2p1/3PK1P1/8/8 w - - 11 61",1.0
"8/8/2k1pB2/5p2/2N2Kp1/3P2P1/8/8 w - - 15 63",1.0
"8/8/2kNpB2/4Kp2/6p1/3P2P1/8/8 w - - 19 65",1.0
"8/8/2k2B2/4K3/5Np1/3P2P1/8/8 w - - 1 69",1.0
"8/8/2k2B2/5K2/3P1Np1/6P1/8/8 w - - 1 71",1.0
"8/8/8/1k1PBK2/5Np1/6P1/8/8 w - - 3 73",1.0
"8/8/3PK3/4B3/5Np1/1k4P1/8/8 w - - 1 75",1.0
"3Q4/8/4K3/4B3/5Np1/1k4P1/8/8 w - - 1 77",1.0
"8/8/4K3/3QB3/k5p1/3N2P1/8/8 w - - 5 79",1.0
"r1b1kb1r/p1qppppp/n1p5/1p6/3PP1n1/5N2/PPP1BPPP/RNBQ1RK1 w kq - 0 7",1.0
"r1b1kb1r/p1qpppp1/2p5/1p2P2p/1n1P2n1/2N2N2/PPP1BPPP/R1BQ1RK1 w kq - 0 9",1.0
"r1b1kb1r/2qppp2/p1p3p1/1p2P1Bp/Pn1P2n1/2N2N2/1PP1BPPP/R2Q1RK1 w kq - 0 11",1.0
"r1b1kb1r/2qppp2/p1p3p1/1P2PnBp/1n1P4/2N2N1P/1PP1BPP1/R2Q1RK1 w kq - 1 13",1.0
"r1b1kb1r/3ppp2/P5p1/2qpPnBp/1n6/2N2N1P/1PP1BPP1/R2Q1RK1 w kq - 1 15",1.0
"N3kb1r/Pb1ppp2/6p1/4PnBp/3p3P/5N2/1Pn1BPP1/5RK1 w k - 1 21",1.0
"3k1b1r/P2ppp2/6p1/1N2PnBp/3pb2P/5N2/1Pn1BPP1/5RK1 w - - 5 23",1.0
"3k3r/P7/2b1p1BB/1N1pPn1p/3p3P/5N2/1Pn2PP1/5RK1 w - - 0 27",1.0
"8/3k4/4p3/3pP1Bp/3N3P/8/1PB1KPP1/r7 w - - 2 33",1.0
"8/3k4/4p1B1/3pP1Bp/1P1N3P/2r5/4KPP1/8 w - - 3 35",1.0
"4k3/8/4B3/3pP1Bp/1PrN3P/8/4KPP1/8 w - - 1 37",1.0
"8/3k4/8/3BP1Bp/1r5P/5N2/4KPP1/8 w - - 1 39",1.0
"8/3k1B2/1r6/4P1Bp/7P/8/3NKPP1/8 w - - 5 41",1.0
"8/2k5/8/r3PPB1/7P/5B2/3NK1P1/8 w - - 3 45",1.0
"8/8/1k3B2/1r2PP2/4B2P/8/3NK1P1/8 w - - 7 47",1.0
"8/8/5B2/2k1PPP1/4B2P/8/1r1NK3/8 w - - 1 49",1.0
"8/8/1k2PB2/5PPP/1r2B3/8/3NK3/8 w - - 1 51",1.0
"8/4P3/1k3B2/5PPr/8/8/3N2K1/7B w - - 0 55",1.0
"8/8/k4B2/5PP1/7r/4Q3/3N2K1/7B w - - 3 57",1.0
"8/8/kr3BP1/5P2/8/4Q3/3N4/5K1B w - - 3 59",1.0
"r1b1k2r/pp1pppbp/2p3p1/q7/4PB2/2PP1N2/PP2QPPP/R4RK1 w kq - 2 11",1.0
"r1b1k2r/pp1pppbp/2p3p1/7q/2PPPB2/5N2/PP2QPPP/R4RK1 w kq - 1 13",1.0
"r1b2rk1/pp1pppbp/2p3p1/8/P1PPP1q1/5NB1/1P2QPPP/R4RK1 w - - 3 15",1.0
"r1b2rk1/1p1ppp1p/p1p2bp1/P1P5/3PP1q1/5NB1/1P2QPPP/R4RK1 w - - 1 17",1.0
"r1b2rk1/1p1p1pbp/p1p1p1p1/P1P1P3/1P1P2q1/5NB1/4QPPP/R4RK1 w - - 0 19",1.0
"r1b1r1k1/1p1p1pbp/p1p1p1p1/P1P1Pq2/1P1P4/4QNB1/5PPP/R2R2K1 w - - 4 21",1.0
"r1b1rbk1/1p1p1p1p/p1p1p1p1/P1P1P1N1/1P1P2q1/4Q1B1/R4PPP/3R2K1 w - - 8 23",1.0
"r1b1r1k1/1p1pbp1p/p1p1p3/P1P1P1p1/1P1P2q1/4QNB1/4RPPP/3R2K1 w - - 0 25",1.0
"r1b1r1k1/1p1pbp1p/p1p1p3/P1P1Pq2/1P1P2p1/2Q2NB1/4RPPP/3R2K1 w - - 0 27",1.0
"r1b1r1k1/1p1pbp1p/p1p1p3/P1P1Pq2/1P1PN1p1/2Q3B1/4RPPP/3R2K1 w - - 4 29",1.0
"r1b2rk1/1p1pbp1p/p1p1p2Q/P1P1Pq2/1P1PN1p1/6B1/4RPPP/3R2K1 w - - 8 31",1.0
"r1b1r1k1/1p1pbp1p/p1p1p1q1/P1P1P3/1P1PN1p1/3R2B1/4RPPP/2Q3K1 w - - 12 33",1.0
"r1br2k1/1p1pbp2/p1p1p1q1/P1P1P2p/1P1PNBp1/6R1/4RPPP/2Q3K1 w - - 0 35",1.0
"r1b1r1k1/1p1pbp2/p1p1p1q1/P1P1P3/1P1PNB1p/3R4/3QRPP1/6K1 w - - 2 39",1.0
"2b1r1k1/rp1pbp2/p1p1p3/P1P1P3/1P1PNBqp/5R2/3Q1PP1/4R1K1 w - - 6 41",1.0
"2b1r1k1/rp1p1p2/p1p1pPq1/P1P5/1P1P1B1p/5R2/3Q1PP1/4R1K1 w - - 1 43",1.0
"2b1r1k1/rp1p1p2/p1p1pP2/P1P2q2/1P1P1B1R/8/3Q1PP1/4R1K1 w - - 3 47",1.0
"r1b1r1k1/1p1p1p2/p1p1pP1R/P1P5/1P1P1Bq1/4Q3/5PP1/4R1K1 w - - 7 49",1.0
"r1br2k1/1p1p1p2/p1p1pP2/P1P2q2/1P1PQB2/7R/5PP1/4R1K1 w - - 11 51",1.0
"r1br2k1/1p1p1p2/p1p1pP2/P1P2q2/1P1PQB2/7R/5PP1/4R1K1 w - - 15 53",1.0
"r1b2r1k/1pBp1p2/p1p1pP2/P1P2q2/1P1PQ3/6R1/5PP1/4R1K1 w - - 19 55",1.0
"r1b3rk/1pBp1p1q/p1p1pP2/P1P5/1P1P1Q2/6R1/5PP1/4R1K1 w - - 23 57",1.0
"r1b5/1p1p1p2/p1pBpP1k/P1P5/1P1P3P/8/5P2/4R1K1 w - - 1 63",1.0
"2b5/rp1p1p2/p1p1pP2/P1P1B2k/1P1PR2P/8/5P2/6K1 w - - 5 65",1.0
"2b5/rp1p1p2/p1p1pP2/P1P1B2k/1P1P2RP/5P2/8/6K1 w - - 3 67",1.0
"2b5/rp1p2R1/p1p1pP1k/P1P5/1P1P3P/5PB1/8/6K1 w - - 3 71",1.0
"2b3R1/rp3P1k/p1p1p3/P1Pp4/1P1P3P/5PB1/8/6K1 w - - 1 73",1.0
"2b2Q1R/r7/ppp1p1k1/P1Pp4/1P1P3P/5PB1/8/6K1 w - - 2 75",1.0
"r1bqkb2/ppppppp1/2n2n2/8/8/2NBPN1r/PPPP1P1P/R1BQ1RK1 w q - 2 7",0.0
"r1bqkb2/ppp1ppp1/2n2n2/3p3r/P1B5/2N1PN2/1PPP1P1P/R1BQ1RK1 w q - 0 9",0.0
"r1b1kb2/ppp1ppp1/2n2n2/3p3r/P7/2NBP2q/1PPP1P1P/R1BQNRK1 w q - 4 11",0.0
"r1b1kb2/ppp1ppp1/2n2n2/3p4/P5q1/2NBPN1r/1PPP1P1P/R1BQ1R1K w q - 8 13",0.0
"r1b1kb2/pp3pp1/2p5/3pn3/P4N1r/3B4/1PPP1PK1/R1BR4 w q - 2 21",0.0
"2kr4/pp3pp1/2pb4/3p4/P7/7K/RPnPNP2/2B5 w - - 2 27",0.0
"2k1r3/pp3pp1/2pb4/3p4/Pn4K1/6N1/RP1P1P2/2B5 w - - 6 29",0.0
"2k1r3/pp4p1/2pb1p2/3p4/P5K1/5RN1/1PnP1P2/2B5 w - - 0 31",0.0
"2k5/pp4p1/2p2p2/3pbN1K/P3r3/5R2/1PnP1P2/2B5 w - - 4 33",0.0
"2kb4/pp6/2p3K1/3p1N2/P2P1P2/2R5/1Pn1r3/2B5 w - - 1 39",0.0
"3b4/1pk5/2p3K1/p2p1N2/P2P1P2/2R5/1Pn1r3/2B5 w - - 0 41",0.0
"3b4/1pk2K2/2p5/p2p1N2/P2P1P2/6R1/1Pn1r3/2B5 w - - 4 43",0.0
"2kb4/1p3KR1/2p5/p2p1N2/P2P1P2/1P6/2n1r3/2B5 w - - 3 45",0.0
"1k1b1K2/1p4R1/2p5/p2p4/P2P1P2/1P4N1/2n2r2/2B5 w - - 7 47",0.0
"1k1b1K2/1p4R1/2p5/p2p4/P2P1P2/1P6/1Bn5/7r w - - 0 49",0.0
"1k6/1p3RK1/2p5/p2p1Pb1/P2P4/1P2n3/7r/2B5 w - - 7 53",0.0
"1k6/5R2/2p2PK1/pp1p4/P2P1b2/1P2n3/7r/2B5 w - - 2 55",0.0
"1k6/4RK2/2p2P2/pp1p4/P2P1b2/1P2n1r1/8/2B5 w - - 6 57",0.0
"8/3kPK2/2p5/p2p4/P2P4/4r3/8/8 w - - 3 63",0.0
"8/3k4/2p5/p2p2K1/P2Pr3/8/8/8 w - - 2 65",0.0
"8/3k4/2p2K2/p2p4/r7/8/8/8 w - - 0 67",0.0
"8/3k4/2p5/3p2K1/p3r3/8/8/8 w - - 0 69",0.0
"8/3k4/2p5/3p1K2/4r3/8/p7/8 w - - 0 71",0.0
"8/3k4/6K1/2pp4/4r3/8/8/q7 w - - 0 73",0.0
"r1bq1rk1/pppp1ppp/3bpn2/8/Pn6/2NBPN2/1PPP1PPP/R1BQ1RK1 w - - 1 7",0.0
"r1bq2k1/pppp1rpp/4p3/8/P3n3/4PN2/1PPP1RPP/R1BQ2K1 w - - 1 11",0.0
"r1bq2k1/ppp2rpp/4p3/2np4/P7/3PPN2/1PP3PP/R1BQ1RK1 w - - 1 13",0.0
"r1bq2k1/ppp3pp/8/2npNp2/P7/3PP3/1PP3PP/R1BQ2K1 w - - 0 15",0.0
"r1b3k1/ppp1q1pp/8/3pNp1Q/P2Pn3/4P3/1PP3PP/R1B3K1 w - - 1 17",0.0
"r5k1/ppp3pp/4b3/P2pNp1Q/1q1Pn3/1P2P3/2P3PP/R1B3K1 w - - 1 19",0.0
"r1bq1rk1/1ppp1ppp/2nbpn2/p7/3P4/2N1PN2/PPP1BPPP/R1BQ1RK1 w - - 0 7",1.0
"r1b2rk1/1ppp1ppp/2nbpq2/p7/P1BP2n1/2N1PN2/1PP2PPP/R1BQ1RK1 w - - 1 9",1.0
"r1b2rk1/1ppp1ppp/2n1pq1n/p7/P1BPPb2/2N2N1P/1PP2PP1/R1BQ1RK1 w - - 1 11",1.0
"r1b2rk1/1ppp1p1p/4p2p/p3q3/P1B5/2N4P/1PP2PP1/R2Q1RK1 w - - 0 15",1.0
"r1b2rk1/1ppp1p1p/4p2p/p7/P1B1N1q1/7P/1PP2PP1/R4RK1 w - - 0 17",1.0
"r1b2r2/1ppp1pkp/4p3/p6p/P1B3N1/7P/1PP2PP1/R4RK1 w - - 0 19",1.0
"r1b2rk1/1pp2p1p/3pp3/p6p/P1B5/5N1P/1PP2PP1/R4RK1 w - - 2 21",1.0
"r4rk1/1pp2p1p/3pb3/p3p2p/P1B4N/7P/1PP2PP1/R2R2K1 w - - 2 23",1.0
"r4rk1/2p4p/1p1pb3/p3pp1B/P6N/7P/1PP2PP1/R2R2K1 w - - 0 25",1.0
"3r1rk1/2p4p/1p1pb3/p3p3/P4p1N/1P3B1P/2P2PP1/R2R2K1 w - - 2 27",1.0
"5rk1/2p3rp/1p1pb3/p3p3/P1P1Bp1N/1P5P/5PP1/R2R2K1 w - - 3 29",1.0
"6k1/2p3r1/1p1pbr2/p3p2p/P1P1Bp1N/1P1R3P/5PP1/3R2K1 w - - 0 31",1.0
"7k/2p3r1/1p1pb2r/p3p2p/P1P2p1N/1P1R1B1P/5PP1/4R1K1 w - - 4 33",1.0
"4R3/2p3k1/1p1p2r1/p6p/P1P5/1P1R1p1b/5PP1/6K1 w - - 2 39",1.0
"8/2p2k2/1p1p2r1/p6p/P1P3b1/1P1R1pP1/5P2/4R1K1 w - - 3 41",1.0
"8/5k2/1p1p1r2/p1p4p/P1P2Rb1/1P3pP1/5P2/4R1K1 w - - 2 43",1.0
"8/5k2/1p1pb3/p1p4p/P1P5/1P3pP1/5P2/4R1K1 w - - 0 45",1.0
"8/8/1p1p1k2/p1p4p/P1P3b1/1P2RpP1/5P1K/8 w - - 4 47",1.0
"8/3k4/1R1p4/p1p4p/P1P5/1P3pP1/2b2P2/6K1 w - - 3 51",1.0
"1R6/2k5/3p4/p1p4p/P1P5/1P3pP1/2b2P2/6K1 w - - 7 53",1.0
"8/2k5/1R1p4/p1p4p/P1P5/1P3pP1/2b2P2/6K1 w - - 11 55",1.0
"3k4/8/3p4/pRp4p/P1P5/1P3pP1/2b2P2/5K2 w - - 15 57",1.0
"8/4k3/3p4/pRp5/P1P4P/1P3p2/2b2P2/4K3 w - - 1 59",1.0
"8/4k3/3p4/pRp5/P1P4P/1P2Kp2/2b2P2/8 w - - 5 61",1.0
"8/8/3p4/R1p4k/P1P2K2/1P6/4bP2/8 w - - 3 67",1.0
"8/8/2P5/R2P3k/P4K2/8/5P2/3b4 w - - 1 71",1.0
"8/2P5/3P3k/R6b/P4K2/8/5P2/8 w - - 1 73",1.0
"2Q5/8/3P2k1/7R/P4K2/8/5P2/8 w - - 1 75",1.0
"r1bqkb1r/1ppppppp/8/p1n5/1n6/2NBPN2/PPPPQPPP/R1B2RK1 w kq - 10 7",0.5
"r1bqkb1r/1pp1pppp/8/p3p3/8/P1NPP3/RPnPQPPP/2B2RK1 w kq - 0 11",0.5
"r3kb1r/1ppqp1pp/5p2/4p3/P1Q1P3/P3P3/R2P2PP/2B2RK1 w kq - 2 17",0.5
"4kb1r/2pqp1pp/1p3p2/1Q2p3/r3P3/P2PP3/R5PP/2B2RK1 w k - 0 19",0.5
"3k1b1r/2pq2pp/1p2pp2/4p3/r3P3/PQ1PP3/R2B2PP/5RK1 w - - 0 21",0.5
"2k2b1r/2pq2pp/4pp2/1p2p3/r3P3/PQ1PP3/R2B2PP/5RK1 w - - 2 23",0.5
"2k4r/2p3p1/4pp2/1R2p2p/4P3/b2PP3/3B2PP/6K1 w - - 0 27",0.5
"5b1r/1kp3p1/4pp2/R3p2p/1B2P3/3PP3/6PP/6K1 w - - 4 29",0.5
"5b1r/2p3p1/1k2pp2/R3p2p/1B2P3/3PP3/6PP/6K1 w - - 8 31",0.5
"R4b1r/2k3p1/4pp2/2p1p2p/4P3/2BPP3/6PP/6K1 w - - 2 33",0.5
"4kb1r/R5p1/4pp2/2p1p2p/4P3/2BPP3/6PP/6K1 w - - 6 35",0.5
"4k3/R5pr/3bpp2/2p1p2p/4P2P/2BPP1P1/8/6K1 w - - 1 37",0.5
"4k3/R5pr/3bpp2/2p1p2p/4P2P/2BPP1P1/8/6K1 w - - 5 39",0.5
"4k3/1R4pr/3b4/2p1pp1p/7P/2BPP1P1/8/6K1 w - - 0 41",0.5
"8/1R4pr/2kb4/2p1pp1p/7P/2BPP1P1/8/6K1 w - - 4 43",0.5
"8/R5pr/2kb4/2p4p/4p2P/2B1P1P1/8/6K1 w - - 0 45",0.5
"8/6B1/2k5/8/1bp1p1pP/4P3/6K1/8 w - - 0 49",0.5
"8/6B1/2k5/8/1b2p1KP/4P3/2p5/8 w - - 0 51",0.5
"8/6b1/2k5/8/4p1KP/4P3/2p5/2B5 w - - 4 53",0.5
"8/8/6K1/3k4/4p2P/4P3/2p5/b1B5 w - - 8 55",0.5
"8/8/6KP/3kb3/4p3/4P3/2p5/2B5 w - - 1 57",0.5
"8/7P/8/3kb1K1/4p3/4P3/2p5/2B5 w - - 3 59",0.5
"8/7P/4k1K1/8/4p3/2b1P3/2p5/2B5 w - - 59 87",0.5
"8/7P/4k3/8/4p1K1/2b1P3/2p5/2B5 w - - 63 89",0.5
"8/7P/4k3/8/4p1K1/2b1P3/2p5/2B5 w - - 67 91",0.5
"8/7P/4k3/8/4p1K1/2b1P3/2p5/2B5 w - - 71 93",0.5
"8/7P/4k3/8/4p1K1/2b1P3/2p5/2B5 w - - 75 95",0.5
"8/7P/4k3/8/4p1K1/2b1P3/2p5/2B5 w - - 79 97",0.5
"8/7P/4k3/8/4p1K1/2b1P3/2p5/2B5 w - - 83 99",0.5
"8/7P/4k3/8/4p1K1/2b1P3/2p5/2B5 w - - 87 101",0.5
"8/7P/4k1K1/8/4p3/2b1P3/2p5/2B5 w - - 91 103",0.5
"8/7P/4k1K1/8/4p3/2b1P3/2p5/2B5 w - - 95 105",0.5
"rqb1kb1r/1p1ppppp/2n2n2/pNp5/8/3BPN2/PPPP1PPP/R1BQ1RK1 w kq - 8 7",0.5
"rqb1kb1r/1p1ppp1p/5np1/pNp1n3/8/2P1PN2/PPBP1PPP/R1BQ1RK1 w kq - 0 9",0.5
"r1b1kb1r/1p1ppp1p/5np1/pNp1q3/8/1PP1PQ2/P1BP1PPP/R1B2RK1 w kq - 1 11",0.5
"r1b1kb1r/1p1ppp2/5np1/p3q2p/3N4/1PP1PQ2/P1B2PPP/R1B2RK1 w kq - 0 13",0.5
"r1b1kb1r/1p1ppp2/5np1/p6q/3N4/BPPBP1QP/P4P1P/R4RK1 w kq - 3 17",0.5
"2bk1b1r/rpNppp2/5np1/p6q/8/BPPBP1QP/P4P1P/R4RK1 w - - 7 19",0.5
"2bk1b1r/rpNppp2/5np1/p6q/8/BPPBP1QP/P4P1P/R4RK1 w - - 11 21",0.5
"2bk1b1r/rpNppp2/5np1/p6q/8/BPPBP1QP/P4P1P/R4RK1 w - - 15 23",0.5
"2bk1b1r/rpNppp2/5np1/p6q/8/BPPBP1QP/P4P1P/R4RK1 w - - 19 25",0.5
"2bk1b1r/rpNppp2/5np1/p6q/8/BPPBP1QP/P4P1P/R4RK1 w - - 23 27",0.5
"2bk1b1r/rpNppp2/5np1/p6q/8/BPPBP1QP/P4P1P/R4RK1 w - - 27 29",0.5
"2bk1b1r/rpNppp2/5np1/p6q/8/BPPBP1QP/P4P1P/R4RK1 w - - 31 31",0.5
"2bk1b1r/rpNppp2/5np1/p6q/8/BPPBP1QP/P4P1P/R4RK1 w - - 35 33",0.5
"2bk1b1r/rpNppp2/5np1/p6q/8/BPPBP1QP/P4P1P/R4RK1 w - - 39 35",0.5
"2bk1b1r/rpNppp2/5np1/p6q/8/BPPBP1QP/P4P1P/R4RK1 w - - 43 37",0.5
"2bk1b1r/rpNppp2/5np1/p6q/8/BPPBP1QP/P4P1P/R4RK1 w - - 47 39",0.5
"2bk1b1r/rpNppp2/5np1/p6q/8/BPPBP1QP/P4P1P/R4RK1 w - - 51 41",0.5
"2bk1b1r/rpNppp2/5np1/p6q/8/BPPBP1QP/P4P1P/R4RK1 w - - 55 43",0.5
"2bk1b1r/rpNppp2/5np1/p6q/8/BPPBP1QP/P4P1P/R4RK1 w - - 59 45",0.5
"2bk1b1r/rpNppp2/5np1/p6q/8/BPPBP1QP/P4P1P/R4RK1 w - - 63 47",0.5
"2bk1b1r/rpNppp2/5np1/p6q/8/BPPBP1QP/P4P1P/R4RK1 w - - 67 49",0.5
"2bk1b1r/rpNppp2/5np1/p6q/8/BPPBP1QP/P4P1P/R4RK1 w - - 71 51",0.5
"2bk1b1r/rpNppp2/5np1/p6q/8/BPPBP1QP/P4P1P/R4RK1 w - - 75 53",0.5
"2bk1b1r/rpNppp2/5np1/p6q/8/BPPBP1QP/P4P1P/R4RK1 w - - 79 55",0.5
"2bk1b1r/rpNppp2/5np1/p6q/8/BPPBP1QP/P4P1P/R4RK1 w - - 83 57",0.5
"2bk1b1r/rpNppp2/5np1/p6q/8/BPPBP1QP/P4P1P/R4RK1 w - - 87 59",0.5
"2bk1b1r/rpNppp2/5np1/p6q/8/BPPBP1QP/P4P1P/R4RK1 w - - 91 61",0.5
"2bk1b1r/rpNppp2/5np1/p6q/8/BPPBP1QP/P4P1P/R4RK1 w - - 95 63",0.5
"rn1qk2r/p1pp1ppp/1p1bp2n/8/8/3QPN2/PPPP1PPP/RNB2RK1 w kq - 2 7",0.0
"r3k2r/p1pp1ppp/1p1bp3/5n2/7q/2Q1P3/PPPP1PPP/RNB2RK1 w kq - 3 11",0.0
"r3k2r/p1pp1ppp/1p1bp3/8/6qn/N1Q1P1P1/PPPP1P1P/R1B2RK1 w kq - 3 13",0.0
"r3k2r/p1p2ppp/1ppbp3/8/7n/N3P1Pq/PPPP1P2/R1B2RK1 w kq - 0 15",0.0
"rnbqk1nr/pp2ppb1/2p5/3pN2p/6p1/4P3/PPPPBPPP/RNBQK2R w KQkq - 2 7",0.0
"rnb1k1nr/pp2ppb1/2p5/3q3p/3p2p1/3NP3/PPPPBPPP/RNBQ1RK1 w kq - 2 9",0.0
"rnb1k1nr/p3ppb1/2pq4/1p5p/3p1Np1/N3P3/PPPPBPPP/R1BQ1RK1 w kq - 0 11",0.0
"rnb1k2r/p3pp2/2pq1n2/1p5p/6p1/2PNP3/PPNPBPPb/R1BQ1R1K w kq - 2 15",0.0
"rn2k2r/p3pp2/2pq1n2/1p6/3Nb2p/2PNP3/PP1PB1Pb/R1BQ1R1K w kq - 3 19",0.0
"r1bqkb1r/ppp2ppp/2n2n2/1B6/3p4/2N2N2/PPPP1PPP/R1BQK2R w KQkq - 0 7",1.0
"r1bqk2r/ppp2ppp/2n2n2/1Bb5/3p4/P4N2/1PPPNPPP/R1BQK2R w KQkq - 1 9",1.0
"r1b2rk1/ppp2ppp/2n2n2/1BPq4/3p4/P4N2/2PPNPPP/R1BQK2R w KQ - 1 11",1.0
"r4rk1/pppb1ppp/2n5/1BPq4/3pn3/P4N2/1BPPNPPP/R2Q1RK1 w - - 5 13",1.0
"1r4k1/p1N2rpp/2p2p2/8/3B2Q1/P2P4/2P2PPP/R5K1 w - - 3 23",1.0
"2r3k1/2N2rpp/2Q2p2/p7/3B4/P2P4/2P2PPP/R5K1 w - - 1 25",1.0
"2r3k1/2N2rpp/1BQ5/5p2/p7/P2P4/2P2PPP/4R1K1 w - - 0 27",1.0
"6k1/4r1pp/1B2N3/5p2/Q7/P2P4/2P2PPP/6K1 w - - 3 31",1.0
"8/4rk1p/2Q1N1p1/2B2p2/8/P2P4/2P2PPP/6K1 w - - 2 33",1.0
"8/4B1kp/2Q3p1/5pN1/8/P2P4/2P2PPP/6K1 w - - 1 35",1.0
"8/5N1p/2Q2Bp1/5p1k/8/P2P4/2P2PPP/6K1 w - - 5 37",1.0
"r1b1kb1r/ppqpppp1/5n2/2p4p/1nB5/2N1PN2/PPPP1PPP/R1BQ1RK1 w kq - 0 7",1.0
"rqb1kb1r/1p1pppp1/p4n2/1Np4p/1nBP4/4PN2/PPP2PPP/R1BQ1RK1 w kq - 0 9",1.0
"rqb1kb1r/3pppp1/p4n2/1p5p/1nBN4/2N1P3/PPP2PPP/R1BQ1RK1 w kq - 0 11",1.0
"rqb1kb1r/3pppp1/p1n5/1p5p/6n1/1BN1PN2/PPP2PPP/R1BQ1RK1 w kq - 4 13",1.0
"rqb1kb1r/3p1pp1/p1n1p3/6Qp/1p4n1/1BN1PN2/PPP2PPP/R1B2RK1 w kq - 0 15",1.0
"rqb1kb1r/3p1pp1/p1n1p3/7p/1p2NQn1/1B2PN2/PPP2PPP/R1B2RK1 w kq - 4 17",1.0
"rqb1kb1r/3p1pp1/p1n1p3/7p/1p2NQn1/1B2PN2/PPP2PPP/R1B2RK1 w kq - 8 19",1.0
"rqb1kb1r/3p1pp1/p3p3/4n1Qp/1p1NN3/1B2P3/PPP2PPn/R1B2RK1 w kq - 0 21",1.0
"rq2kb1r/1b1p1pp1/p3p3/4n1Qp/1p1NN1n1/1B2P3/PPPB1PP1/R2R2K1 w kq - 4 23",1.0
"rq2kb1r/3p1pp1/p3p1n1/7p/1p1NQ1n1/1B2P3/PPPB1PP1/R2R2K1 w kq - 1 25",1.0
"rq2kb1r/3p1pp1/p4nn1/4p2p/1p1N1P2/1B1QP3/PPPB2P1/R2R2K1 w kq - 0 27",1.0
"rq1k1b1r/3pnQp1/p4n2/8/1p1NpP1p/1B2P3/PPPB2P1/R2R2K1 w - - 0 31",1.0
"rqk2b1r/3pnQp1/p4n2/B7/3NpP1p/pB2P3/1PP3P1/R2R2K1 w - - 2 33",1.0
"rq3b1r/1k1pn1p1/p4n2/B7/2QNpP2/PB2P2p/2P3P1/R2R2K1 w - - 0 35",1.0
"rq3b1r/1k1pn1p1/p4n2/B7/3NpP2/PBQ1P2p/2P3P1/R2R2K1 w - - 4 37",1.0
"rq3b1r/1k1pn1p1/p4n2/B7/3NpP2/PBQ1P2p/2P3P1/R2R2K1 w - - 8 39",1.0
"rq3b1r/1k1pn1p1/p4n2/B7/3NpP2/PBQ1P2p/2P3P1/R2R2K1 w - - 12 41",1.0
"rq3b1r/1k1pn1p1/p4n2/B7/3NpP2/PBQ1P2p/2P3P1/R2R2K1 w - - 16 43",1.0
"rq3b1r/1k1pn1p1/p4n2/B7/3NpP2/PBQ1P2p/2P3P1/R2R2K1 w - - 20 45",1.0
"rq3b1r/1k2n1p1/p2p1n2/B7/3NpP2/PBQ1P3/2P3Pp/1R1R3K w - - 0 47",1.0
"r3kb1r/pppqpppp/2n2n2/3p4/8/3BPP1P/PPPP3P/RNBQ1RK1 w kq - 1 7",0.0
"r3kb1r/ppp1pppp/2n2n2/3p3q/8/2NBPP2/PPPP3P/R1B1QRK1 w kq - 2 9",0.0
"r3kb1r/1pp2ppp/2n2n2/p2pp2q/P7/2NBPPQ1/1PPP3P/R1B2RK1 w kq - 0 11",0.0
"1k1r3r/1pp2ppp/2n5/p1bppB1n/P6P/2N1PP2/1PPP4/R1B2RK1 w - - 2 15",0.0
"1k1r3r/1pp4p/2n5/p1bpp2p/P4p1P/4PP2/1PPPNK2/R1B2R2 w - - 0 19",0.0
"1k3rr1/1pp4p/2n5/p1bpp2p/P4P1P/2P2P2/1P1PN3/R1B1K2R w - - 3 23",0.0
"2k2rr1/1pp4p/2nb4/p2pp2p/P4P1P/2PP1P2/1P2N3/R1B2K1R w - - 3 25",0.0
"2k2r2/1pp4p/2nb4/p2p3p/P4p1P/2PP1P2/1P2N3/R1B3K1 w - - 0 27",0.0
"2k2r2/1pp1b2p/8/p2p3p/P4B1n/2PP3K/1P2N3/R7 w - - 2 31",0.0
"2k2r2/1pp4p/3b2n1/p2p3p/P4B2/2PP3K/1P2N3/5R2 w - - 6 33",0.0
"2k5/1pp4p/8/p1P5/P4K2/8/1P6/7q w - - 0 41",0.0
"2k5/1pp5/8/p5K1/Pq6/1P5p/8/8 w - - 0 47",0.0
"2k5/1pp5/8/p5K1/Pq6/1P6/8/7q w - - 0 49",0.0
"r2qkb2/ppp1ppp1/2n2n2/3p4/8/2N1P2r/PPPPBP1P/R1BQ1RK1 w q - 0 9",0.0
"r3kb2/1pp1ppp1/p1nq1n2/3p4/3N4/4P2r/PPPPBP1P/R1BQ1RK1 w q - 2 11",0.0
"r3kb2/1pp1ppp1/p2q1n2/3p4/3P1P1r/8/PPPPB2P/R1BQ1RK1 w q - 1 13",0.0
"2kr1b2/1pp1ppp1/p2q1n2/3p4/3P1P2/3P3r/PPP1B2P/R1B1QRK1 w - - 3 15",0.0
"2kr1b2/1pp1pp2/p2q1n2/Q2p2pr/3P1P2/3P1R2/PPP1B2P/R1B3K1 w - - 0 17",0.0
"2kr4/1pp1pp2/p2q3b/Q2p2pr/3P1Pn1/3PBR2/PPP1B2P/5RK1 w - - 4 19",0.0
"2kr4/1pp1pp2/p6r/2Qp4/3P4/3P2q1/PPP2R1P/5B1K w - - 2 25",0.0
"2kr4/1pp1pp2/p4r2/2Qp4/3P1q2/3P4/PPP3RP/5BK1 w - - 6 27",0.0
"2kr4/1pp1pp2/p7/2Qp4/3P4/3Pq2P/PPP3RK/5r2 w - - 0 29",0.0
"r1bqkb1r/pppp1p2/2n2np1/5Q1p/5N2/5N2/PPP1PPPP/R1B1KB1R w KQkq - 0 9",1.0
"r1bq1rk1/ppppbp2/2n2np1/7p/5N2/3Q1N2/PPPBPPPP/R3KB1R w KQ - 4 11",1.0
"r1bq1rk1/pppp1p2/2n3p1/2b4p/5Nn1/3Q1N2/PPP1PPPP/2KRBB1R w - - 8 13",1.0
"r1b2rk1/p1pp1p2/1pn2qp1/2b4p/5Nn1/1Q2PN2/PPP2PPP/2KRBB1R w - - 2 15",1.0
"r1b2rk1/p1ppqp2/1p4p1/n1b4p/Q4Nn1/2B1PN2/PPP2PPP/2KR1B1R w - - 6 17",1.0
"8/p1pp1QB1/1p4p1/7k/7p/1P2PN2/1PPR2PP/2K2b1n w - - 2 29",1.0
"r1bq1rk1/pppp1pp1/2n1pn2/7p/1bPP4/2N2N2/PPQ1PPPP/R1B1KB1R w KQ - 3 7",0.0
"r1bq1rk1/ppp2pp1/2n1p3/3n3p/1b1P1B2/2N2N2/PPQ1PPPP/R3KB1R w KQ - 0 9",0.0
"r1b2rk1/ppp2pp1/4p3/b3N2p/3q4/2P5/P1Q1PPPP/2R1KB1R w K - 2 13",0.0
"r1b2rk1/ppp2pp1/8/b1q1p2p/P7/2P2N2/2Q1PPPP/2R1KB1R w K - 0 15",0.0
"r4rk1/ppp2pp1/8/b1q1p1Np/P3P1b1/2P5/2Q2PPP/2R1KB1R w K - 1 17",0.0
"r4rk1/ppp2pp1/8/b1q1p1Np/P3P1bP/2PB4/2Q2PP1/2R1K2R w K - 1 19",0.0
"r5k1/ppp2pp1/3r4/b1q1p1Np/P3P1bP/2PB4/2Q2PP1/2R1R1K1 w - - 5 21",0.0
"3r2k1/ppp2pp1/3r4/2q1p1Np/PbP1P1bP/3BR3/2Q2PP1/2R3K1 w - - 1 23",0.0
"3r2k1/1pp2pp1/5r2/p1q1p2p/PbP1P1bP/3BRN2/2Q2PP1/1R4K1 w - - 2 25",0.0
"3r2k1/1pp2pp1/2q4r/p3p1Np/PbP1P1bP/3B2R1/2Q2PP1/1R4K1 w - - 6 27",0.0
"3r2k1/5pp1/1p3r2/pBq1p1Np/Pb2P1bP/1Q4R1/5PP1/1R4K1 w - - 2 31",0.0
"3r2k1/5pp1/1p3r2/pBq1p1Np/P3P2P/1Q6/3bbPP1/1R4K1 w - - 0 33",0.0
"3r2k1/5pp1/1p6/pPq1p1Np/4Pr1P/6Q1/3b1PP1/1R4K1 w - - 1 35",0.0
"6k1/5pp1/1p6/p3p2p/4Pr1P/6Q1/3q1PP1/6K1 w - - 0 39",0.0
"6k1/5pp1/1p6/7p/3pPr1P/p4P2/5KP1/8 w - - 0 43",0.0
"6k1/5pp1/1p6/7p/3pP2P/6K1/p5P1/8 w - - 0 45",0.0
"6k1/5pp1/1p6/4P2p/3p1K1P/8/6P1/3q4 w - - 1 47",0.0
"6k1/5pp1/8/1p2P2p/3p2qP/3K4/6P1/8 w - - 0 49",0.0
"7k/5pp1/8/1p2P2p/3p3P/6q1/2K5/8 w - - 0 51",0.0
"7k/5pp1/8/1p5p/7P/8/3pq3/K7 w - - 0 55",0.0
"r1bq1rk1/pppp1ppp/3bp3/8/6n1/2NQPN2/PPPP1PPP/R1B2RK1 w - - 3 9",0.5
"r1b2rk1/pp1p2pp/3pp3/5p2/3N2n1/4P3/PPPP1PPP/R1B2RK1 w - - 0 13",0.5
"r1b2rk1/pp1p2pp/2npp3/5p2/3N4/3PPP2/PPP3PP/R1B2RK1 w - - 1 15",0.5
"r1b2rk1/1p1p2pp/3pp3/p3np2/2PN4/3PPP2/PP1B2PP/R4RK1 w - - 1 17",0.5
"2b2rk1/1p1p2pp/r2pp3/1N2np2/pPP5/3PPP2/P2B2PP/R4RK1 w - - 2 19",0.5
"2b3k1/1p1p2pp/3rp3/8/pPP2r2/2BP1P2/P6P/R4RK1 w - - 0 23",0.5
"2b3k1/1p4pp/4p3/1P1pB3/p1Pr1r2/3P1P2/P6P/R4RK1 w - - 0 25",0.5
"6k1/1p1b2p1/1P2p3/3pB2p/p1Pr1r2/3P1P2/P6P/2R2RK1 w - - 0 27",0.5
"6k1/1p1b1rp1/1P2p3/7p/p1P5/8/P6P/3RR1K1 w - - 2 31",0.5
"6k1/1p1b2r1/1P2p1p1/7p/p1P4P/4R3/P7/3R2K1 w - - 2 33",0.5
"7k/1p1b1r2/1P2p1p1/4R2p/p1P4P/P7/8/3R2K1 w - - 1 35",0.5
"8/1p1b1rk1/1P2p1p1/2P1R2p/p2R3P/P7/8/6K1 w - - 3 37",0.5
"8/1p1b1rk1/1P2p1p1/2P4p/p2R3P/P7/4R3/6K1 w - - 7 39",0.5
"8/1p2r1k1/1Pb1p1p1/2P4p/p3R2P/P7/3R4/6K1 w - - 11 41",0.5
"8/1p2r1k1/1Pb3p1/2P4p/p3p2P/P3R3/3R4/6K1 w - - 0 43",0.5
"8/1r4k1/2p5/2P3Pp/p3R3/P7/8/6K1 w - - 0 49",0.5
"8/6k1/2p4R/2P3Pp/p7/r7/8/6K1 w - - 0 51",0.5
"8/6k1/2R5/2P3Pp/8/pr6/5K2/8 w - - 0 53",0.5
"8/6k1/R7/2P3Pp/8/4K3/pr6/8 w - - 0 55",0.5
"8/2P3k1/R7/6P1/7p/4K3/p1r5/8 w - - 1 57",0.5
"8/2r5/6k1/6P1/7p/4K3/R7/8 w - - 0 59",0.5
"8/2r5/8/5kP1/6R1/4K2p/8/8 w - - 2 61",0.5
"r1bq1rk1/ppp1pp1p/2n2npb/3p4/P6P/BPN2N2/2PPPPP1/R2QKB1R w KQ - 0 7",0.5
"r1bq1rk1/2p1pp1p/1pn2npb/p2p2N1/P6P/BPN3P1/2PPPP2/R2QKB1R w KQ - 0 9",0.5
"r4rk1/2pqpp1p/1pn2npb/p2p2N1/P6P/BPN3PR/2PPPP2/R2QK3 w Q - 1 11",0.5
"r4rk1/2pqppbp/1p3np1/p2p2N1/P2n3P/1PN3P1/1BPPPP2/R2QK2R w Q - 5 13",0.5
"r4rk1/3qppbp/1pp2np1/pN1p1nN1/P6P/1P2P1P1/1BPP1P2/R2QK2R w Q - 0 15",0.5
"r4rk1/4ppbp/1p3np1/p1pp1qN1/P6P/1P2P1P1/1BPP1P2/R2QK2R w Q - 0 17",0.5
"r4rk1/5p1p/1p3p1b/p1pp2pP/P3q3/1P2PNP1/2PP1P2/R2QK2R w Q - 0 21",0.5
"r4rk1/5p1p/1p3p1b/p1pp2pP/P5q1/1P1PPNP1/2PQ1P2/R3K2R w Q - 3 23",0.5
"r4rk1/5p1p/1p3p1b/p1pp2pP/P5q1/1P1PPNP1/2PQ1P2/R3K2R w Q - 7 25",0.5
"r4rk1/5p1p/1p3p1b/p1pp2pP/P5q1/1P1PPNP1/2PQ1P2/R3K2R w Q - 11 27",0.5
"r4rk1/5p1p/1p3p1b/p1pp2pP/P5q1/1P1PPNP1/2PQ1P2/R3K2R w Q - 15 29",0.5
"r4rk1/5p1p/1p3p1b/p1pp2pP/P5q1/1P1PPNP1/2PQ1P2/R3K2R w Q - 19 31",0.5
"r4rk1/5p1p/1p3p1b/p1pp2pP/P7/1PqPPNP1/2P1QP2/R4K1R w - - 23 33",0.5
"r4rk1/5p1p/1p3p2/p1pp2bP/P5pN/1PqPP1P1/2P1QP2/1R3K1R w - - 2 35",0.5
"r5k1/5p1p/1p3p2/p1p4P/P7/1P1Pr1P1/6K1/3R3R w - - 0 43",0.5
"r5k1/5p1p/1p6/p1p1p2P/P7/1P1P2P1/6K1/3R4 w - - 0 45",0.5
"3r2k1/5p2/1p5p/p1p1p2P/P7/1P1PR1P1/6K1/8 w - - 0 47",0.5
"8/5pk1/1p5p/p1prp2P/P7/1P1P1RP1/7K/8 w - - 4 49",0.5
"8/6k1/1p5p/p1p4P/Pr2R3/6PK/8/8 w - - 2 53",0.5
"8/7R/1p3k1p/p6P/Prp5/6PK/8/8 w - - 0 55",0.5
"8/6R1/1p5p/p6P/Prp2kP1/7K/8/8 w - - 3 57",0.5
"8/8/1pR4p/p6P/P4kP1/1rp4K/8/8 w - - 2 59",0.5
"8/8/1p5R/p2k3P/P5PK/1rp5/8/8 w - - 1 61",0.5
"7R/3k4/1p6/p6P/P5PK/1rp5/8/8 w - - 5 63",0.5
"7R/3k4/1p6/p6P/P5PK/1rp5/8/8 w - - 9 65",0.5
"7R/2k5/1p6/p6P/P5PK/1rp5/8/8 w - - 13 67",0.5
"7R/2k5/1p6/p6P/P5PK/1rp5/8/8 w - - 17 69",0.5
"7R/3k4/1p6/p6P/P5PK/1rp5/8/8 w - - 21 71",0.5
"7R/3k4/1p6/p6P/P5PK/1rp5/8/8 w - - 25 73",0.5
"7R/3k4/1p6/p6P/P5PK/1rp5/8/8 w - - 29 75",0.5
"7R/3k4/1p6/p6P/P5PK/1rp5/8/8 w - - 33 77",0.5
"7R/3k4/1p6/p6P/P5PK/1rp5/8/8 w - - 37 79",0.5
"7R/3k4/1p6/p6P/P5PK/1rp5/8/8 w - - 41 81",0.5
"7R/3k4/1p6/p6P/P5PK/1rp5/8/8 w - - 45 83",0.5
"7R/3k4/1p6/p6P/P5PK/1rp5/8/8 w - - 49 85",0.5
"7R/3k4/1p6/p6P/P5PK/1rp5/8/8 w - - 53 87",0.5
"8/3k4/1p5R/p6P/P5PK/1rp5/8/8 w - - 57 89",0.5
"8/3k4/1p5R/p6P/P5PK/1rp5/8/8 w - - 61 91",0.5
"8/3k4/1p5R/p6P/P5PK/1rp5/8/8 w - - 65 93",0.5
"8/3k4/1p5R/p6P/P5PK/1rp5/8/8 w - - 69 95",0.5
"8/3k4/1p5R/p6P/P5PK/1rp5/8/8 w - - 73 97",0.5
"8/3k4/1p5R/p6P/P5PK/1rp5/8/8 w - - 77 99",0.5
"8/3k4/1p5R/p6P/P5PK/1rp5/8/8 w - - 81 101",0.5
"8/3k4/1p5R/p6P/P5PK/1rp5/8/8 w - - 85 103",0.5
"8/3k4/1p5R/p6P/P5PK/1rp5/8/8 w - - 89 105",0.5
"8/3k4/1p5R/p6P/P5PK/1rp5/8/8 w - - 93 107",0.5
"8/3k4/1p5R/p6P/P5PK/1rp5/8/8 w - - 97 109",0.5
"r1b1kb1r/1pqppppp/2n2n2/pB6/3P4/5N2/PPP2PPP/RNBQ1RK1 w kq - 1 7",1.0
"r1b1kb1r/1p1ppppp/2nq4/pB6/3P2n1/5N2/PPP1QPPP/RNB1R1K1 w kq - 5 9",1.0
"r1b1kb1r/1p1ppppp/6q1/pB6/1n1P2n1/2N2N2/PPPQ1PPP/R1B1R1K1 w kq - 9 11",1.0
"r1b1kb1r/1p1pppp1/1q6/pB5p/1nPPN1n1/5N2/PP1Q1PPP/R1B1R1K1 w kq - 0 13",1.0
"r1bk1b1r/1pNpppp1/8/pBP4p/1n1Pn3/8/PP1Q2PP/R1B1R1K1 w - - 2 17",1.0
"r4b1r/1p3pp1/1k1Pb3/pB6/Pn1PQB1p/8/1P4PP/R3R1K1 w - - 1 23",1.0
"7r/1p1b1pp1/1k1b4/p7/Pn1PQ2B/8/1P4PP/R3R1K1 w - - 1 27",1.0
"7r/1p3pp1/1k1b4/p2b1Q2/Pn1P3B/6P1/1P5P/R3R1K1 w - - 3 29",1.0
"7r/1pbQBpp1/1k6/p2b4/P2P4/3n2P1/1P5P/R3R1K1 w - - 7 31",1.0
"1k6/2b1Bpp1/Q1p5/p6r/P2P4/4R1P1/1P5P/6K1 w - - 2 37",1.0
"1k6/2b1Bpp1/Q7/pPp5/3P4/1R4P1/1P5P/6K1 w - - 0 39",1.0
"1k6/4Bpp1/QP6/p7/3p4/6R1/1P5P/6K1 w - - 0 41",1.0
"r1bqkb1r/2pppppp/1p3n2/p7/3Pn3/2N1PN2/PPP1BPPP/R1BQ1RK1 w kq - 1 7",0.5
"r1bqkb1r/2pppppp/1p6/p3N3/3Pn3/2P1P3/P1P1BPPP/R1BQ1RK1 w kq - 1 9",0.5
"r1bqkb1r/2ppp1pp/1p1n1p2/p3N3/2BP4/2P1PQ2/P1P2PPP/R1B2RK1 w kq - 0 11",0.5
"Q1bqkb1r/2ppp1pp/1p1n1p2/p7/2BP4/2P1P3/P1P2PPP/R1B2RK1 w k - 1 13",0.5
"3qkb1r/1bppp2p/1p1n1pp1/p6Q/2BP4/2P1P3/P1P2PPP/R1B2RK1 w k - 0 15",0.5
"1Q3b1r/3ppk1p/1pq2pp1/p7/3P4/2P1PP2/P1P3PP/R1B2K2 w - - 3 21",0.5
"7r/3ppkbp/1pq2p2/p5p1/3P1Q2/2P1PP2/P1PB2PP/R4K2 w - - 0 23",0.5
"7r/3ppkbp/1p3p2/p5p1/3P4/2P1PPQ1/PqPB2PP/R5K1 w - - 4 25",0.5
"1r6/3ppkbp/1p3p2/p5p1/3P4/2P1PP2/P1qB2PP/1R2Q1K1 w - - 2 27",0.5
"1r4k1/3pp1bp/1p3p2/B5p1/2qP4/4PP2/P5PP/1R2Q1K1 w - - 1 29",0.5
"1r4k1/4p1bp/5p2/Bp1p2p1/2qP4/1R2PP2/P5PP/1Q4K1 w - - 0 31",0.5
"r6k/4p1bp/4Qp2/Bp1p2p1/2qP4/1R2PP2/P5PP/6K1 w - - 4 33",0.5
"r1b1kb1r/ppqpppp1/5n2/2p4p/Pn6/1PN1PN2/2PPBPPP/R1BQK2R w KQkq - 0 7",0.5
"rqb1kb1r/pp1pppp1/5n2/1Np5/Pn5p/1P2PN2/2PPBPPP/R1BQ1RK1 w kq - 2 9",0.5
"rqb1kb1r/pp1pppp1/5n2/1Np5/Pn5p/1P2PN1P/1BPPBPP1/R2Q1RK1 w kq - 1 11",0.5
"rqb1kb1r/pp2pp2/3p1p2/1Np5/Pn5p/1P2PN1P/2PPBPP1/R2Q1RK1 w kq - 0 13",0.5
"rqb1kb1r/1p2pp2/p1np1p2/1Np5/P1B4p/1PP1PN1P/3P1PP1/R2Q1RK1 w kq - 0 15",0.5
"rq2kb1r/4pp2/ppnp1p2/2p2b2/P1BP3p/NPP1PN1P/5PP1/R2Q1RK1 w kq - 0 17",0.5
"rq2kb1r/4pp2/ppn1bp2/2p5/P6p/NPPBPN1P/5PP1/R2Q1RK1 w kq - 0 19",0.5
"r3kb1r/4p3/pp2pp2/2p5/P1N4p/1Pq1P2P/5PP1/R2Q1RK1 w kq - 0 23",0.5
"3r1b1r/3kp3/pp2ppQ1/2p5/P1N4p/1Pq1P2P/5PP1/R4RK1 w - - 4 25",0.5
"3k1b1r/4p3/pp2ppQ1/2p5/P1N4p/1Pq1P2P/5PP1/5RK1 w - - 0 27",0.5
"5b1r/2k1p3/pp2p3/2p2p2/P1N4p/1Pq1P2P/5PP1/1Q1R2K1 w - - 0 29",0.5
"5br1/2k1p1q1/pp2p3/2p2p2/P1N4p/1P1RP2P/5PP1/4Q1K1 w - - 4 31",0.5
"5br1/4p1q1/1k2p3/Np3p2/1p5p/3RP2P/5PP1/5QK1 w - - 0 35",0.5
"5b2/4p3/1k2p1r1/1p3p2/1p1N3p/3RP2P/1q3PP1/5QK1 w - - 4 37",0.5
"5b2/2k1p3/4p1r1/1Q3p2/1p1N3p/1R2P2P/q4PP1/6K1 w - - 1 39",0.5
"5b2/5k2/2Q1pq2/5p2/1R5p/4P2P/5PPK/8 w - - 2 47",0.5
"r2qkb1r/ppp1ppp1/2n1bn2/1NP4p/3p4/5N2/PPQPPPPP/R1B1KB1R w KQkq - 2 7",1.0
"r2qkb1r/ppp1ppp1/2n1bn2/1NP4p/3p4/5N2/PP1PPPPP/RQB1KB1R w KQkq - 6 9",1.0
"r2qkb1r/ppp1ppp1/2n1bn2/1NP4p/3p4/5N2/PP1PPPPP/RQB1KB1R w KQkq - 10 11",1.0
"r2qkb1r/ppp1ppp1/4n3/1N5p/1n6/8/PP1PPPPP/RQB1KB1R w KQkq - 0 15",1.0
"r2qkb1r/1pp1ppp1/8/p6p/1n1nQ3/2N5/PP1PPPPP/R1B1KB1R w KQkq - 2 17",1.0
"r2qkb2/1Qp1ppp1/1r6/p6p/1n1n3P/2N5/PP1PPPP1/1RBK1B1R w q - 1 21",1.0
"r2qkb2/2p1pp1Q/4r1p1/p6p/1n1n3P/2N5/PP1PPPP1/1RBK1B1R w q - 0 23",1.0
"r2qkb2/2p1pp1Q/5rp1/p4n1p/1nB4P/2N1P3/PP1P1PP1/1RBK3R w q - 3 25",1.0
"3qkb2/2p1pp1Q/5rp1/p6p/2n4P/P3P3/1P1P2P1/1RB3KR w - - 0 31",1.0
"4kb2/2p1pp1Q/1r4p1/p2q3p/2nP3P/P3P3/1P4P1/R1B3KR w - - 3 33",1.0
"4kb2/2p1pp1Q/1r4p1/p2q3p/3P3P/P2nPR2/6P1/R1B3K1 w - - 2 35",1.0
"4kb2/2p1pp1Q/2r3p1/p2qP2p/7P/P3PR2/3B2P1/R5K1 w - - 1 37",1.0
"4kb2/2p1pp1Q/2r3p1/B6p/2q4P/P3PR2/6P1/R5K1 w - - 1 39",1.0
"1R3b2/2pkpp1Q/r5p1/B6p/2q4P/P3PR2/6P1/6K1 w - - 5 41",1.0
"5R2/2pkpp1Q/6p1/7p/8/4P2R/3B1qPK/r7 w - - 2 45",1.0
"5R1Q/2p1pp2/4k1p1/7p/8/4P1KR/3B2P1/r5q1 w - - 6 47",1.0
"5R2/3kpp2/2p3p1/4Q2p/8/4P1KR/3B2P1/r5q1 w - - 0 49",1.0
"5R2/4pp2/4k1p1/2Q4p/3R4/4P1K1/3B2P1/r5q1 w - - 3 53",1.0
"r1bqk2r/1pppbpp1/2n1pn2/p1P4p/3P4/1QN2N2/PP2PPPP/R1B1KB1R w KQkq - 1 7",1.0
"r1bq1rk1/1pp1bpp1/2nppn2/p1P4p/3P1B2/PQN2N2/1P2PPPP/R3KB1R w KQ - 0 9",1.0
"r1bq1rk1/1ppnbpp1/2n1p3/p1Pp3p/3PNB2/PQ3N2/1P2PPPP/3RKB1R w K - 0 11",1.0
"r1bq1rk1/4bpp1/1p2pn2/p2p2Np/3N1B2/P7/1PQ1PPPP/3RKB1R w K - 0 15",1.0
"r3qrk1/1b2bpp1/1B2pn2/p2p2Np/3N4/P7/1PQ1PPPP/3RKB1R w K - 1 17",1.0
"r1r3k1/1b1nbpp1/8/3pp1Np/3N4/P7/1P1BPPPP/3RKB1R w K - 0 21",1.0
"r4bk1/1b1n1pp1/8/3ppNNp/7P/P7/1PrBPPP1/3RKB1R w K - 1 23",1.0
"r4bk1/1b3pp1/5n2/4p1Np/3p3P/P5N1/1PrBPPP1/1R2KB1R w K - 2 25",1.0
"3r1bk1/1b3pp1/5n2/4p1Np/7P/P3B1N1/1Pr2PP1/1R2KB1R w K - 1 27",1.0
"4rbk1/1b3Np1/5n2/4p2p/1P5P/P3B1N1/r4PP1/1R2KB1R w K - 1 29",1.0
"4rbk1/1b3Np1/5n2/4p2p/1P5P/PBr1B1N1/5PP1/1R2K2R w K - 5 31",1.0
"4rbk1/6p1/8/3np1Np/1P5P/P1r1B1N1/5PP1/1R2K2R w K - 0 33",1.0
"4rbk1/6p1/8/4p1Np/1P2Nn1P/P2r4/5PP1/1RB1K2R w K - 4 35",1.0
"3r1bk1/6p1/8/3np1Np/1P2N2P/P2r2P1/1B3P2/1R2K2R w K - 3 37",1.0
"3b2k1/3r4/8/3nB2N/1P2N2P/5PP1/4r3/1R3RK1 w - - 1 43",1.0
"3b2k1/3r4/8/3nB2N/1P2N2P/5PP1/4r3/R4R1K w - - 5 45",1.0
"3R4/8/6k1/1r1nB2N/4N2P/5PP1/4r3/2R4K w - - 3 49",1.0
"3R4/4k3/8/1r1nB2N/4N2P/5PP1/4r3/2R4K w - - 7 51",1.0
"3k4/R7/8/3nB2N/4N2P/1r3PP1/4r3/2R4K w - - 11 53",1.0
"2k5/R7/8/3RB2N/4N2P/5rP1/4r3/7K w - - 1 55",1.0
"r1bq1rk1/ppppbpp1/2n1pn2/6Qp/2P5/2N2N2/PP1PPPPP/R1B1KB1R w KQ - 4 7",0.0
"r1bq1rk1/ppp1bpp1/2n2n2/3p2Qp/P7/2N2N2/1P1PPPPP/R1B1KB1R w KQ - 0 9",0.0
"r1bq1rk1/1pp1bpp1/p1n2n2/1N4Qp/P2p3P/5N2/1P1PPPP1/R1B1KB1R w KQ - 0 11",0.0
"r1b2rk1/1pp1bpp1/p1n5/3n3p/P2p3P/N4N2/1P1PPPP1/R1B1KB1R w KQ - 0 13",0.0
"r4rk1/1pp1bpp1/p7/3nNb1p/PnNp3P/8/1P1PPPP1/R1B1KB1R w KQ - 4 15",0.0
"r4rk1/1pp2pp1/p4b2/3n1b1p/Pn5P/N2p1N2/1P1PPPP1/R1B1KB1R w KQ - 0 17",0.0
"r3r1k1/1ppb1pp1/p7/3n3B/Pn1b3P/N7/1P1P1PP1/R1BKN2R w - - 1 21",0.0
"r3r1k1/1ppb1pp1/p7/3n3B/P6P/8/1PNP1bP1/R1BK3R w - - 0 23",0.0
"r3r1k1/1ppb1pp1/p7/7n/P6P/8/1PNP1RP1/R1BK4 w - - 0 25",0.0
"r3r1k1/2p2pp1/p3bn2/Pp6/7P/3PN3/1P1K1RP1/R1B5 w - - 5 29",0.0
"3rr1k1/2p2pp1/p3b3/Pp5n/1P3R1P/3PN3/3K2P1/R1B5 w - - 3 31",0.0
"3rr1k1/2p2pp1/p3b3/Pp5n/1P3R1P/3PN3/3K2P1/R1B5 w - - 7 33",0.0
"3rr1k1/2p3p1/p3b3/Pp2Rp2/1P3n1P/3PN3/3K2P1/R1B5 w - - 2 35",0.0
"4r1k1/6p1/p5n1/PpPr1N2/7P/R2P4/3K2P1/2B5 w - - 1 39",0.0
"6k1/6p1/p2Nr3/PpPr4/7n/2RP4/3K2P1/2B5 w - - 0 41",0.0
"6k1/6p1/p2Nr3/P1Pr4/1p6/2RP1nP1/8/2BK4 w - - 0 43",0.0
"6k1/6p1/p2N4/P1Prr3/4R3/1p1P1nP1/8/2BK4 w - - 2 45",0.0
"r1b1kb1r/pp1ppppp/1q2nn2/2p5/2P5/2NQ1NP1/PP1PPP1P/R1B1KB1R w KQkq - 1 7",0.5
"r1b1kb1r/1p1pppp1/pq2nn2/2p4p/2P5/2NQ1NP1/PP1PPP1P/R1B1KB1R w KQkq - 0 9",0.5
"r1b1kb1r/1pnpppp1/pq6/2pP3p/8/3Q1NP1/PP1PPP1P/R1B1KB1R w KQkq - 1 11",0.5
"r1b1kb1r/2npppp1/p2q4/1ppP3p/4P3/3Q1NP1/PP1P1PBP/R1B1K2R w KQkq - 0 13",0.5
"1rb1kb1r/2npppp1/p2q4/1p1P3p/2pQP3/5NP1/PP1P1PBP/R1B2RK1 w k - 2 15",0.5
"1rb1kb1r/2n1ppp1/p2p4/3P3p/2pNPB2/6P1/PP3PBP/R4RK1 w k - 0 19",0.5
"1r2kb1r/2n2pp1/p2pb3/7p/2pNPB2/6P1/PP3PBP/R1R3K1 w k - 0 21",0.5
"R2nk2r/4bpp1/3p4/8/4P3/1r2BBP1/5P2/2R3K1 w k - 2 29",0.5
"R2nk2r/4bpp1/3p4/8/1r2P1B1/4B1P1/5P2/2R3K1 w k - 6 31",0.5
"3nr1k1/R3bpp1/3p4/8/1r2P3/4BBP1/5P2/2R3K1 w - - 10 33",0.5
"3nr1k1/5pp1/R2p4/4b3/1r2P3/4BBP1/5P2/2R3K1 w - - 14 35",0.5
"4r1k1/5pp1/1B1pn3/4b3/4P3/5BP1/5P2/2R3K1 w - - 1 37",0.5
"4r1k1/5p2/3p4/8/3nP1p1/3B2P1/5P2/2R3K1 w - - 0 41",0.5
"2r3k1/5p2/3p4/8/4P1p1/3B1nP1/5P2/R6K w - - 4 43",0.5
"6k1/5p2/3p4/8/4P3/5pP1/2r2P2/R6K w - - 0 45",0.5
"R7/5pk1/3p4/8/4P3/5pP1/4rP2/6K1 w - - 4 47",0.5
"8/5pk1/3p4/8/R3P3/5pP1/5P1K/5r2 w - - 8 49",0.5
"8/5p2/3p1k2/8/4P1P1/5p2/R4P1K/4r3 w - - 1 51",0.5
"8/5p2/3R4/6k1/r7/5K2/5P2/8 w - - 1 55",0.5
"8/6R1/5k2/5p2/r7/5K2/5P2/8 w - - 2 57",0.5
"8/3R4/8/4kp2/8/2r2PK1/8/8 w - - 3 61",0.5
"8/4R3/5k2/5p2/8/3r1PK1/8/8 w - - 7 63",0.5
"8/8/8/2Rrkp2/8/5PK1/8/8 w - - 11 65",0.5
"8/8/8/3k1p2/5P2/6K1/8/8 w - - 0 67",0.5
"8/8/8/5p2/4kP2/6K1/8/8 w - - 4 69",0.5
"8/8/8/5p2/6k1/8/5K2/8 w - - 2 71",0.5
"8/8/8/8/6k1/5p2/5K2/8 w - - 0 73",0.5
"8/8/8/8/6k1/5p2/8/4K3 w - - 4 75",0.5
"8/8/8/8/4k3/5p2/8/5K2 w - - 8 77",0.5
"8/8/8/8/4k3/5p2/8/5K2 w - - 12 79",0.5
"8/8/8/8/4k3/5p2/8/5K2 w - - 16 81",0.5
"8/8/8/8/4k3/5p2/8/5K2 w - - 20 83",0.5
"8/8/8/8/4k3/5p2/8/5K2 w - - 24 85",0.5
"8/8/8/8/4k3/5p2/8/5K2 w - - 28 87",0.5
"8/8/8/8/4k3/5p2/8/5K2 w - - 32 89",0.5
"8/8/8/8/4k3/5p2/8/5K2 w - - 36 91",0.5
"8/8/8/8/4k3/5p2/8/5K2 w - - 40 93",0.5
"8/8/8/8/4k3/5p2/8/5K2 w - - 44 95",0.5
"8/8/8/8/4k3/5p2/8/5K2 w - - 48 97",0.5
"8/8/8/8/4k3/5p2/8/5K2 w - - 52 99",0.5
"8/8/8/8/4k3/5p2/8/5K2 w - - 56 101",0.5
"8/8/8/8/4k3/5p2/8/5K2 w - - 60 103",0.5
"8/8/8/8/4k3/5p2/8/5K2 w - - 64 105",0.5
"8/8/8/8/4k3/5p2/8/5K2 w - - 68 107",0.5
"8/8/8/8/4k3/5p2/8/5K2 w - - 72 109",0.5
"8/8/8/8/4k3/5p2/8/5K2 w - - 76 111",0.5
"8/8/8/8/4k3/5p2/8/5K2 w - - 80 113",0.5
"8/8/8/8/4k3/5p2/8/5K2 w - - 84 115",0.5
"8/8/8/8/4k3/5p2/8/5K2 w - - 88 117",0.5
"8/8/8/8/4k3/5p2/8/5K2 w - - 92 119",0.5
"r1bqkb1r/3pppp1/1pn2n2/p1pN3p/P1P4P/5N2/1P1PPPP1/R1BQKB1R w KQkq - 0 7",1.0
"r1bqkb1r/3pppp1/1p6/p1pP3p/Pn5P/1Q3N2/1P1PPPP1/R1B1KB1R w KQkq - 1 9",1.0
"r3kbr1/1bqppNp1/1p6/p2P3p/PnB1P2P/1Q6/1P1P1PP1/R1B1K2R w KQq - 1 13",1.0
"r3kbr1/3pp3/1p1q2p1/p2P2Np/PnP1P2P/1Q6/1P1B1PP1/R3K2R w KQq - 2 17",1.0
"r3kr2/3pp1b1/1p1q2p1/p2P2Np/PnP1P2P/1Q2B3/1P3PP1/R4RK1 w q - 6 19",1.0
"2r1kr2/2qpp1b1/1p4p1/p2PP1Np/PnP2P1P/1Q2B3/1P4P1/R4RK1 w - - 1 21",1.0
"2r1kr2/1q1pp3/1p4pb/p2PP2p/PnP1NP1P/1Q2B3/1P4P1/2R2RK1 w - - 5 23",1.0
"2rk4/1q1pp3/1p4pb/p2PPr1p/PnP1NP1P/1Q2B3/1P4P1/2R2RK1 w - - 9 25",1.0
"r2k1r2/1q1pp3/1p4pb/p2PP2p/PnP2P1P/1Q2BRN1/1P4P1/2R3K1 w - - 13 27",1.0
"r1k2r2/1q1p4/1p1P2pb/p6p/PnP2P1P/1Q2BRN1/1P4P1/2R3K1 w - - 1 29",1.0
"r4r2/3k4/2RP2pb/p6p/5P1P/3nBR2/1P2N1P1/6K1 w - - 1 35",1.0
"1r6/3k4/3P2pb/p6p/5P1P/3nBR2/1P2N1P1/6K1 w - - 0 37",1.0
"8/3k4/3P3B/p4p1p/1r5P/5PN1/1P6/6K1 w - - 2 41",1.0
"8/3k4/3r3B/p6p/5P1P/4N3/1P3K2/8 w - - 0 45",1.0
"8/4k1B1/8/p6p/5P1P/4N1K1/1P1r4/8 w - - 4 47",1.0
"8/5k2/8/p4P1p/3B3P/4N1K1/1P2r3/8 w - - 3 49",1.0
"8/8/5k2/p6p/7P/4B1K1/1P6/8 w - - 0 51",1.0
"8/8/8/p2k3p/7P/1P4K1/3B4/8 w - - 3 53",1.0
"8/8/8/7p/P1k2K1P/8/3B4/8 w - - 1 55",1.0
"8/8/8/Pk6/6KP/8/3B4/8 w - - 3 59",1.0
"8/8/P7/7P/6K1/3k4/3B4/8 w - - 1 61",1.0
"8/P7/8/7P/5BK1/2k5/8/8 w - - 1 63",1.0
"Q7/8/7P/8/5BK1/8/8/3k4 w - - 1 65",1.0
"8/7P/8/8/5BK1/8/6Q1/3k4 w - - 3 67",1.0
"r1b1kb1r/1p2ppp1/1p1p1n2/2p3Np/2Pn3P/2N5/PP1PPPP1/1RB1KB1R w Kkq - 0 9",0.5
"r3kb1r/1p2ppp1/1p1p4/2p2bNp/P1P3nP/2NPP3/1PK2PP1/2R2B1R w kq - 1 15",0.5
"r3kb1r/1p1b1pp1/1p1p4/2p1p2p/P1P3nP/2NPP2N/1PK2PP1/4RB1R w kq - 2 17",0.5
"r3k2r/1p1bbpp1/1p1p1n2/2p1p2p/P1P4P/1PNPPP1N/2K3P1/4RB1R w kq - 1 19",0.5
"r4rk1/1p2bpp1/1p1p1n2/2p1pbNp/P1P4P/1PNPPP2/2K1B1P1/4R2R w - - 5 21",0.5
"r3r1k1/1p2bpp1/1p1p1n2/2p2bNp/P1P2P1P/1PNP4/2K1B1P1/4R2R w - - 1 23",0.5
"1r2r1k1/1p1bbpp1/1p1p1n2/2p3Np/P1P2P1P/1PNP1BP1/2K5/4R2R w - - 1 25",0.5
"6k1/1B1b1p2/1p1p2p1/2p3Pp/P1P2P2/1PKPr1P1/8/7R w - - 3 31",0.5
"6k1/1B1b1p2/1p1p2p1/2p3Pp/P1P2Pr1/1P1P4/2K5/7R w - - 2 33",0.5
"6k1/3b1p2/1p1p2p1/2pB2P1/P1P2Pr1/1P1P3p/2K5/5R2 w - - 0 35",0.5
"6k1/5p2/1p1p2p1/2pB1bP1/P1P2P1r/1P1P3p/2K5/5R2 w - - 4 37",0.5
"6k1/5p2/1p1p2p1/2p3P1/P1P1PP1r/1P6/2K4p/5R2 w - - 0 39",0.5
"8/8/1p1p2k1/2p5/P1P1P2r/1P6/2K4p/7R w - - 0 43",0.5
"8/8/1p1p1k2/7r/P1P1P3/2K5/7p/7R w - - 3 47",0.5
"8/8/1p1p4/4k2r/PKP5/8/7p/7R w - - 0 49",0.5
"8/8/1K1p4/7r/P1k5/8/7p/7R w - - 0 51",0.5
"r2qkb1r/1pp1ppp1/2npbn2/p2N3p/2P5/3Q1N2/PP1PPPPP/R1B1KB1R w KQkq - 2 7",0.0
"r2qkb1r/1pp1ppp1/3pb3/p2P2Np/1n6/3Q4/PP1PPPPP/R1B1KB1R w KQkq - 1 9",0.0
"r2qkb1r/1pp1ppp1/3p4/p2b2Np/8/P1Q5/nP1PPPPP/R1B1KB1R w KQkq - 1 11",0.0
"r2qkb1r/1p2ppp1/2pp4/3b2Np/p7/P3Q3/nP1PPPPP/R1B1KB1R w KQkq - 0 13",0.0
"2kr1b1r/1p2ppp1/2pp4/q2b3p/p3N2P/P3Q3/nP1PPPP1/R1B1KB1R w KQ - 3 15",0.0
"2kr1b1r/1p2ppp1/2ppb3/1q5p/p3N2P/P6Q/nP1PPPP1/1RB1KB1R w K - 7 17",0.0
"2kr1b1r/1p2ppp1/2pp4/4q2p/p3N2P/Pb6/nPQPPPP1/1RB1KB1R w K - 11 19",0.0
"2kr1b1r/1p2ppp1/2pp4/7p/p3N2P/Pb1Q4/1q1PPPP1/2R1KB1R w K - 0 21",0.0
"2kr1b1r/1p3pp1/2ppp3/7p/p3N2P/qb5Q/3PPPP1/1R2KB1R w K - 0 23",0.0
"2kr1b1r/1p3pp1/2p1p3/3p2Np/p6P/1bQ5/q2PPPP1/1R2KB1R w K - 2 25",0.0
"2k4r/1p1r1pp1/2pbp3/Q2p2Np/p6P/1b6/q2PPPP1/2R1KB1R w K - 6 27",0.0
"1bk4r/2r2pp1/2Q1p3/3p3p/p6P/1b3N2/1q1PPPP1/4KB1R w K - 1 31",0.0
"1bk4r/2r2pp1/4p3/1Q1p3p/p6P/1b3N2/1q1PPPP1/4KB1R w K - 5 33",0.0
"r1bqkb1r/pp1pppp1/5n2/2p5/P1Pn3p/2N2N1P/1PQPPPP1/R1B1KB1R w KQkq - 2 7",0.5
"r1b1kb1r/pp1pppp1/5n2/2p5/P1P4p/1qNQ1N1P/1P1PPPP1/1R2KB1R w Kkq - 3 11",0.5
"r1b1kb1r/1p2pp2/3p1p2/p1p5/P1P4p/3N3P/1P1PPPP1/1R2KB1R w Kkq - 0 15",0.5
"r1b1k1r1/1p2pp2/3p1p1b/p1p5/P1P1P2p/1P1N3P/3P1PP1/1R2KB1R w Kq - 1 17",0.5
"r3k1r1/1b2pp2/1p1p1p1b/p1p2P2/P1P1P2p/1P1N3P/3P2P1/1R2KB1R w Kq - 1 19",0.5
"r3k1r1/1b2pp2/1p1p1p2/p1p1bP2/P1P1P2p/1P1P3P/5NP1/1R2KB1R w Kq - 1 21",0.5
"r3k1r1/1b2pp2/1p1p1p2/p1p2P2/P1PbP1Np/1P1P3P/6P1/1R1K1B1R w q - 5 23",0.5
"r3k3/4pp2/1pbp1p2/p1p2Pr1/P1PbP1Np/1P1P3P/4B1P1/1R1K1R2 w q - 9 25",0.5
"2kr4/5p2/1pbppp2/p1p2Pr1/P1PbP1Np/1P1P3P/2K3P1/1R1B1R2 w - - 0 27",0.5
"2k5/4rp2/1pbppp1N/p1p2Pr1/P1PbP2p/1P1P1B1P/2K3P1/1R3R2 w - - 4 29",0.5
"2k5/3brp2/1p1ppp1N/p1p1bPr1/P1P1P2p/1P1P1B1P/2K3P1/4R2R w - - 8 31",0.5
"2k5/4rp2/1pbppp1N/p1p1bPr1/P1P1P1Bp/1P1P3P/2K3P1/4RR2 w - - 12 33",0.5
"2k1b3/4rp2/1p1ppp1N/p1p2Pr1/P1PbP1Bp/1P1P3P/6P1/1RK2R2 w - - 16 35",0.5
"2k5/4rp2/1pbppp1N/p1p1bPr1/P1P1P1Bp/1P1P1R1P/2K3P1/1R6 w - - 20 37",0.5
"2k5/4rp2/1pbppp1N/p1p1bPr1/P1P1P1Bp/1P1P1R1P/2K3P1/1R6 w - - 24 39",0.5
"2k1b3/4rpr1/1p1ppp1N/p1p1bP2/P1P1P1Bp/1P1P1R1P/6P1/2K2R2 w - - 28 41",0.5
"2k1b3/4rp2/1p1ppp1N/p1p2Pr1/P1PbP1Bp/1P1P3P/6P1/2K1RR2 w - - 32 43",0.5
"2k1b3/4rp2/1p1ppp1N/p1p1bPr1/P1P1P1Bp/1P1P1R1P/6P1/2KR4 w - - 36 45",0.5
"2k1b3/4rp2/1p1p1p1N/p1p1pPr1/P1PbP1Bp/1P1P3P/6P1/2K1RR2 w - - 0 47",0.5
"2k1b3/4rp2/1p1p1p1N/p1p1pPr1/P1PbP2p/1P1P1B1P/4R1P1/2K2R2 w - - 4 49",0.5
"2k5/1r3p2/1pbp1N2/p1p1pPr1/P1PbP2p/1P1P1B1P/4R1P1/2K2R2 w - - 1 51",0.5
"1rk5/3b1p2/1p1p4/p1pNpPr1/P1PbP1Bp/1P1P3P/4R1P1/2K2R2 w - - 5 53",0.5
"1rk5/3b1p2/1p1p4/p1pNpPr1/P1PbP1Bp/1P1P3P/4R1P1/2K2R2 w - - 9 55",0.5
"2k5/1r1b1p2/1p1p4/p1pNpP2/P1PbP2p/1P1P1BrP/R5P1/2K2R2 w - - 13 57",0.5
"1rk5/3b1p2/1p1p4/p1pNpPr1/P1PbP2p/1P1P1B1P/3R2P1/2K1R3 w - - 17 59",0.5
"8/1rkbNp2/1p1p1P2/p1p1p1r1/P1PbP2p/1P1P1B1P/3R2P1/2K1R3 w - - 3 61",0.5
"1r6/1k1b1p2/1p1p1P2/p1pNp1r1/P1PbP2p/1P1P1B1P/R5P1/2K1R3 w - - 7 63",0.5
"1r6/k2b1p2/1p1p1P2/p1pNp3/P1PbP2p/1P1P1BrP/R5P1/2K1R3 w - - 11 65",0.5
"6r1/k4p2/1p1pbP2/p1pNp3/P1PbP2p/1P1P1BrP/R5P1/2K4R w - - 15 67",0.5
"6r1/k1Nb1p2/1p1p1P2/p1p1p3/P1P1P2p/1P1PbBrP/R1K3P1/7R w - - 19 69",0.5
"8/k2b1p2/1p1p1P2/p1p1p3/P1P1P2p/1P1Pr2P/R7/1K5R w - - 0 73",0.5
"8/k2b1p2/1p1p1r2/p1p1p3/P1P1P2p/1P1P3P/8/1K1R3R w - - 0 75",0.5
"8/k2b4/1p1p1pr1/p1p1p3/P1P1P2p/1P1P3P/8/2K2R1R w - - 0 77",0.5
"8/2kb4/1p1p1pr1/p1p1p3/P1P1P2p/1P1P1R1P/7R/2K5 w - - 4 79",0.5
"8/2k5/1p1p4/p1p1p3/P1P1P2R/1P6/3K4/1b6 w - - 2 85",0.5
"8/2k5/1p1p4/p1p1p3/P1P1P2R/1P6/3K4/1b6 w - - 6 87",0.5
"8/2k5/1p1p4/p1p1p3/P1P1P2R/1P6/3K4/1b6 w - - 10 89",0.5
"8/k7/1p1p4/p1p1p3/P1P1P1R1/1PK5/8/1b6 w - - 14 91",0.5
"8/1k6/1p1p4/p1p1p3/P1P1P1R1/1PK5/8/1b6 w - - 18 93",0.5
"8/8/kp1p4/p1p1p3/P1P1P1R1/1P1b4/8/2K5 w - - 22 95",0.5
"8/8/kp1p4/p1p1p3/P1P1P1R1/1P1b4/8/2K5 w - - 26 97",0.5
"8/8/kp1p4/p1p1p3/P1P1P1R1/1P1b4/8/2K5 w - - 30 99",0.5
"8/8/kp1p4/p1p1p3/P1P1P1R1/1P1b4/8/2K5 w - - 34 101",0.5
"8/8/kp1p4/p1p1p3/P1P1P1R1/1P1b4/8/2K5 w - - 38 103",0.5
"8/8/kp1p4/p1p1p3/P1P1P1R1/1P1b4/8/2K5 w - - 42 105",0.5
"8/8/kp1p4/p1p1p3/P1P1P1R1/1P1b4/8/2K5 w - - 46 107",0.5
"8/8/kp1p4/p1p1p3/P1P1P1R1/1P1b4/8/2K5 w - - 50 109",0.5
"8/8/kp1p4/p1p1p3/P1P1P1R1/1P1b4/8/2K5 w - - 54 111",0.5
"8/8/kp1p4/p1p1p3/P1P1P1R1/1P1b4/8/2K5 w - - 58 113",0.5
"8/8/kp1p4/p1p1p3/P1P1P1R1/1P1b4/8/2K5 w - - 62 115",0.5
"8/8/kp1p4/p1p1p3/P1P1P1R1/1P1b4/8/2K5 w - - 66 117",0.5
"8/8/kp1p4/p1p1p3/P1P1P1R1/1P1b4/8/2K5 w - - 70 119",0.5
"1rb1kb1r/1p1pppp1/1pn5/2pN3p/2P3nP/5NP1/PP1PPP2/R1B1KB1R w KQk - 2 9",1.0
"1rb1kb1r/1p1pppp1/1p6/7p/1pPP2nP/5NP1/PP2PP2/R1B1KB1R w KQ - 1 13",1.0
"r1b1kb1r/1p1ppp2/1p4p1/7p/PpPP2nP/1P3NP1/4PP2/R1B1KB1R w KQ - 0 15",1.0
"r1b1k2r/1p1p1p2/1p2p1pb/7p/PpPP1BnP/1P3NP1/4PP2/R3KB1R w KQ - 2 17",1.0
"2b1k2r/1pBp1pb1/rp2p1p1/4N2p/PpPP2nP/1P4P1/4PP2/R3KB1R w KQ - 6 19",1.0
"2b1k2r/1pBp2b1/rp2p1p1/4Pp1p/PpP4P/1P4P1/4PP2/3RKB1R w K f6 0 21",1.0
"2b2b1r/1p1p1k2/rp1Bp1p1/4Pp1p/PpP4P/1P4P1/4PPB1/3RK2R w K - 4 23",1.0
"2b3k1/1p1p3r/1p1Pprp1/7p/PpP1B2P/1P4P1/5P2/3R1RK1 w - - 2 29",1.0
"2b2rk1/1p1p4/1p1Pprp1/7p/PpP1BP1P/1P4P1/8/3RR1K1 w - - 3 31",1.0
"2b2rk1/1p1p4/1p1Pprp1/7p/PpP1BP1P/1P4P1/4R3/R5K1 w - - 7 33",1.0
"2b2rk1/1p1p4/1p1Pprp1/7p/PpP1BP1P/1P4P1/4R3/R5K1 w - - 11 35",1.0
"2b2rk1/1p1p4/3P1rp1/R3p2p/1pP1BP1P/1P4P1/4R3/6K1 w - - 0 37",1.0
"2b2r2/1p1p4/3P2pk/R1PBP2p/1p5P/1P4P1/4R2K/3r4 w - - 1 41",1.0
"2b2r2/1p1p4/3P2pk/R1P1P2p/1p2B2P/1Pr3PK/4R3/8 w - - 5 43",1.0
"2b2r2/1p1p4/3P4/R1PBP1kp/1p6/1Pr3PK/4R3/8 w - - 0 45",1.0
"2b2r2/1p1p4/3P3k/1RPBP2p/1p6/1P4P1/4R2K/2r5 w - - 4 47",1.0
"2b5/1p6/1R1P1r1k/2P1p2p/2B5/1P4P1/4R2K/r7 w - - 2 51",1.0
"8/1p1b4/5R2/2P1p1kp/2B5/1P4P1/4R2K/r7 w - - 1 53",1.0
"8/1p3R2/2b3k1/2P1R2p/2B5/1P4P1/7K/r7 w - - 1 55",1.0
"8/1p6/8/2P2k1p/1PB1b3/6P1/7K/R7 w - - 1 59",1.0
"8/1p6/1P4k1/2P4p/2B1b3/6P1/7K/R7 w - - 1 61",1.0
"8/1p6/1Pb5/2P4B/6Pk/8/7K/4R3 w - - 1 65",1.0
"8/1p2R3/1Pb5/2P4B/6Pk/8/8/6K1 w - - 5 67",1.0
"8/1p1BR3/1P6/2P3k1/6P1/5b2/8/6K1 w - - 9 69",1.0
"8/1R6/1P6/2P1k3/6P1/8/5K2/8 w - - 1 73",1.0
"8/1PR5/8/2P5/6k1/8/5K2/8 w - - 0 75",1.0
"1Q6/3R4/5k2/2P5/8/8/5K2/8 w - - 3 77",1.0
"1Q6/2PR4/6k1/8/8/8/5K2/8 w - - 1 79",1.0
"2R3Q1/3R4/5k2/8/8/8/5K2/8 w - - 1 81",1.0
"r1bqkb1r/2p1ppp1/1pn2n2/p2p3p/P1P5/2N2N2/1PQPPPPP/R1B1KB1R w KQkq - 0 7",0.5
"r1bqkb1r/2p1ppp1/1p6/pN1p3p/PnP1n3/2Q2N2/1P1PPPPP/R1B1KB1R w KQkq - 4 9",0.5
"r2qkb1r/2p1ppp1/1p2b3/pN5p/PnN1n3/2Q5/1P1PPPPP/R1B1KB1R w KQkq - 3 13",0.5
"r2qkb1r/2p1ppp1/1p2b3/pN5p/PnN1n3/2Q5/1P1PPPPP/R1B1KB1R w KQkq - 7 15",0.5
"r2qkb1r/4ppp1/1pp1b3/p1n4p/PnN5/NQ6/1P1PPPPP/R1B1KB1R w KQkq - 2 17",0.5
"r2qkb1r/4ppp1/4b3/ppn4p/1nN5/N7/1P1PPPPP/R1BQKB1R w KQkq - 0 19",0.5
"r3kb1r/4ppp1/1q2b3/pp2N2p/1n1Pn3/N7/1P2PPPP/R1BQKB1R w KQkq - 3 21",0.5
"r3kb1r/4ppp1/1q1nb3/pp2N3/1n1P3p/N3P3/1P2BPPP/R1BQK2R w KQkq - 0 23",0.5
"2r1kb1r/4ppp1/1q1nb3/pp2N3/1n1P4/N3PB2/1P3P1P/R1BQR1K1 w k - 2 27",0.5
"4kb1r/4ppp1/n5q1/R2P4/2p1P3/5B1b/1P3P1P/2BQR2K w k - 1 33",0.5
"4kb1r/3bppp1/n4q2/R2P4/2Q1P3/5B2/1P3P1P/2B1R2K w k - 1 35",0.5
"r1bq1rk1/ppp2ppp/2pbpn2/8/2P5/2N5/PPQPPPPP/R1B1KB1R w KQ - 0 7",1.0
"r1bq1rk1/ppp2ppp/2pbp3/4n3/P1P5/2N4P/1PQPPPP1/R1B1KB1R w KQ - 1 9",1.0
"r1bq1rk1/ppp3pp/2pbp3/5p2/P1n5/2N1Q2P/1P1PPPP1/R1B1KB1R w KQ - 0 11",1.0
"r1bq1rk1/ppp3pp/3bp3/2p1np2/P2Q3P/2N5/1P1PPPP1/R1B1KB1R w KQ - 0 13",1.0
"r1bq1rk1/1pp3pp/3bp3/p3np2/P1p4P/2N1Q1P1/1P1PPP2/R1B1KB1R w KQ - 0 15",1.0
"r1bq1rk1/1p4pp/2pbp3/p4p1P/P1p3n1/2N1Q1P1/1P1PPPB1/R1B1K2R w KQ - 1 17",1.0
"r1bq1rk1/1p4pp/2p1p3/p4p1P/P4Qn1/2N5/1P1PPbB1/R1B2K1R w - - 4 21",1.0
"r1b2rk1/1p4pp/1q2p3/p1p2p1P/P4Qn1/BPN5/3PPbB1/R4K1R w - - 0 23",1.0
"r4rk1/1p4pp/1q2b3/pNp1ppQP/P5n1/BP6/3PPbB1/R4K1R w - - 2 25",1.0
"r5k1/1p2Qr1p/1q2b1pP/pNp1pp2/P5n1/BP6/3PPbB1/R4K1R w - - 2 27",1.0
"r5k1/1p3r1p/1b2b1pP/pN2pp2/P1p3n1/BP6/3PP1B1/R4K1R w - - 0 29",1.0
"3r2k1/1B3b1p/6pP/p3pp2/P2b2n1/Bp6/3PP3/R3K2R w - - 3 33",1.0
"1r4k1/5b1p/2B3pP/p3pp2/P2b2n1/B7/1p1PP3/1R2K2R w - - 0 35",1.0
"1r4k1/7p/2B3pn/p4p2/P2p4/B7/1p1PK3/1R6 w - - 0 39",1.0
"3r2k1/5n1p/6p1/p2B1p2/P2p4/B7/1R1PK3/8 w - - 1 41",1.0
"3r2k1/5n2/6p1/pR1B1p2/P2p3p/B2K4/3P4/8 w - - 0 43",1.0
"8/3r1nk1/6p1/pR1B1p2/P2p3B/3K4/3P4/8 w - - 1 45",1.0
"8/r4nk1/8/pR1B1pp1/P2K4/6B1/3P4/8 w - - 0 47",1.0
"1B6/4rnk1/8/R2B1p2/P2K2p1/8/3P4/8 w - - 0 49",1.0
"8/5R2/6k1/P2B1p2/3K1Bp1/8/3P4/r7 w - - 1 53",1.0
"8/R7/6k1/P2BKp2/5Bp1/r7/3P4/8 w - - 5 55",1.0
"8/8/2B5/5K1k/5Bp1/8/3P4/R7 w - - 3 59",1.0
"r1bqkb1r/pp1p1ppp/4p3/2pn4/1nPN4/6Q1/PP1PPPPP/R1B1KBNR w KQkq - 0 7",0.5
"r1bqkb1r/pp1p1ppp/4p3/8/1nPp4/6Q1/1P1PPPPP/R1B1KBNR w KQkq - 0 9",0.5
"r1bqk2r/1p1p1ppp/4p3/p1b5/1nPp4/1Q3N2/1P1PPPPP/R1B1KB1R w KQkq - 0 11",0.5
"r1b2rk1/1p1p1ppp/4pq2/p1b1N3/1nPp3P/1Q6/1P1PPPP1/R1B1KB1R w KQ - 1 13",0.5
"r1b2rk1/1p1p1ppp/4pq2/p7/1bPp3P/1Q6/1P1PPPP1/R1B1KB1R w KQ - 0 15",0.5
"r1b2rk1/1p1p1ppp/3bp3/p7/2Pp1qPP/1Q6/1P1PPPB1/R1B1K2R w KQ - 3 17",0.5
"2b2rk1/r2p1ppp/1p1bp3/p5P1/2Pp3P/3P4/1P2PPB1/R1B1K2R w KQ - 1 21",0.5
"2b2rk1/r2p1ppp/1p2p3/p5P1/2Pb3P/3P4/1P3PB1/R1B1K2R w KQ - 0 23",0.5
"5rk1/r2p1ppp/1p2p3/p3b1P1/2P4P/3PB3/5PK1/1R3R2 w - - 2 27",0.5
"r4k2/2bp1ppp/4p3/p5P1/5P1P/3P4/6K1/1R3R2 w - - 0 31",0.5
"r2b1k2/3R1ppp/4p3/6P1/p4P1P/3P4/6K1/5R2 w - - 0 33",0.5
"r4k2/3Rbppp/4p3/6P1/5P1P/p2P4/8/R5K1 w - - 0 35",0.5
"5k2/2R2ppp/3bp3/6P1/r4P1P/p2P4/R7/6K1 w - - 4 37",0.5
"r5k1/5ppp/3bp3/6PP/2R2P2/p2P4/R7/6K1 w - - 1 39",0.5
"8/5pk1/3bp3/6Pp/2R2P2/p2P1K2/R7/1r6 w - h6 0 43",0.5
"8/5p2/2R1p1k1/6Pp/1b3P2/p2P1K2/7R/1r6 w - - 4 45",0.5
"6R1/5p1k/3bp3/6Pp/5P2/p2P1K2/7R/1r6 w - - 8 47",0.5
"2R4R/5pk1/4p3/6b1/6q1/2KP4/8/8 w - - 0 59",0.5
"2R4R/5p2/4p1k1/6b1/6q1/2KP4/8/8 w - - 4 61",0.5
"6RR/1K2bp2/4pk2/8/3q4/8/8/8 w - - 2 73",0.5
"5b2/1K3pR1/4p2R/4k3/3q4/8/8/8 w - - 6 75",0.5
"5b2/1K3R2/4p3/4kp1R/6q1/8/8/8 w - - 2 77",0.5
"7R/5R2/2K1p3/2b1kp2/2q5/8/8/8 w - - 6 79",0.5
"8/3K1R2/4p3/4kp1R/3b4/8/q7/8 w - - 10 81",0.5
"5R2/3K4/8/4bR2/4k1q1/8/8/8 w - - 3 85",0.5
"r1b1kbr1/ppp1pppp/3q1n2/2np4/8/4PN2/PPPPBPPP/RNBQ1RK1 w q - 2 7",1.0
"r1b1kbr1/pppnpppp/3q4/3p4/3Pn3/2N1PN2/PPP1BPPP/R1BQ1RK1 w q - 3 9",1.0
"r1b1kbr1/1ppnpppp/p1q5/1N1p4/3Pn3/4PN2/PPPBBPPP/R2Q1RK1 w q - 0 11",1.0
"r1b1kbr1/1ppnppp1/p1q5/3p3p/3P4/2N1PN2/PPPQBPPP/R4RK1 w q - 0 13",1.0
"r1b1kbr1/1pp1pp2/p5p1/3q3p/3P4/3Q1N2/PPP1BPPP/R4RK1 w q - 0 17",1.0
"r1b1kbr1/1pp1pp2/p5p1/2P4p/3P1q2/3Q1N2/PP2BPPP/R4RK1 w q - 1 19",1.0
"r1b1kbr1/1pp1pp2/p3q1p1/2P4p/3P4/1Q3NP1/PP2BP1P/R4RK1 w q - 3 21",1.0
"r1b1kbr1/2p1pp2/pp4p1/2P2q1p/P1BP4/1Q3NP1/1P3P1P/R4RK1 w q - 0 23",1.0
"2r1kbr1/5p2/pQ2p1p1/3BN2p/P2PR3/6P1/1P3P1P/R5K1 w - - 1 29",1.0
"5br1/4kp2/p1Q1p1p1/4N2p/P2PR3/6P1/1P3P1P/R5K1 w - - 1 31",1.0
"5br1/5Q2/p3p1p1/4N1kp/P2PR3/6P1/1P3P1P/R5K1 w - - 1 33",1.0
"r1bqk2r/1ppp1ppp/p2bpn2/8/3P4/8/PPPPBPPP/RNBQ1RK1 w kq - 1 7",0.0
"r1b2rk1/1pppqppp/p2bpn2/8/3P4/N2P4/PPP1BPPP/R1BQ1RK1 w - - 1 9",0.0
"r1b2rk1/1ppp1ppp/p2qp3/3n4/3P4/3P4/PPP1BPPP/R1BQ1RK1 w - - 0 11",0.0
"r1b2rk1/2pp1ppp/p2qpn2/1p6/2PP4/3PB3/PP2BPPP/R2Q1RK1 w - - 0 13",0.0
"r4rk1/1bppqppp/p3pn2/1pP5/3P4/1Q1PB3/PP2BPPP/R4RK1 w - - 3 15",0.0
"r4rk1/2p1qppp/p2ppn2/1pPb4/P2P4/2QPB3/1P2BPPP/R4RK1 w - - 0 17",0.0
"r4rk1/2p1qppp/p1bppn2/8/PQ1P4/3PB3/1P2BPPP/R4RK1 w - - 0 19",0.0
"r4rk1/4qppp/p1pppn2/3b4/PP1P4/2QPB3/4BPPP/R4RK1 w - - 0 21",0.0
"1r4k1/r3qppp/p1pppn2/P2b4/1P1P4/2QPB3/4BPPP/R3R1K1 w - - 3 23",0.0
"1r2n1k1/r4ppp/p1pppq2/P2b4/1P1P1B2/2QP4/5PPP/R2BR1K1 w - - 7 25",0.0
"1r2n1k1/1r3ppp/p1ppp1q1/P2b4/1P1P4/2QPB1P1/5P1P/R2BR1K1 w - - 1 27",0.0
"1r2n1k1/1r3ppp/p1ppp3/P2b4/BP1P4/2QPBqP1/5P1P/1R2R1K1 w - - 5 29",0.0
"1r4k1/1r3ppp/p1ppp3/P2b3n/BP1P3P/2QPBqP1/5P2/1R2RK2 w - - 1 31",0.0
"1r4k1/1r3ppp/p1ppp3/P2b4/BP1P1P1q/2QP4/3K1P2/1R2R3 w - - 0 35",0.0
"1r4k1/1r3ppp/p1bp4/P4p2/1P1P4/2QP1q2/3K1P2/1R2R3 w - - 0 39",0.0
"1r4k1/1r3pp1/p2p4/P2b1p2/1P1P1q1p/2QP4/1R2RP2/5K2 w - - 0 43",0.0
"1r4k1/1r3pp1/p2p4/P2b4/1P1P1pqp/2QPR3/1R3P2/4K3 w - - 0 45",0.0
"rnbq1rk1/pppp1p1p/3bpnp1/4N3/2PP4/6Q1/PP2PPPP/RNB1KB1R w KQ - 3 7",1.0
"rnbq1rk1/pppp1p1p/4p1p1/2P1P3/4n3/6Q1/PP2PPPP/RNB1KB1R w KQ - 1 9",1.0
"rnb1r1k1/pppp1p1p/4p1pB/2q1P3/4Q3/6P1/PP2PP1P/RN2KB1R w KQ - 2 13",1.0
"rnb1r1k1/pppp1p1p/2q1p1p1/4P3/1P2Q3/4B1P1/P3PP1P/RN2KB1R w KQ - 3 15",1.0
"rnb1r1k1/pppp1p1p/2q1p1p1/4P3/1P1Q4/4B1P1/P2NPP1P/R3KB1R w KQ - 7 17",1.0
"rnbr3k/pppp1p1p/2q1pNp1/4P3/1P1Q4/4B1P1/P3PP1P/R3KB1R w KQ - 11 19",1.0
"rnbr2k1/pppp1p2/4p3/4P1BN/qP5Q/6P1/P3PP1P/R3KBR1 w Q - 1 23",1.0
"rnbr3Q/ppppkp2/4pN2/4P1B1/qP6/6P1/P3PP1P/R3KBR1 w Q - 5 25",1.0
"r1bq1rk1/pppp1p1p/2nbpnp1/8/2P4Q/2N2N2/PP1PPPPP/R1B1KB1R w KQ - 6 7",0.0
"r1bq1rk1/ppp1bp1p/2n1p1pQ/1N6/1n6/5N2/PP1PPPPP/R1B1KB1R w KQ - 2 11",0.0
"r1b2rk1/ppp1bp1p/2n3pQ/3qp3/1n6/N2P1N2/PP2PPPP/R1B1KB1R w KQ - 1 13",0.0
"r4rk1/ppp1bp1p/2n3pQ/3qp3/1n4bP/N2PBN2/PP2PPP1/R3KB1R w KQ - 1 15",0.0
"r4rk1/ppp2p1p/2n3pQ/3qp1Pb/1n6/N2PB3/PP2PPP1/R3KB1R w KQ - 1 17",0.0
"r4rk1/ppp2p1p/2n3pQ/3qp1Pb/1nN4R/3PB3/1P2PPP1/R3KB2 w Q - 2 19",0.0
"r2r2k1/ppp2p1p/2n3pQ/4p1Pb/2R5/N1n2P2/4P1P1/q1B2BK1 w - - 2 27",0.0
"r1bq1rk1/ppp1bppp/2p1pn2/8/2P5/2N5/PPQPPPPP/R1B1KB1R w KQ - 0 7",0.0
"r2q1rk1/ppp1bppp/2p1bn2/P3p3/2P5/2N5/1PQPPPPP/R1B1KB1R w KQ - 1 9",0.0
"3r1rk1/ppp2ppp/2p1bn2/P7/2Pqp2P/RPN5/2QPPPP1/4KB1R w K - 1 13",0.0
"3r2k1/p1pqrppp/2R1bn2/7P/2P1p3/1PN5/2QPPPP1/4KB1R w K - 1 17",0.0
"3r2k1/2q2ppp/8/7R/2P1p1b1/1P6/2QPPPP1/4KB2 w - - 1 23",0.0
"6k1/2q2ppp/8/1R6/2P1p1b1/1PQ5/r2PPPP1/4KB2 w - - 5 25",0.0
"6k1/5qpp/8/2P2pR1/4p1b1/1PQ5/r2PPPP1/4KB2 w - - 1 27",0.0
"7k/4q1pp/8/1PP5/3Qp1p1/8/2rPPPP1/4KB2 w - - 1 31",0.0
"7k/4q1pp/1Pr5/8/3Qp1p1/8/3PPPP1/3K1B2 w - - 1 33",0.0
"1q5k/1Pr3pp/8/8/4Q1p1/4P3/3PKPP1/5B2 w - - 1 37",0.0
"q6k/6pp/8/8/3P2p1/4P3/r4PP1/1QK2B2 w - - 6 41",0.0
"7k/6pp/8/8/3P2p1/3QP3/4Brq1/2K5 w - - 0 43",0.0
"7k/6pp/3K4/3P4/4P1p1/3q4/8/8 w - - 0 57",0.0
"7k/6pp/3KP3/3P4/8/3q4/6p1/8 w - - 0 59",0.0
"7k/2K1P1pp/3P4/7q/8/8/8/6q1 w - - 0 63",0.0
"rnbq1rk1/pppp1p1p/3bp2R/8/2P3n1/2N5/PP1PPPP1/R1BQKBN1 w Q - 1 7",1.0
"r1bq1rk1/pppp3p/2n1p3/2b2p1R/2P5/2N1P3/PPQP1KP1/R1B2BN1 w - - 1 11",1.0
"r1bq1rk1/1ppp3p/4p3/p1b2p1R/1nP5/2N1P1P1/PP1P1K2/R1BQ1BN1 w - - 0 13",1.0
"r1bq1rk1/2ppb2p/1p2p3/p4p1R/1nPP4/2N1PNP1/PP3K2/R1BQ1B2 w - - 0 15",1.0
"r1b1qrk1/2ppb2p/np2p2R/p4p2/2PP4/P1N1PNP1/1P3K2/R1BQ1B2 w - - 3 17",1.0
"r1b2rk1/2ppq2p/np1bp2R/p4pN1/2PP4/P1NBP1P1/1P3K2/R1BQ4 w - - 7 19",1.0
"r1b1qk2/2pp4/np2p3/p4p2/2PP3Q/P1NBB1P1/1P3K2/R7 w - - 0 25",1.0
"r4k2/1bpp4/np2p1q1/p4p2/2PP2PQ/P1NBB3/1P6/R5K1 w - - 1 27",1.0
"r7/1b1p2k1/np2p3/p1p2pP1/2PP4/P1NBB3/1P6/5RK1 w - - 0 31",1.0
"8/1b1p2k1/n3p3/p1B2pP1/N1P4K/P2B4/1P1r4/5R2 w - - 1 37",1.0
"8/1b1p4/4p1k1/p4pP1/nPP5/P7/7K/1B3R2 w - - 1 41",1.0
"8/1b6/4p1k1/2P2pP1/1P1p4/2n5/2B4K/6R1 w - - 0 45",1.0
"8/1b6/4p1k1/2P3P1/1P1pp3/8/7K/6R1 w - - 0 47",1.0
"b7/8/2P1p1k1/1P4P1/4p3/3p4/7K/6R1 w - - 1 49",1.0
"8/1bP5/1P2p1k1/6P1/8/3pp3/7K/6R1 w - - 0 51",1.0
"2b5/8/1P2p1k1/6P1/8/4p1K1/3p4/6R1 w - - 0 53",1.0
"8/1b6/1P6/4p1k1/8/4K3/8/2R5 w - - 2 57",1.0
"8/8/1P4k1/7R/8/4K3/6b1/8 w - - 3 61",1.0
"8/R7/1Pb5/5k2/8/4K3/8/8 w - - 7 63",1.0
"8/R7/1P2k3/2K5/8/8/8/7b w - - 11 65",1.0
"8/1R6/8/2K1k3/8/8/8/8 w - - 1 67",1.0
"8/4R3/8/2K2k2/8/8/8/8 w - - 5 69",1.0
"8/3R4/8/3K4/8/5k2/8/8 w - - 9 71",1.0
"8/5R2/8/8/3K2k1/8/8/8 w - - 13 73",1.0
"8/6R1/7k/4K3/8/8/8/8 w - - 17 75",1.0
"8/6R1/8/5K2/7k/8/8/8 w - - 21 77",1.0
"8/8/8/8/5KR1/8/7k/8 w - - 25 79",1.0
"8/8/8/8/8/4K1R1/7k/8 w - - 29 81",1.0
"r1bqkbn1/ppp1ppp1/2n5/3p4/2B5/4PN1r/PPPP1P1P/RNBQ1RK1 w q - 0 7",0.5
"r3kbn1/ppp1ppp1/2nq4/3p1b2/8/2N1PN1r/PPPPBP1P/R1BQ1RK1 w q - 4 9",0.5
"2kr1bn1/ppp1ppp1/2n3q1/1N1p1b2/8/4PN1r/PPPPBP1P/R1BQ1R1K w - - 8 11",0.5
"2kr1b2/ppp1ppp1/6qn/3p1b2/3N4/4P2r/PPPPBP1P/R1BQ1R1K w - - 1 13",0.5
"2kr1b2/ppp2pp1/3q3n/3pp3/3Nb3/4P1P1/PPPPBP2/R1BQ2K1 w - - 0 17",0.5
"1k3b2/Npp2pp1/7r/3p4/3P4/5PP1/PPb1B3/R5K1 w - - 0 25",0.5
"1k3b2/Nppb1pp1/7r/3p4/3P2P1/5P2/PP2B3/2R3K1 w - - 1 27",0.5
"8/kp3R2/6p1/3p4/3P2P1/3b1PK1/PP2r3/8 w - - 0 37",0.5
"8/kp1R4/6p1/3p4/P1bP2P1/5PK1/1r6/8 w - - 2 39",0.5
"8/1p1R4/6p1/k2p2P1/P1bP1K2/5P2/1r6/8 w - - 3 41",0.5
"8/1p6/3R2p1/k2pK1P1/P1bP4/3r1P2/8/8 w - - 7 43",0.5
"8/1p6/3R1Kp1/k2p2P1/P1bPrP2/8/8/8 w - - 3 45",0.5
"8/1p6/3R1KP1/3p1p2/k1bPr3/8/8/8 w - - 0 47",0.5
"3R4/1p4P1/5K2/3p4/k1bP1pr1/8/8/8 w - - 0 49",0.5
"8/1p6/5K2/3p4/1kbP4/8/5p2/6R1 w - - 0 53",0.5
"r1bq1b1r/p1pp1kp1/1pn2n2/8/5R1p/4P3/PPPPB1PP/RNBQ2K1 w - - 1 9",0.0
"r1bqk3/p1pp2p1/1pnb1n2/8/2BP1R2/2N1P2r/PPP4P/R1BQ2K1 w - - 2 13",0.0
"r1b1k3/p1ppq1p1/1pnb1n2/7r/2BP4/2N1P3/PPP2R1P/R1B2QK1 w - - 6 15",0.0
"r1bk4/p1ppq1p1/1p1b4/3P2r1/1nB3n1/2N1P3/PPP1R2P/R1BQ3K w - - 7 19",0.0
"r2k4/p1ppq1p1/np1b4/3P2r1/6n1/P1N1P3/1PP1R2P/R1BQ3K w - - 0 21",0.0
"r2k4/p1ppq1p1/np6/3P2r1/1P4n1/P1b1P3/2P1R2P/R1B1Q2K w - - 0 23",0.0
"r3k3/p2p2p1/np3b2/2p5/1PP5/P3P3/7P/2B3K1 w - - 0 31",0.0
"r3k3/2np2p1/1p3b2/p1p5/1PP5/P3P2P/3B4/6K1 w - - 0 33",0.0
"4k3/3p2p1/1p1B4/1n6/2rbP2P/8/8/7K w - - 1 39",0.0
"4k3/3p2p1/1p6/1nb3B1/4r2P/8/8/7K w - - 0 41",0.0
"4k3/6p1/1p1b4/6B1/3pr2P/2n2K2/8/8 w - - 2 45",0.0
"4k3/6p1/3b4/6BP/1p1pr3/2n5/5K2/8 w - - 0 47",0.0
"4k3/8/3b3B/8/3pr3/1pn5/5K2/8 w - - 0 49",0.0
"4k3/8/3b4/8/3p4/1pn2K2/2r5/2B5 w - - 4 51",0.0
"4k3/8/8/8/3p1K2/1pn5/4r3/8 w - - 1 53",0.0
"4k3/8/8/8/7K/1pn5/3pr3/8 w - - 0 55",0.0
"4k3/8/8/8/6K1/2n5/1p2r3/3q4 w - - 0 57",0.0
"r2qkb2/p1pppp2/b1p3p1/7r/4N3/3PP2p/PPP2PPP/R1BQ1RK1 w q - 0 11",1.0
"rq2kb2/p1pppp1Q/b1p3p1/3r4/4N1P1/3PP3/PPP2P1P/R1B2RK1 w q - 3 15",1.0
"rq2kb2/p1pppp1Q/b1p3p1/3r4/4N1P1/P2PP3/1PP2P1P/R1BR2K1 w q - 3 17",1.0
"rq2kb2/p1pppp1Q/b5p1/3r4/1Pp1N1P1/P2PP3/2P2P1P/R1BR2K1 w q - 0 19",1.0
"r3kb2/p1pppp1Q/q5p1/3r4/1Pp3P1/P2PP3/2P2P1P/R1BR2K1 w q - 0 21",1.0
"r3kb2/p1pppp2/4q1p1/1r6/1Pp1P1PQ/P2P4/2P2P1P/R1BR2K1 w q - 3 23",1.0
"r3k3/p1pppp2/4qbp1/1r6/1Pp1PBPQ/P2P4/2P2P1P/1R1R2K1 w q - 7 25",1.0
"r3k3/p1pppp2/4q1p1/1r2b1P1/1P2PB1Q/P2R4/2P2P1P/1R4K1 w q - 1 27",1.0
"1k1r4/R1pppp2/6p1/4r1P1/1P2P2Q/1P6/5P1P/6K1 w - - 1 33",1.0
"1k1r4/2p1pp2/6p1/3P1rP1/1P5Q/1P6/5P1P/R5K1 w - - 1 35",1.0
"1k1r4/2p1Rp2/6p1/6P1/1P1r3Q/1P6/5P1P/6K1 w - - 1 37",1.0
"1k1r4/2prRp2/6p1/6P1/1P6/1P4Q1/5PKP/8 w - - 5 39",1.0
"1k1r4/2p2p2/6p1/1P4P1/8/1P4Q1/5PKP/3rR3 w - - 1 41",1.0
"1k6/5R2/1P4p1/6P1/8/1P4P1/5PK1/8 w - - 1 47",1.0
"8/1k6/1P4R1/6P1/8/1P4P1/5PK1/8 w - - 1 49",1.0
"8/8/1P1R2P1/1k6/8/1P4P1/5PK1/8 w - - 1 51",1.0
"8/1P6/3R2P1/8/1k6/6P1/5PK1/8 w - - 0 53",1.0
"1Q6/8/3R2P1/8/5P2/2k3P1/6K1/8 w - - 1 55",1.0
"8/2Q5/1R4P1/8/k4P2/6P1/6K1/8 w - - 5 57",1.0
"r1bqk2r/1pppbppp/2n1pn2/pN6/8/4P3/PPPPBPPP/RNBQ1RK1 w kq - 4 7",0.0
"r1bq1rk1/1pppbppp/4pn2/pN6/1n1P4/2N1P3/PPP1BPPP/R1BQ1RK1 w - - 3 9",0.0
"r1bq1rk1/3pbppp/2p2n2/pp1p4/3P4/P1NQP3/1PP1BPPP/R1B2RK1 w - - 0 13",0.0
"r1b2rk1/2q1bppp/2pp1n2/pp1p4/3P1P2/P1NQP3/1PPBB1PP/R4RK1 w - - 0 15",0.0
"r4rk1/2q1bp1p/2ppb1p1/pp6/3PQP2/P2B4/1PPB2PP/R4RK1 w - - 0 19",0.0
"r4rk1/2q2p1p/2pp2p1/pp1b4/3PQP1b/P2B4/1PPBR1PP/R5K1 w - - 4 21",0.0
"r4rk1/3q1p1p/2pp2p1/pp6/2bPBP1b/P3Q3/1PPBR1PP/R5K1 w - - 8 23",0.0
"r4rk1/3q3p/2pp1bp1/pp6/2bPB3/P3Q3/1PPBR1PP/R5K1 w - - 2 27",0.0
"4rrk1/3q3p/2p2bp1/pp1p4/2bP4/P2BQ3/1PPB1RPP/R5K1 w - - 2 29",0.0
"4r1k1/7p/2p2R2/pp1p2p1/3P2q1/P2P4/1P1B2PP/R5K1 w - - 1 33",0.0
"6k1/7p/2p2R2/pp1p2p1/3P4/P1BP2Pq/1P2r2P/R5K1 w - - 1 35",0.0
"6k1/8/2p5/Bp1p3K/3P4/P2P2q1/1P5p/4R3 w - - 0 43",0.0
"8/5k2/2p5/Bp1p3K/3P4/P2q4/1P5p/4R3 w - - 0 45",0.0
"3B4/5k2/2p5/1p1p3K/3q4/P7/1P6/8 w - - 0 51",0.0
"8/5k2/2p5/1p1p4/6KB/P7/1q6/8 w - - 0 53",0.0
"8/8/2p1k3/1p6/3p1BK1/P7/1q6/8 w - - 0 55",0.0
"rn2kb1r/1p2pp2/4bqp1/1Ppp3p/8/2NQ1N2/P2PPPPP/R3KB1R w KQkq - 2 11",0.0
"r3kb1r/1p1npp2/4bqp1/1P1p3p/P1p4P/2NQ1N2/3PPPP1/R3KB1R w KQkq - 0 13",0.0
"r4rk1/1p1npp2/4bqpb/1P1p3p/PQp4P/2N2N2/3PPPP1/R3KB1R w KQ - 4 15",0.0
"r4rk1/1p1npp2/4b1pb/PP5p/1QppNq1P/5N2/3PPPP1/R3KB1R w KQ - 2 17",0.0
"r4rk1/3npp2/1p2b1p1/PP4Pp/1Qpp1q2/5N2/3PPPP1/R3KB1R w KQ - 0 19",0.0
"r3r1k1/3nQp2/Pp2b1p1/1P4Pp/2p2q2/3p1N2/3PPPP1/R3KB1R w KQ - 1 21",0.0
"r5k1/3nrp2/Pp4p1/1P1b2Pp/2p2P2/3p1N2/3PPP2/R3KB1R w KQ - 1 23",0.0
"r5k1/3n1p2/Pp4p1/1P1b2Pp/2p1rP2/5N1R/3PBP2/R3K3 w Q - 1 25",0.0
"4r1k1/3n1p2/Pp4p1/1P1b1PPp/2p3r1/7R/3PBP2/R3K1N1 w Q - 3 27",0.0
"4r1k1/3n1p2/Pp4p1/1P3PPp/2p3r1/7R/3PbP2/2KR4 w - - 0 29",0.0
"6k1/3n4/Pp4p1/1P4rp/2p5/4Pb2/3P4/2K1R3 w - - 0 33",0.0
"6k1/8/Pp4p1/1Pn3rp/2p1bR2/4P3/3P4/2K5 w - - 4 35",0.0
"6k1/8/Pp4p1/1P5p/2p4R/1n1bP3/3P2r1/3K4 w - - 12 39",0.0
"6k1/8/Pp4p1/1P5p/2p4R/1n1bP3/3P1r2/3K4 w - - 16 41",0.0
"6k1/8/Pp4p1/1P5p/5R2/1npbP3/3r4/4K3 w - - 0 43",0.0
"r5k1/8/1p4p1/1P5p/5R2/1n1bP3/2p5/4K3 w - - 0 47",0.0
"r5k1/8/1p4p1/1P5p/5R2/1n1bq3/6K1/8 w - - 0 49",0.0
"r1bqkb1r/ppp2ppp/2n2n2/4p3/8/3BpN2/PPPPNPPP/R1BQ1RK1 w kq - 0 7",1.0
"r1bq1rk1/ppp2ppp/2n2n2/2b1p3/8/2NBPN2/PPP2PPP/R1BQ1RK1 w - - 1 9",1.0
"r1bq1rk1/1pp2ppp/2nb1n2/p3p3/8/2NBPN2/PPP2PPP/R1BQ1RK1 w - - 0 11",1.0
"r4rk1/1pp1qppp/2nbbn2/p3p3/P3P3/2NB1N2/1PP2PPP/R1BQ1RK1 w - - 1 13",1.0
"r2r2k1/1pp1qppp/2n1bn2/p1b1p3/P3P3/2NBBN2/1PPQ1PPP/R4RK1 w - - 5 15",1.0
"r2r2k1/1pp2ppp/4qn2/p1b1p3/P2nP3/2NBB3/1PPQ1PPP/R4RK1 w - - 0 17",1.0
"r5k1/1pp2ppp/3r1n2/p1b1p1B1/P2nP1q1/2NB4/1PPQ1PPP/R4R1K w - - 4 19",1.0
"r5k1/1ppq1ppp/5r2/p1b1p3/P2nP3/2NB3P/1PPQ1PP1/R4R1K w - - 0 21",1.0
"r5k1/2pq1ppp/1p4r1/p1bNp3/P2nP3/2QB3P/1PP2PP1/R4R1K w - - 0 23",1.0
"r5k1/2pq1ppp/1p6/p1b3r1/P2nPN2/2QB3P/1PP3P1/R4R1K w - - 1 25",1.0
"r5k1/3q1ppp/1pp3r1/p1bN4/P2nP3/3B3P/1PPQ2P1/R4R1K w - - 0 27",1.0
"6k1/5ppp/1pp1nbr1/p4N2/P1B1P3/7P/1PP3P1/5R1K w - - 2 33",1.0
"6k1/5ppp/2pNn1r1/pp2P1b1/P1B5/7P/1PP3P1/5R1K w - - 0 35",1.0
"6k1/5pp1/4n1p1/pN2b3/8/7P/1PP3P1/5R1K w - - 0 39",1.0
"6k1/6p1/4npp1/1N2b3/p7/2P4P/1P4P1/4R2K w - - 0 41",1.0
"R7/6pk/5pp1/1N2b3/8/2P4P/1n4P1/7K w - - 2 45",1.0
"3R4/6pk/5pp1/1N2b3/8/2P4P/1n4P1/6K1 w - - 6 47",1.0
"8/7k/8/1N4p1/2n5/2P1b2P/6K1/5R2 w - - 0 53",1.0
"8/7k/8/6p1/2nNK3/b1P4P/8/R7 w - - 8 57",1.0
"8/8/8/6pk/2nNK3/b1P4P/8/R7 w - - 12 59",1.0
"8/8/8/6pk/2nNK3/b1P4P/8/R7 w - - 16 61",1.0
"8/8/3nN1k1/6p1/3K4/b1P4P/8/R7 w - - 20 63",1.0
"8/8/R7/5n2/7k/2PK3P/8/8 w - - 3 67",1.0
"8/8/R7/7n/7k/2P2K1P/8/8 w - - 7 69",1.0
"7R/8/5n2/6k1/8/2P2K1P/8/8 w - - 11 71",1.0
"7R/3n4/5k2/8/2P4P/5K2/8/8 w - - 1 73",1.0
"7R/8/5kn1/2P5/7P/8/4K3/8 w - - 1 75",1.0
"8/7R/6k1/2P5/5n1P/8/3K4/8 w - - 5 77",1.0
"8/3R4/1nP3k1/8/7P/8/3K4/8 w - - 3 79",1.0
"8/2P4R/1n4k1/8/7P/8/3K4/8 w - - 3 81",1.0
"2n5/2P5/8/7k/3R3P/8/3K4/8 w - - 7 83",1.0
"5R2/2P1n3/8/8/6kP/8/3K4/8 w - - 11 85",1.0
"8/2P1R3/5k2/8/7P/8/3K4/8 w - - 1 87",1.0
"2Q5/3R4/6k1/8/7P/8/3K4/8 w - - 1 89",1.0
"8/4R3/6k1/2Q5/7P/8/3K4/8 w - - 5 91",1.0
"r1bq1b2/ppp1pkp1/2n2n1r/3p4/7p/4P3/PPPPBPPP/RNBQ1RK1 w - - 2 9",1.0
"r1bq1bk1/ppp1p1p1/2n2nr1/3p4/3PP2p/8/PPP1BPPP/RNBQ1RK1 w - - 1 11",1.0
"r1bq1bk1/ppp1p1p1/2n3r1/3pP3/3Pn3/6Pp/PPP1BP1P/RNBQ1RK1 w - - 1 13",1.0
"r1bq1bk1/ppp1p1p1/2n1r3/3pP2B/3P4/2P2PPp/PP6/RNBQ1RK1 w - - 1 17",1.0
"r2q1bk1/pppbp1p1/4r3/n2pP2B/3P4/N1PQ1PPp/PP6/R1B2RK1 w - - 5 19",1.0
"r2q1b1k/p1pbp1p1/4r3/1p2P2B/1P1P4/1QP2PPp/P7/R1B2RK1 w - - 2 23",1.0
"4bbk1/2p1p1p1/6r1/rp2P3/3P2B1/2P2PPK/P7/R1B2R2 w - - 0 29",1.0
"4bbk1/2p3p1/r3p3/rp2P3/3P2B1/P1P2PP1/6K1/R1B2R2 w - - 0 31",1.0
"6k1/2pbb1p1/r3p3/rp2P3/3P2B1/P1P2PP1/R5K1/R1B5 w - - 4 33",1.0
"6k1/2pbb3/r3p3/1p1PP1p1/r4BB1/P1P2PP1/R5K1/R7 w - - 0 35",1.0
"6k1/2pbb3/r7/1p1pP1p1/6P1/P1P1B1P1/R5K1/R7 w - - 0 37",1.0
"6k1/3bb3/2p5/1p1pP1p1/r5P1/P1P1B1PK/R7/3R4 w - - 2 39",1.0
"r5k1/3bb3/2p5/1p1pP1p1/3R2P1/P1P1B1PK/8/R7 w - - 6 41",1.0
"r7/3bb3/2p3k1/1p1pP1p1/3R2P1/P1P1B1PK/8/R7 w - - 10 43",1.0
"4b3/8/2p1P1k1/1p1p2p1/r5P1/2P1R1PK/8/R7 w - - 1 47",1.0
"4b3/8/2p1P1k1/1p4p1/4p1P1/2P3PK/8/5R2 w - - 0 49",1.0
"8/8/2k5/6p1/6P1/5RPK/8/8 w - - 3 59",1.0
"8/8/4k3/6R1/6P1/6PK/8/8 w - - 1 61",1.0
"8/8/4k3/5RP1/8/6PK/8/8 w - - 1 63",1.0
"8/6P1/8/8/4k3/6PK/8/8 w - - 1 65",1.0
"6Q1/8/8/4k3/6P1/7K/8/8 w - - 1 67",1.0
"6Q1/8/6P1/6k1/8/7K/8/8 w - - 1 69",1.0
"8/6PQ/8/4k3/8/7K/8/8 w - - 1 71",1.0
"6Q1/2k5/8/8/4Q3/7K/8/8 w - - 3 73",1.0
"8/5Q2/8/k7/2Q5/7K/8/8 w - - 7 75",1.0
"rnbqkb1r/pp2ppp1/2p2n2/1B1p4/8/4PN1P/PPPP1P1P/RNBQ1RK1 w kq - 0 7",0.0
"rnb1kb2/pp2ppp1/2pq1n2/3p4/3N4/3BP2r/PPPP1P1P/RNBQ1RK1 w q - 2 9",0.0
"r2qkbnr/p3pppp/1pp5/8/2p5/4P3/PPPP1PPP/RNBQ1RK1 w kq - 0 9",1.0
"r2qkb1r/p3pppp/2p2n2/1p6/2p3Q1/2N1P3/PPPP1PPP/R1B2RK1 w kq - 2 11",1.0
"r3kb1r/p3pppp/2p2n2/1pq5/2p5/P1N1PQ2/1PPP1PPP/R1B2RK1 w kq - 1 13",1.0
"3rkb1r/p3pppp/2p2n2/1pq5/8/PPN1PQ2/3P1PPP/R1B2RK1 w k - 1 15",1.0
"3rkb1r/p3pp1p/2p2np1/1p3Q2/1Pq5/P1N1P3/3P1PPP/R1B2RK1 w k - 0 17",1.0
"3rkb1r/4pp2/p1p2np1/1p2Q2p/1Pq5/P1N1P3/3P1PPP/R1B1R1K1 w k - 0 19",1.0
"3rkb2/4pp2/p1p3p1/1p2Q3/1PqP2n1/P1N1P2r/1B2RP1P/R5K1 w - - 1 23",1.0
"3rkb2/4pp2/p1p3p1/1pP5/1P6/P1N1P2r/1B2RP1n/R5K1 w - - 0 25",1.0
"3r1b2/5k2/p1p3n1/1pP4p/1P2PP2/P7/4RK2/R7 w - - 1 33",1.0
"5b2/5k2/p1p5/1pP4p/1P2Pn2/P2rRK2/8/R7 w - - 0 35",1.0
"5b2/8/p1p1k3/1pP4p/1P2P3/P2n1K2/8/5R2 w - - 0 37",1.0
"8/8/p1p1k3/1pP1n2p/4P3/P3K3/8/5R2 w - - 1 39",1.0
"8/8/p1p1k1n1/1pP2R2/3KP2p/P7/8/8 w - - 2 41",1.0
"8/8/p1p1k1n1/1pP4R/3KP2p/P7/8/8 w - - 6 43",1.0
"8/6k1/p1p3nR/1pP1P3/3K3p/P7/8/8 w - - 1 45",1.0
"8/8/2p1Pkn1/ppP4R/3K3p/P7/8/8 w - - 1 47",1.0
"8/8/2p1P2R/ppP2k2/5n1p/P1K5/8/8 w - - 5 49",1.0
"8/7R/2p5/p1Pn1k2/1p1K4/P7/8/8 w - - 2 53",1.0
"8/5R2/2p5/2Pn2k1/1p1K4/8/8/8 w - - 0 55",1.0
"8/R7/2p5/2Pn2k1/1pK5/8/8/8 w - - 4 57",1.0
"8/4n3/R1p2k2/2P5/1p1K4/8/8/8 w - - 8 59",1.0
"8/8/2p1k3/2P2n2/1R6/5K2/8/8 w - - 13 67",1.0
"8/8/2p1k3/2P2n2/1R6/5K2/8/8 w - - 17 69",1.0
"8/8/2p1k3/2P2n2/1R6/5K2/8/8 w - - 21 71",1.0
"8/8/2p1k3/2Pn4/1R2K3/8/8/8 w - - 25 73",1.0
"8/1R6/2p1k3/2Pn4/3K4/8/8/8 w - - 29 75",1.0
"8/1R6/2p1k3/2Pn4/3K4/8/8/8 w - - 33 77",1.0
"8/1R6/2p1k3/2Pn4/3K4/8/8/8 w - - 37 79",1.0
"8/1R6/2p1k3/2Pn4/3K4/8/8/8 w - - 41 81",1.0
"8/1R6/2p1k3/2Pn4/3K4/8/8/8 w - - 45 83",1.0
"8/1R6/2p1k3/2Pn4/3K4/8/8/8 w - - 49 85",1.0
"8/1R6/2p1k3/2Pn4/3K4/8/8/8 w - - 53 87",1.0
"8/1R6/2p1k3/2Pn4/3K4/8/8/8 w - - 57 89",1.0
"8/1R6/2p1k3/2Pn4/3K4/8/8/8 w - - 61 91",1.0
"8/1R6/2p1k3/2Pn4/3K4/8/8/8 w - - 65 93",1.0
"8/3R4/2p5/2P2k2/1n1K4/8/8/8 w - - 69 95",1.0
"8/8/2R5/1KP1k3/8/4n3/8/8 w - - 3 99",1.0
"8/8/2P4R/1K1n4/3k4/8/8/8 w - - 1 101",1.0
"8/8/2P5/1K1k4/8/8/8/8 w - - 0 103",1.0
"2Q5/8/5k2/1K6/8/8/8/8 w - - 1 105",1.0
"8/8/5k2/8/2K3Q1/8/8/8 w - - 5 107",1.0
"8/8/5k2/8/3KQ3/8/8/8 w - - 9 109",1.0
"8/8/8/4Q3/6k1/2K5/8/8 w - - 13 111",1.0
"8/8/8/3KQ3/6k1/8/8/8 w - - 17 113",1.0
"8/8/8/6Q1/4K3/8/7k/8 w - - 21 115",1.0
"r1b1kb1r/ppqppppp/5n2/2p5/2Q5/2N1PN2/PPPP1PPP/R1B1K2R w KQkq - 3 7",1.0
"r1b1kb1r/pp2pppp/2q2n2/1Npp4/2Q5/4PN2/PPPP1PPP/R1B2RK1 w kq - 0 9",1.0
"r3kb1r/1p2p2p/5pp1/pqn1Q3/8/4PN2/PP3PPP/R1B2RK1 w kq - 0 17",1.0
"r3kb1r/1pQ1p2p/2q2pp1/p7/4n3/4PN2/PP3PPP/R1B2RK1 w kq - 4 19",1.0
"r3k2r/1p5p/2N2pp1/p7/5P2/8/PP3nPP/R1B2RK1 w kq - 0 23",1.0
"r4k1r/7p/2p2pp1/p7/5P2/8/PP3KPP/R1B1R3 w - - 0 25",1.0
"r3r3/5k1p/2p2pp1/p7/P4P2/8/1P2RKPP/R1B5 w - - 3 27",1.0
"r7/5k1p/2p3p1/p4p2/P3rP2/8/1P1BRKPP/R7 w - - 0 29",1.0
"1r6/5k1p/2p3p1/p4p2/P3rP2/1P2B3/4RKPP/R7 w - - 1 31",1.0
"4r3/5k1p/6p1/p1p2p2/P3rP2/RP2B1P1/4RK1P/8 w - - 0 33",1.0
"8/6k1/2r3p1/5p1p/PB3P1P/6P1/R4K2/8 w - - 3 41",1.0
"8/2r3k1/6p1/P4p1p/5P1P/6P1/R2B1K2/8 w - - 3 43",1.0
"2r5/P7/6pk/5p1p/5P1P/6P1/R2B1K2/8 w - - 1 45",1.0
"R7/6k1/6p1/5p1p/5P1P/6P1/3B1K2/8 w - - 1 47",1.0
"8/8/3k4/7R/5P1P/2B3P1/5K2/8 w - - 1 53",1.0
"8/7R/3k4/5P2/7P/2B3P1/5K2/8 w - - 3 55",1.0
"8/7R/8/5P1P/4k3/6P1/1B3K2/8 w - - 1 57",1.0
"8/5R2/7P/5P2/8/6P1/1Bk2K2/8 w - - 1 59",1.0
"8/5R1P/8/4BP2/2k5/6P1/5K2/8 w - - 1 61",1.0
"7Q/5R2/8/4BP2/2k3P1/8/5K2/8 w - - 1 63",1.0
"3Q4/2R5/8/4BP2/1k4P1/8/5K2/8 w - - 5 65",1.0
"r1b1kb1r/ppqppppp/5n2/4n3/P2N3P/2N5/1PP1PPP1/R1BQKB1R w KQkq - 1 7",1.0
"r3kb1r/ppq1pppp/3p1n2/4n3/P2N2bP/2N5/1PP1PPP1/R1BQKB1R w KQkq - 2 9",1.0
"r3kb1r/pp1bpppp/3p1n2/4n3/P1qN3P/2N1B3/1PPQPPP1/R3KB1R w KQkq - 6 11",1.0
"r3kb1r/pp1bpppp/q1np1n2/8/P2N1P1P/1PN1B3/2PQP1P1/R3KB1R w KQkq - 1 13",1.0
"r3kb1r/pp1bppp1/q2p1n2/7p/P2B1P1P/1PN5/2PQP1P1/2KR1B1R w kq - 0 15",1.0
"r3kb1r/pp1bppp1/3p1n2/7p/PqBBPP1P/1PN5/2PQ2P1/2KR3R w kq - 3 17",1.0
"3R3r/Q3pkb1/1Bb2pp1/7p/N1P4P/8/2P3P1/1K4R1 w - - 3 29",1.0
"5r1k/Q5R1/1Bb2pp1/7p/N1P4P/8/2P3P1/1K6 w - - 3 33",1.0
"r1bq1rk1/pp1p1ppp/4pn2/4p3/8/3BP3/PPPP1PPP/R1BQ1RK1 w - - 0 9",0.0
"r1bq1rk1/pp3ppp/4pn2/3p4/4p3/3BP1Q1/PPPP1PPP/R1B2RK1 w - - 0 11",0.0
"2rq1rk1/pp1b1ppp/4pn2/3p4/3Pp3/4P1Q1/PPP1BPPP/R1B2RK1 w - - 1 13",0.0
"5rk1/pprb1ppp/4pn2/3p4/3Pp3/2P1P3/PP2BPPP/R1B2RK1 w - - 0 15",0.0
"r5k1/1prb1ppp/4pn2/p2p4/P2Pp3/2P1P3/1P1BBPPP/R4RK1 w - - 2 17",0.0
"r5k1/r2b1p1p/1R2pn2/3p2p1/P2Pp3/2P1P3/3BBPPP/R5K1 w - - 0 21",0.0
"6k1/1R1b1p1p/4pn2/3p2p1/r2Pp3/2P1P3/3BBPPP/6K1 w - - 3 25",0.0
"6k1/3b1p1p/4pn2/3p4/3Pp2p/2P1P3/r2BBPP1/1R4K1 w - - 0 27",0.0
"4n1k1/1R3p1p/2b1p3/3p4/3Pp2p/2P1P3/r2BBPP1/6K1 w - - 4 29",0.0
"4n3/5k1p/2b1p3/3p4/3Pp2p/2P1P3/r2BBPP1/6K1 w - - 0 31",0.0
"6k1/7p/2b1pn2/3p3B/3Pp2p/2P1P3/r4PP1/4B1K1 w - - 4 33",0.0
"6k1/8/2b1p3/3P1n1p/3Pp3/4P2K/5PP1/4r3 w - - 0 39",0.0
"6k1/8/4p3/3b1n2/3Pp1K1/4P3/5P2/4r3 w - - 0 41",0.0
"6k1/8/4p3/3b4/3P4/4pP2/2n3K1/1r6 w - - 1 47",0.0
"6k1/8/4p3/3b4/3P1P2/7K/2n5/1r2q3 w - - 0 49",0.0
